[
    {
        "English Sentences": "Now it came to pass in the days of Ahasuerus, (this is Ahasuerus which reigned, from India even unto Ethiopia, over an hundred and seven and twenty provinces:)",
        "Wolaitta Sentences": "Hagee Kawoi Arxxekssiisi Hindde biittaappe Toophphiyaa biittaa gakkanaashin de7iya, xeetanne laatamanne laappun biittata haariyo wode hanidabaa."
    },
    {
        "English Sentences": "That in those days, when the king Ahasuerus sat on the throne of his kingdom, which was in Shushan the palace,",
        "Wolaitta Sentences": "I uttidi haariyo waanna katamai Suusa geetettees."
    },
    {
        "English Sentences": "In the third year of his reign, he made a feast unto all his princes and his servants; the power of Persia and Media, the nobles and princes of the provinces, being before him:",
        "Wolaitta Sentences": "I kawotido heezzantto laittan, baappe garssaara haariyaageetussinne biittaa aissiyaageetussi gita gibiraa giigissiis. He gibiraa sohuwan Meedoonanne Parsse biittaa ola gadaawati, biittaa halaqatinne aissiyaageeti beettidosona."
    },
    {
        "English Sentences": "When he shewed the riches of his glorious kingdom and the honour of his excellent majesty many days, even an hundred and fourscore days.",
        "Wolaitta Sentences": "Kawoi issi xeetanne hosppun tammu gallassaa kumettaa ba kawotettaa duretettaanne ba bonchcho anggaa ubbaa eta bessiis."
    },
    {
        "English Sentences": "And when these days were expired, the king made a feast unto all the people that were present in Shushan the palace, both unto great and small, seven days, in the court of the garden of the king's palace;",
        "Wolaitta Sentences": "He gallassatuppe guyyiyan, kawoi qassikka hara laappun gallassau gam77iya gibiraa, Suusa kataman, duriyaappe manqquwaa gakkanaashin de7iya asa ubbaassi giigissiis. He gibirai kawo keettaa ataakilttiyaa sohuwan giigiis."
    },
    {
        "English Sentences": "Where were white, green, and blue, hangings, fastened with cords of fine linen and purple to silver rings and pillars of marble: the beds were of gold and silver, upon a pavement of red, and blue, and white, and black, marble.",
        "Wolaitta Sentences": "He sohuwan de7iya dabaabai, liinuwaappe dadettida boottanne salo milatiya magalashotun puulatti uttiis. Magalashotikka ochcha teera milatiya lo77o liinuwaa baqettan aattin, ibinabarade giyo shuchchaappe oosettida dizggiyaa bollan de7iya bira migidotun kaqetti uttidosona. Qassi worqqaappenne biraappe oosettida arssati, dumma dumma merai de7iyo al77o shuchchatuppenne inqqotuppe oosettida baasuwan maaran yegetti uttidosona."
    },
    {
        "English Sentences": "And they gave them drink in vessels of gold, (the vessels being diverse one from another,) and royal wine in abundance, according to the state of the king.",
        "Wolaitta Sentences": "Issoi issuwaappe dumma gidida worqqa burccukkuwan woine eessai asa ubbaassi imettees; kawoikka daro keha gidido gishshau, woine eessaassi zawi baawa."
    },
    {
        "English Sentences": "And the drinking was according to the law; none did compel: for so the king had appointed to all the officers of his house, that they should do according to every man's pleasure.",
        "Wolaitta Sentences": "SHin issi issi asi ba koyoogaa keenaa uyees; hegaa kawoi kasetidi, ba ashkkaratussi odi wottiis."
    },
    {
        "English Sentences": "Also Vashti the queen made a feast for the women in the royal house which belonged to king Ahasuerus.",
        "Wolaitta Sentences": "He wode Kawiyaa Asxxiinakka maccaasa ubbaassi gibiraa kawuwaa keettan giigissaasu."
    },
    {
        "English Sentences": "On the seventh day, when the heart of the king was merry with wine, he commanded Mehuman, Biztha, Harbona, Bigtha, and Abagtha, Zethar, and Carcas, the seven chamberlains that served in the presence of Ahasuerus the king,",
        "Wolaitta Sentences": "Gibirai doomettido laappuntta gallassi, Kawoi Arxxekssiisi woiniyaa eessaa alidi ufaittido wode, ba ashkkarata Mahumaana, Biztta, Harbboona, Biigita, Abaagita, Zetaaranne Karkkaasa geetettiya laappun mureessata xeegidi,"
    },
    {
        "English Sentences": "To bring Vashti the queen before the king with the crown royal, to shew the people and the princes her beauty: for she was fair to look on.",
        "Wolaitta Sentences": "\"Kawiyo Asxxiino kawotaa kallachchaa goxissidi, haa ekki yiite\" yaagidi azaziis. Aissi giikko, a keehippe puulanchcha gidiyo gishshau, halaqatinne asai ubbai o be7ana mala, kawoi koyiis."
    },
    {
        "English Sentences": "But the queen Vashti refused to come at the king's commandment by his chamberlains: therefore was the king very wroth, and his anger burned in him.",
        "Wolaitta Sentences": "SHin kawuwaa azazuwaa mureessati odin, Kawiyaa Asxxiina kawuwaa sinttau yeennan ixxaasu. Hegee kawuwaa hanqquwaa suulissiis."
    },
    {
        "English Sentences": "Then the king said to the wise men, which knew the times, (for so was the king's manner toward all that knew law and judgment:",
        "Wolaitta Sentences": "Hegaa gishshau, kawoi gita maatai de7iyo laappun Parssenne Meedoona sunttata xeesidi gelissiis."
    },
    {
        "English Sentences": "And the next unto him was Carshena, Shethar, Admatha, Tarshish, Meres, Marsena, and Memucan, the seven princes of Persia and Media, which saw the king's face, and which sat the first in the kingdom;)",
        "Wolaitta Sentences": "Eti Karshshaana, SHetaara, Adimaata, Tarsseesa, Mereesa, Marssananne Mamukaana geetettoosona. He asati aadhdhida eranchchanne he biittaa higgiyaanne de7uwaa wogaa minttidi eroosona. Hagaa malabaassi kawoi ubba wodekka eta oichchees."
    },
    {
        "English Sentences": "What shall we do unto the queen Vashti according to law, because she hath not performed the commandment of the king Ahasuerus by the chamberlains?",
        "Wolaitta Sentences": "Kawoi eta, \"Taani, Kawoi Arxxekssiisi, ta mureessatu bolli kiittin, Kawiyaa Asxxiina ta azazuwaa polennan ixxaasu. Hegaa gishshau, higgee odiyo maaran o waatanau bessii?\" yaagidi oichchiis."
    },
    {
        "English Sentences": "And Memucan answered before the king and the princes, Vashti the queen hath not done wrong to the king only, but also to all the princes, and to all the people that are in all the provinces of the king Ahasuerus.",
        "Wolaitta Sentences": "Oichchin etappe issoi, Mamukaani kawuwaa sinttaaninne halaqatu sinttan zaaridi, hagaadan yaagiis; \"Kawiyaa Asxxiina kawuwaa xalaala gidennan de7ishin, a halaqata ubbaanne a kawotettaa giddon de7iya asaa ubbaa naaqqaasu."
    },
    {
        "English Sentences": "For this deed of the queen shall come abroad unto all women, so that they shall despise their husbands in their eyes, when it shall be reported, The king Ahasuerus commanded Vashti the queen to be brought in before him, but she came not.",
        "Wolaitta Sentences": "Aissi giikko, ha kawotettaa giddon de7iya maccaasai ubbai Kawiyaa Asxxiina oottidoogaa siyidi, ba azinaa azinaa karanau doommana. Etikka, Kawoi Arxxekssiisi baakko yaanaadan xeegissin, Kawiyaa Asxxiina ixxabeikkeeyye! yaagana."
    },
    {
        "English Sentences": "Likewise shall the ladies of Persia and Media say this day unto all the king's princes, which have heard of the deed of the queen. Thus shall there arise too much contempt and wrath.",
        "Wolaitta Sentences": "Hegaa xalla gidennan, Parssenne Meedoona halaqatu maccaasati hagaa siyido wode, hachchi awai wullanaashinkka bantta azinata hegaadan giidi karana. Hegan maccaasatuppenne azinatuppe gidduwan ooshshai darana."
    },
    {
        "English Sentences": "If it please the king, let there go a royal commandment from him, and let it be written among the laws of the Persians and the Medes, that it be not altered, That Vashti come no more before king Ahasuerus; and let the king give her royal estate unto another that is better than she.",
        "Wolaitta Sentences": "\"Hegaa gishshau kawuwau, neeni dosikko, Kawiyaa Asxxiina naa77antto ne sintti aadhdhennaadan teqqiya awaajuwaa kessa; he awaajoikka naa77antto laamettenna mala, Parssenne Meedoona higgiyaa giddon xaafetto. Hegaappe guyyiyan, a kawiyo gidiyo bonchchuwaa ippe kehiya harannissi imma."
    },
    {
        "English Sentences": "And when the king's decree which he shall make shall be published throughout all his empire, (for it is great,) all the wives shall give to their husbands honour, both to great and small.",
        "Wolaitta Sentences": "Aissi giikko, ha neeni aattido awaajoi ha gita kawotettan ubban odettiyo wode, issi issi maccaasiyaa dure gidin, manqqo gidin, shaakkennan ba azinaa bonchchana\" yaagiis."
    },
    {
        "English Sentences": "And the saying pleased the king and the princes; and the king did according to the word of Memucan:",
        "Wolaitta Sentences": "Yaagin kawoinne a halaqati ha zoriyan ufaittidosona. Hegaa gishshau, Mamukaani giidoogaadan kawoi oottiis."
    },
    {
        "English Sentences": "For he sent letters into all the king's provinces, into every province according to the writing thereof, and to every people after their language, that every man should bear rule in his own house, and that it should be published according to the language of every people.",
        "Wolaitta Sentences": "I ba kawotettaa giddon de7iya dumma dumma biittatussi eta pitaliyaaninne eta qaalan xaafidi, dabddaabbiyaa kiittiis; he awaajoi, issi issi azinai ba keettaa keettaa aissiya halaqa gidiyoogaa odees."
    },
    {
        "English Sentences": "After these things, when the wrath of king Ahasuerus was appeased, he remembered Vashti, and what she had done, and what was decreed against her.",
        "Wolaitta Sentences": "Hegaappe simmin, Kawuwaa Arxxekssiisa hanqqoi dochchiis; dochchin Kawiyaa Asxxiina oottidobaanne ikka i bollan kessido awaajuwaabaa qoppiis."
    },
    {
        "English Sentences": "Then said the king's servants that ministered unto him, Let there be fair young virgins sought for the king:",
        "Wolaitta Sentences": "He wode kawo keettan oottiya ashkkarati a hagaadan yaagidosona; \"Lo77o puulaara de7iya geela7o macca naata koyidi, kawuwaassi ehaana mala,"
    },
    {
        "English Sentences": "And let the king appoint officers in all the provinces of his kingdom, that they may gather together all the fair young virgins unto Shushan the palace, to the house of the women, unto the custody of Hege the king's chamberlain, keeper of the women; and let their things for purification be given them:",
        "Wolaitta Sentences": "ne kawotettaa giddon de7iya biittatu ubban halaqata suntta. Etikka lo77o puulaara de7iya geela7o macca naata dooridi, Suusa katamaa ehiidi, maccaasau giigida keettan wottona. Hegan he maccaasaa keettau halaafe gidiya kawo mureessaa Hegaaya kushiyan eti de7ishin, eta puulaa loittiyaabai ubbai etau imetto."
    },
    {
        "English Sentences": "And let the maiden which pleaseth the king be queen instead of Vashti. And the thing pleased the king; and he did so.",
        "Wolaitta Sentences": "Hegaappe guyyiyan, kawuwaa ubbaappe aadhdhada ufaissiya geela7iyaa Asxxiini sohuwan kawiyo gidu\" yaagidosona. Yaagin ha zoree kawuwaa ufaissido gishshau, kawoi hegaadan oottiis."
    },
    {
        "English Sentences": "Now in Shushan the palace there was a certain Jew, whose name was Mordecai, the son of Jair, the son of Shimei, the son of Kish, a Benjamite;",
        "Wolaitta Sentences": "Hegan Suusa kataman issi Marddikiyoosa giyo Aihuda biittaa asi de7ees. Ikka Yaa7iira na7aa; Yaa7iiri SHim77a na7aa; SHim77i Biniyaama zare gidiya Qiisa na7aa."
    },
    {
        "English Sentences": "Who had been carried away from Jerusalem with the captivity which had been carried away with Jeconiah king of Judah, whom Nebuchadnezzar the king of Babylon had carried away.",
        "Wolaitta Sentences": "Baabiloone Kawoi Naabukadanaxoori Yihudaa Kawuwaa Yo7aakiinanne hara Aihuda asaa olan omooddidi efiido wode, Marddikiyoosi etaara issippe biidaagaa."
    },
    {
        "English Sentences": "And he brought up Hadassah, that is, Esther, his uncle's daughter: for she had neither father nor mother, and the maid was fair and beautiful; whom Mordecai, when her father and mother were dead, took for his own daughter.",
        "Wolaitta Sentences": "Gido shin, i he biittan de7iiddi, ba aawaa ishaa na7iyo, Ibraisxxe qaalan Hadaaso geetettiya Asttiro banaara wottidi dichchees. Asttira merankka qottankka keehi puulanchcha. I aawainne aayyiyaa haiqqoogaappe guyyiyan, Marddikiyoosi o efiidi, ba macca na7iyo oottidi dichchiis."
    },
    {
        "English Sentences": "So it came to pass, when the king's commandment and his decree was heard, and when many maidens were gathered together unto Shushan the palace, to the custody of Hegai, that Esther was brought also unto the king's house, to the custody of Hegai, keeper of the women.",
        "Wolaitta Sentences": "Kawoi kessido awaajuwaanne azazuwaa maaran, Suusa katamaa ehiido doorettida daro geela7otuppe issinna Asttiro. Akka yaada, maccaasau giigida keettaa halaafe gidiya Hegaaya giyoogaa aawatettan uttaasu."
    },
    {
        "English Sentences": "And the maiden pleased him, and she obtained kindness of him; and he speedily gave her her things for purification, with such things as belonged to her, and seven maidens, which were meet to be given her, out of the king's house: and he preferred her and her maids unto the best place of the house of the women.",
        "Wolaitta Sentences": "Hegaayi Asttiro be7ido wode, in keehippe ufaittiis; o dumma xeelliis. Yaatidi sohuwaarakka maanau dumma qumaanne bollaa gorppettiyo tishshaa iyyo immiis. Qassi iyyo oottanau kawo keettaappe doorettida laappun danggiriixeta sunttidi, maccaasau giigida keettan, kifile ubbaappe aadhdhidi lo77iya kifiliyan onne i danggiriixeta efiidi wottiis."
    },
    {
        "English Sentences": "Esther had not shewed her people nor her kindred: for Mordecai had charged her that she should not shew it.",
        "Wolaitta Sentences": "Marddikiyoosi iyyo kasetidi odidoogaadan, Asttira Aihuda asa gidiyoogaa oossinne odabeikku."
    },
    {
        "English Sentences": "And Mordecai walked every day before the court of the women's house, to know how Esther did, and what should become of her.",
        "Wolaitta Sentences": "Qassikka Marddikiyoosi Asttiri payyatettaanne iyyo haniyaabaa eranau, maccaasaa keettaa sinttaara hachchi hachchi yaanne haanne hemettees."
    },
    {
        "English Sentences": "Now when every maid's turn was come to go in to king Ahasuerus, after that she had been twelve months, according to the manner of the women, (for so were the days of their purifications accomplished, to wit, six months with oil of myrrh, and six months with sweet odours, and with other things for the purifying of the women;)",
        "Wolaitta Sentences": "Geela7oti kawuwaakko gelanaappe kasetidi, issi laittaa kumettaa bantta puulaa loittiiddi gam77oosona; hegeekka, koiro usuppun aginaa karbbiyaa zayitiyan gorppettiiddi gam77idi, naa77antto usuppun aginaa qassi, lo77o sawiya shittuwan gorppettoosona."
    },
    {
        "English Sentences": "Then thus came every maiden unto the king; whatsoever she desired was given her to go with her out of the house of the women unto the king's house.",
        "Wolaitta Sentences": "Hegaappe guyyiyan, issi geela7iyaa kawuwaakko geliyo wodee gakkiyo wode, ba koyido maayuwaa maaya puulattada, maccaasaa keettaappe kiyada, kawoi de7iyoosaa gelausu."
    },
    {
        "English Sentences": "In the evening she went, and on the morrow she returned into the second house of the women, to the custody of Shaashgaz, the king's chamberlain, which kept the concubines: she came in unto the king no more, except the king delighted in her, and that she were called by name.",
        "Wolaitta Sentences": "Qammi gelada, kawuwaara aqidoogaappe hini baggan, wonttin maallado kiyausu. Kiyin kawo baakkoti de7iyo hara keettaa o efoosona. Efin he keettaassi halaafe gidiya kawo mureessai SHa7ishagaazi o naagees. Kawoi dosidinne i sunttaa xeegidi, \"Onakko ehiite\" gaana xayikko, a naa77antto kawuwaakko gelanau danddayukku."
    },
    {
        "English Sentences": "Now when the turn of Esther, the daughter of Abihail the uncle of Mordecai, who had taken her for his daughter, was come to go in unto the king, she required nothing but what Hegai the king's chamberlain, the keeper of the women, appointed. And Esther obtained favour in the sight of all them that looked upon her.",
        "Wolaitta Sentences": "Hegaa gidishin, kawuwaakko geliyo kayai Asttiro gakkiis. Asttira Marddikiyoosa aawaa ishaa Abihaila na7iyo; Marddikiyoosi ba na7iyo kessidi dichchidooro. A maccaasau giigida keettau halaafe gidiya kawo mureessai Hegaayi zoridoogaadan maayuwaa maayaasu. O be7ida ubbai i puulaa nashshiis."
    },
    {
        "English Sentences": "So Esther was taken unto king Ahasuerus into his house royal in the tenth month, which is the month Tebeth, in the seventh year of his reign.",
        "Wolaitta Sentences": "Arxxekssiisi kawotido laappuntta laittan, Tebeeta giyo tammantta aginan Asttira kawoi de7iyoosaa gelaasu."
    },
    {
        "English Sentences": "And the king loved Esther above all the women, and she obtained grace and favour in his sight more than all the virgins; so that he set the royal crown upon her head, and made her queen instead of Vashti.",
        "Wolaitta Sentences": "Gelido wode, kawoi hara maccaasa ubbaappe aattidi, o dosiisinne hara geela7otu ubbaappe in ufaittiis. Hegaa gishshau, kawotaa kallachchaa i huuphiyan goxxidi, o Asxxiini sohuwan kawiyo kessiis."
    },
    {
        "English Sentences": "Then the king made a great feast unto all his princes and his servants, even Esther's feast; and he made a release to the provinces, and gave gifts, according to the state of the king.",
        "Wolaitta Sentences": "Hegaappe guyyiyan, kawoi Asttiri bonchchuwaassi gita gibiraa giigissiis. Giigissidi halaqatanne biittaa aissiyaageeta xeesiis. Qassi ba kawotettaa giddon ufaissa baalai bonchchettana mala awaajjidi, imotaakka ba kehatettaa keenaa huuphiyan huuphiyan immiis."
    },
    {
        "English Sentences": "And when the virgins were gathered together the second time, then Mordecai sat in the king's gate.",
        "Wolaitta Sentences": "Hegee hegaadan de7ishin, Marddikiyoosi kawuwaa keettan halaqa gididi sunttettiis."
    },
    {
        "English Sentences": "Esther had not yet shewed her kindred nor her people; as Mordecai had charged her: for Esther did the commandment of Mordecai, like as when she was brought up with him.",
        "Wolaitta Sentences": "Asttira Aihuda asa gidiyoogaa ha77i gakkanaashinkka oossinne odabeikku. O Marddikiyoosi, \"Odoppa\" giido gishshau, kase na7atettan azazettiyoogaadan, ha77ikka ayyo azazettaasu."
    },
    {
        "English Sentences": "In those days, while Mordecai sat in the king's gate, two of the king's chamberlains, Bigthan and Teresh, of those which kept the door, were wroth, and sought to lay hand on the king Ahasuerus.",
        "Wolaitta Sentences": "Marddikiyoosi kawo keettan oottiiddi de7iyo wode, kawoi de7iyo kifileta geliyo penggiyaa naagiya kawo mureessatuppe naa77ati, Bigitaaninne Tereshi Kawuwaa Arxxekssiisa morkkidi, woranau maqettidosona."
    },
    {
        "English Sentences": "And the thing was known to Mordecai, who told it unto Esther the queen; and Esther certified the king thereof in Mordecai's name.",
        "Wolaitta Sentences": "Eta maqquwaa Marddikiyoosi siyidi, Kawee Asttirissi yootin, akka Marddikiyoosa sunttan kawuwaassi yootaasu."
    },
    {
        "English Sentences": "And when inquisition was made of the matter, it was found out; therefore they were both hanged on a tree: and it was written in the book of the chronicles before the king.",
        "Wolaitta Sentences": "Yootin kawoi yohuwaa loittidi, qoridi xeelliyo wode, yohoi tuma gididi beettin, he naa77u asata kocan kaqqidi woriis. Ha hanotettaikka Kawuwaa Arxxekssiisa Taarikiyaa Xaafiyo Maxaafan xaafettiis."
    },
    {
        "English Sentences": "After these things did king Ahasuerus promote Haman the son of Hammedatha the Agagite, and advanced him, and set his seat above all the princes that were with him.",
        "Wolaitta Sentences": "Hegaappe guyyiyan, Kawoi Arxxekssiisi Hamaana giyo issi banaara oottiyaagaayyo sunttatettaa xoqqissidi, ba halaqatuyyo halaqa oottidi sunttiis. Hamaana aawai Hammadaati Aihudatu morkkiyaa, Agaaga zare."
    },
    {
        "English Sentences": "And all the king's servants, that were in the king's gate, bowed, and reverenced Haman: for the king had so commanded concerning him. But Mordecai bowed not, nor did him reverence.",
        "Wolaitta Sentences": "Kawoi azazi wottido gishshau, kawo keettaa penggen oottiya halaqati ubbati Hamaani kanttiyo wode, gulbbatidi a bonchchoosona. Gido shin, Marddikiyoosi Hamaanassi gulbbatennaaninne bonchchennan ixxiis."
    },
    {
        "English Sentences": "Then the king's servants, which were in the king's gate, said unto Mordecai, Why transgressest thou the king's commandment?",
        "Wolaitta Sentences": "He wodiyan kawo keettaa penggen oottiya halaqati Marddikiyoosa, \"Kawuwaa azazuwaa polennan aissi ixxai?\" yaagidi,"
    },
    {
        "English Sentences": "Now it came to pass, when they spake daily unto him, and he hearkened not unto them, that they told Haman, to see whether Mordecai's matters would stand: for he had told them that he was a Jew.",
        "Wolaitta Sentences": "hachchi hachchi odoosona; shin i eti odiyoogaa siyanau koyibeenna. Ubba qassi, \"Taani Aihuda asa gidiyo gishshau, Hamaanassi gulbbatanaunne a bonchchanau danddayikke\" yaagiis. Hegaappe guyyiyan eti, \"Ha Marddikiyoosi odiyo gaasuwaa siyidi, Hamaani waananddeeshsha!\" giiddi, ayyo yootidosona."
    },
    {
        "English Sentences": "And when Haman saw that Mordecai bowed not, nor did him reverence, then was Haman full of wrath.",
        "Wolaitta Sentences": "Marddikiyoosi baayyo gulbbatennaagaanne bana bonchchennaagaa Hamaani erido wode, hanqquwaa tamaadan eexxi kiyiis."
    },
    {
        "English Sentences": "And he thought scorn to lay hands on Mordecai alone; for they had shewed him the people of Mordecai: wherefore Haman sought to destroy all the Jews that were throughout the whole kingdom of Ahasuerus, even the people of Mordecai.",
        "Wolaitta Sentences": "Hegaa bollikka qassi, Marddikiyoosi Aihuda asa gidiyoogaa eriis; eridi a xalaalaa qaxxayiyoogee laafabaa giidi qoppido gishshau, Arxxekssiisa kawotettaa giddon de7iya Aihuda zariyaa ubbaa woranau halchchiis."
    },
    {
        "English Sentences": "In the first month, that is, the month Nisan, in the twelfth year of king Ahasuerus, they cast Pur, that is, the lot, before Haman from day to day, and from month to month, to the twelfth month, that is, the month Adar.",
        "Wolaitta Sentences": "Arxxekssiisi kawotido tammanne naa77antto laittan, Niisaana giyo koiro aginan, Aihudata woriyo aginaanne gallassaa eranau, Puriima giyo saamaa a sinttan yegganaadan, Hamaani azaziis. He saamai wodhdhido maaran, Adaare giyo tammanne naa77antta aginan, tammanne heezzantto gallassai Aihudati wuriyo gallassa gidiyoogee qashettiis."
    },
    {
        "English Sentences": "And Haman said unto king Ahasuerus, There is a certain people scattered abroad and dispersed among the people in all the provinces of thy kingdom; and their laws are diverse from all people; neither keep they the king's laws: therefore it is not for the king's profit to suffer them.",
        "Wolaitta Sentences": "Hegaappe guyyiyan, Hamaani Kawuwaa Arxxekssiisassi hagaadan yaagidi yootiis; \"Ne kawotettaa giddon mulesan laalettidi de7iya issi zare asati de7oosona; eta de7uwaa maarai hara asaagaappe dumma; hegaa xalla gidennan, eti kawuwaa higgiyaassikka haarettokkona. Hegaa gishshau, neeni eta de7ona gaada co77u giikko, hegee lo77o gidenna."
    },
    {
        "English Sentences": "If it please the king, let it be written that they may be destroyed: and I will pay ten thousand talents of silver to the hands of those that have the charge of the business, to bring it into the king's treasuries.",
        "Wolaitta Sentences": "Hegaa gishshau kawuwau, ha qofai nena ufaissikko, ha asata wori xaissana mala, awaajuwaa kessa. Hegaa ne oottikko, taani heezzu xeetanne oitamu sha7u kilo giraame deexxiya biraa kawo buquraa minjjiyo keettau gelissanaadan, ne kawotettaa aissiyaageetussi immana\" yaagiis."
    },
    {
        "English Sentences": "And the king took his ring from his hand, and gave it unto Haman the son of Hammedatha the Agagite, the Jews' enemy.",
        "Wolaitta Sentences": "Yaagin kawoi ba maataa erissanau awaajuwaa bolli wottiyo migido maatafaa ba biradhdhiyaappe kessidi, Aihudatu morkkiyaa, Agaaga zariyaa, Hammadaata na7aa Hamaanassi immiis."
    },
    {
        "English Sentences": "And the king said unto Haman, The silver is given to thee, the people also, to do with them as it seemeth good to thee.",
        "Wolaitta Sentences": "Kawoi Hamaana, \"Neeni immana giido birai ne achchan de7o; shin ha asatu bolli ne dosidobaa ootta\" yaagiis."
    },
    {
        "English Sentences": "Then were the king's scribes called on the thirteenth day of the first month, and there was written according to all that Haman had commanded unto the king's lieutenants, and to the governors that were over every province, and to the rulers of every people of every province according to the writing thereof, and to every people after their language; in the name of king Ahasuerus was it written, and sealed with the king's ring.",
        "Wolaitta Sentences": "Hegaa gishshau, koiro aginan, tammanne heezzantto gallassan, Hamaani kawuwaa xaafeta ubbata xeegiis. Xeegidi, he awaajoi biitta ubban de7iya asaassi dumma dumma qaalaaninne dumma dumma pitaliyan xaafettidi, kawoppe garssaara biittaa haariyaageetukko, auraajjaa haariyaageetukkonne dere halaqatu ubbaakko kiitettanaadan azaziis. Awaajoikka Kawuwaa Arxxekssiisa sunttan xaafettidi, migido maatafai a bolli wodhdhoogaappe hini baggan,"
    },
    {
        "English Sentences": "And the letters were sent by posts into all the king's provinces, to destroy, to kill, and to cause to perish, all Jews, both young and old, little children and women, in one day, even upon the thirteenth day of the twelfth month, which is the month Adar, and to take the spoil of them for a prey.",
        "Wolaitta Sentences": "eesotiya wottanchchati a kawotettaa biittaa ubbaa gattanaadan kiitettidosona. He awaajoi, \"Adaare giyo tammanne naa77antto aginan tammanne heezzantto gallassan, Aihuda ubbaa, yelagaa cimaa, maccaa attumaa, naatakka ashshennan mexi issi gallassi wurssi worite; eta aquwaakka bonqqite\" yaagees."
    },
    {
        "English Sentences": "The copy of the writing for a commandment to be given in every province was published unto all people, that they should be ready against that day.",
        "Wolaitta Sentences": "Hegaa gishshau, he keerido gallassai gakkiyo wode, asi ubbi giigettanaadan, he awaajoi biittau ubbau kiitettiisinne asau ubbau awaajjettiis."
    },
    {
        "English Sentences": "The posts went out, being hastened by the king's commandment, and the decree was given in Shushan the palace. And the king and Haman sat down to drink; but the city Shushan was perplexed.",
        "Wolaitta Sentences": "Kawuwaa azazuwan eesotiya wottanchchati biitta ubbaakka kiitaa gattidosona. Qassi Suusa katamankka odettiis. Yaatin, Suusa katamaa asai ubbai shabbirettiis. SHin kawuwaaranne Hamaanaara issippe uttidi, woiniyaa eessaa uyoosona."
    },
    {
        "English Sentences": "When Mordecai perceived all that was done, Mordecai rent his clothes, and put on sackcloth with ashes, and went out into the midst of the city, and cried with a loud and a bitter cry;",
        "Wolaitta Sentences": "Marddikiyoosi ha hanidabaa ubbaa siyido wode, azzanidi ba maayuwaa pooshshiis; pooshshidi waaruwaa maayiis; ba huuphiyankka bidinttaa qoliis. Ba cenggurssaakka xoqqu oottidi, misho yeehuwaa yeekkiiddi, katamaa giddon yuuyiis."
    },
    {
        "English Sentences": "And came even before the king's gate: for none might enter into the king's gate clothed with sackcloth.",
        "Wolaitta Sentences": "Yuuyiiddi, kawo keettaa geliyo penggiyaa gakkanaashin biis; shin gelanau danddayibeenna. Aissi giikko, waaruwaa maayidi, kawo keettaa gelanau oossinne danddayettenna."
    },
    {
        "English Sentences": "And in every province, whithersoever the king's commandment and his decree came, there was great mourning among the Jews, and fasting, and weeping, and wailing; and many lay in sackcloth and ashes.",
        "Wolaitta Sentences": "Kawuwaa awaajoi siyettido biitta ubban Aihudatu giddon gita kayyoi, xoomai, yeehoinne zilaassai doomettiis. Etappe darotikka qassi waaruwaa maayidi, kayyottanau bidinttan uttidosona."
    },
    {
        "English Sentences": "So Esther's maids and her chamberlains came and told it her. Then was the queen exceedingly grieved; and she sent raiment to clothe Mordecai, and to take away his sackcloth from him: but he received it not.",
        "Wolaitta Sentences": "Kawee Asttiri danggiriixetinne o naagiya mureessati yiidi, Marddikiyoosabaa iyyo odido wode, a keehippe azzanaasu. Azzanada Marddikiyoosi waaruwaa kessirggidi maayana mala, ayyo hara maayuwaa kiittaasu; shin i ekkennan ixxiis."
    },
    {
        "English Sentences": "Then called Esther for Hatach, one of the king's chamberlains, whom he had appointed to attend upon her, and gave him a commandment to Mordecai, to know what it was, and why it was.",
        "Wolaitta Sentences": "Hegaappe guyyiyan Asttira, kawoi iyyo oottanaadan wottido Hataaka giyo mureessaa xeegada, Marddikiyoosa metoi aibakkonne qassi i aibissi kayyottiyaakkonne erana mala, akko kiittaasu."
    },
    {
        "English Sentences": "So Hatach went forth to Mordecai unto the street of the city, which was before the king's gate.",
        "Wolaitta Sentences": "Kiittin, Hataaki kawuwaa keettaa geliyo penggiyaa mata dabaaban de7iya Marddikiyoosakko biis."
    },
    {
        "English Sentences": "And Mordecai told him of all that had happened unto him, and of the sum of the money that Haman had promised to pay to the king's treasuries for the Jews, to destroy them.",
        "Wolaitta Sentences": "Bin Marddikiyoosi, ba bolli gakkidabaa ubbaa qonccissidi, ayyo yootiis. Qassikka Aihudata worissi wurssanau Hamaani kawuwaa buquraa minjjiyo keettau immanau geppido miishshaa likkiyaara ubbai attennan geeshshidi yootiis."
    },
    {
        "English Sentences": "Also he gave him the copy of the writing of the decree that was given at Shushan to destroy them, to shew it unto Esther, and to declare it unto her, and to charge her that she should go in unto the king, to make supplication unto him, and to make request before him for her people.",
        "Wolaitta Sentences": "Hegaa xalla gidennan, Aihudata wurssanau Suusa kataman kiyida awaajoi xaafettido woraqataakka Hataakassi immidi, hegaa Asttirissi immanaadaaninne haniyaabaa ubbaa iyyo yootanaadan odiis. Qassi Asttira kawuwaakko gelada, ba asai wurennaadan gaannatana mala, Hataakassi yootiis."
    },
    {
        "English Sentences": "And Hatach came and told Esther the words of Mordecai.",
        "Wolaitta Sentences": "Hataaki yiidi, Marddikiyoosi kiittidobaa ubbaa Asttirissi yootiis."
    },
    {
        "English Sentences": "Again Esther spake unto Hatach, and gave him commandment unto Mordecai;",
        "Wolaitta Sentences": "Yootin Asttira Hataaka zaarada, Marddikiyoosakko hagaadan yaagada kiittaasu;"
    },
    {
        "English Sentences": "All the king's servants, and the people of the king's provinces, do know, that whosoever, whether man or woman, shall come unto the king into the inner court, who is not called, there is one law of his to put him to death, except such to whom the king shall hold out the golden sceptre, that he may live: but I have not been called to come in unto the king these thirty days.",
        "Wolaitta Sentences": "\"Higgee, Macca gidin, attuma gidin, ooninne xeegettennan de7iiddi, kawuwaara gaittanau kawo keettaassi giddo dabaabaa gelikko, haiqqo. SHin i xeegettennan kawuwaakko geliyo wode, kawoi worqqaappe oosettida ba kawotaa xam77aa xeeraa akko zaaridi bessikko, he uraa xalaalai atto yaagees. Ha higgiyaa kawuwaara zorettiyaageetuppe biidi, coo asaa gakkanaashin de7iya asi ubbi erees. SHin taani hasttamu gallassa gidoosappe kawuwaakko gelanau xeegetta erikke\" yaagaasu."
    },
    {
        "English Sentences": "And they told to Mordecai Esther's words.",
        "Wolaitta Sentences": "Marddikiyoosi Asttira kiittido kiitaa siyidoogaappe guyyiyan,"
    },
    {
        "English Sentences": "Then Mordecai commanded to answer Esther, Think not with thyself that thou shalt escape in the king's house, more than all the Jews.",
        "Wolaitta Sentences": "iyyo zaaruwaa kiittiiddi, hagaadan yaagiis; \"Neeni, Taani kawo keettan de7iyo gishshau, hara Aihudatuppe attin, tana bochchiyaabi baawa gaada qoppoppa!"
    },
    {
        "English Sentences": "For if thou altogether holdest thy peace at this time, then shall there enlargement and deliverance arise to the Jews from another place; but thou and thy father's house shall be destroyed: and who knoweth whether thou art come to the kingdom for such a time as this?",
        "Wolaitta Sentences": "Neeni hagaa mala wodiyan co77u giikko, Aihudatussi maadoi harasaappe yaana. Etikka tumuppe attana; shin neeninne ne aawaa keettaa asai haiqqana. Neeni kawiyo gidada yiidoogee hagaa mala wodiyaassakkonne ooni erii?\" yaagiis."
    },
    {
        "English Sentences": "Then Esther bade them return Mordecai this answer,",
        "Wolaitta Sentences": "Asttira Marddikiyoosassi hagaadan yaagada zaarada kiittaasu;"
    },
    {
        "English Sentences": "Go, gather together all the Jews that are present in Shushan, and fast ye for me, and neither eat nor drink three days, night or day: I also and my maidens will fast likewise; and so will I go in unto the king, which is not according to the law: and if I perish, I perish.",
        "Wolaitta Sentences": "\"Ba; baada Suusa kataman de7iya Aihudata ubbaa issippe shiishsha. SHiiqidi xoomiiddi, taassi woossite. Heezzu gallassainne heezzu qammai wuranaashin, quma mooppite; haattaa uyoppite. Taanikka ta danggiriixetuura hegaadan xoomana. Hegaappe guyyiyan, i ubba higgiyan teqettidaagaa gidikkokka, kawoi de7iyo sohuwaa taani gelana. Taani haiqqikkonne haiqqana\" yaagaasu."
    },
    {
        "English Sentences": "So Mordecai went his way, and did according to all that Esther had commanded him.",
        "Wolaitta Sentences": "Marddikiyoosi biidi, Asttira a azazidoogaadan mulebaa oottiis."
    },
    {
        "English Sentences": "Now it came to pass on the third day, that Esther put on her royal apparel, and stood in the inner court of the king's house, over against the king's house: and the king sat upon his royal throne in the royal house, over against the gate of the house.",
        "Wolaitta Sentences": "Xoomaa doommoosappe heezzantto gallassi Asttira kawotaa maayuwaa maayada, kawo keettan giddo dabaabaa gelada eqqaasu. He dabaabai kawoi uttiyo wuigiyaa baazzan de7ees. Kawoikka kawo keettaa geliyo penggiyaa baazzan de7iya, ba kawotaa araatan uttiis."
    },
    {
        "English Sentences": "And it was so, when the king saw Esther the queen standing in the court, that she obtained favour in his sight: and the king held out to Esther the golden sceptre that was in his hand. So Esther drew near, and touched the top of the sceptre.",
        "Wolaitta Sentences": "Kawiyaa Asttira gelada, giddo dabaaban eqqidaaro kawoi be7iis; be7idi in ufaittido gishshau, ba worqqa xam77aa ikko micciis. Akka shiiqada xam77aa xeeraa bochchaasu."
    },
    {
        "English Sentences": "Then said the king unto her, What wilt thou, queen Esther? and what is thy request? it shall be even given thee to the half of the kingdom.",
        "Wolaitta Sentences": "Kawoi o hagaadan yaagiis; \"Kawee Asttiree, neeni taakko aibissi yaadii? Qassi neeni tana oichchiyoobai aibee? Harai atto ta kawotettaappe baggaa gidikkokka, taani neeyyo immana\" yaagiis."
    },
    {
        "English Sentences": "And Esther answered, If it seem good unto the king, let the king and Haman come this day unto the banquet that I have prepared for him.",
        "Wolaitta Sentences": "Asttira zaarada hagaadan yaagaasu; \"Kawuwau, nena ufaissiyaabaa gidikko, taani neeyyo giigissido gibiraa maanau neeninne Hamaani naa77ai hachchi omarssi yiyaakko dosais\" yaagaasu."
    },
    {
        "English Sentences": "Then the king said, Cause Haman to make haste, that he may do as Esther hath said. So the king and Haman came to the banquet that Esther had prepared.",
        "Wolaitta Sentences": "Hegaappe guyyiyan kawoi, \"Nuuni Asttira giigissido gibiraassi baanau, Hamaana eesuwan ehiite!\" yaagiis. Yaagin naa77aikka he sohuwaa biidosona."
    },
    {
        "English Sentences": "And the king said unto Esther at the banquet of wine, What is thy petition? and it shall be granted thee: and what is thy request? even to the half of the kingdom it shall be performed.",
        "Wolaitta Sentences": "Eti issippe woiniyaa eessaa uyiiddi de7ishin, kawoi naa77anttuwaa Asttiro, \"Neeni tana woossiyoobai aibee? Taani neeyyo immana. Qassi neeni tana oichchiyoobai aibee? Harai atto ta kawotettaappe baggaa gidikkokka, taani ne oishaa polana\" yaagiis."
    },
    {
        "English Sentences": "Then answered Esther, and said, My petition and my request is;",
        "Wolaitta Sentences": "Asttira zaarada hagaadan yaagaasu;"
    },
    {
        "English Sentences": "If I have found favour in the sight of the king, and if it please the king to grant my petition, and to perform my request, let the king and Haman come to the banquet that I shall prepare for them, and I will do to morrow as the king hath said.",
        "Wolaitta Sentences": "\"Kawuwau, neeni tanan ufaittidaba gidikko, qassi taani woossiyoobaa immanaunne ta oishaa polanau neeni dosiyaaba gidikko, wontto ta giigissiyo hara gibiraassi neeninne Hamaani yaanaadan oichchais. Taani ai koyiyaakko, he wode neessi qonccissana\" yaagaasu."
    },
    {
        "English Sentences": "Then went Haman forth that day joyful and with a glad heart: but when Haman saw Mordecai in the king's gate, that he stood not up, nor moved for him, he was full of indignation against Mordecai.",
        "Wolaitta Sentences": "Hamaani gibiraa sohuwaappe kiyidi biyo wode, keehippe ufaittido gishshau, ba wozanan poocu giiddi biis. SHin i kawo keettaa geliyo penggiyaa mataara aadhdhidi biyo wode, hegan uttida Marddikiyoosa be7iis; ayyo denddibeennaagaanne yayyidi kokkoribeennaagaa akeekidi, Hamaani hanqquwaa eexxi kiyiis."
    },
    {
        "English Sentences": "Nevertheless Haman refrained himself: and when he came home, he sent and called for his friends, and Zeresh his wife.",
        "Wolaitta Sentences": "Gidikkonne, ba hanqquwaa danddayidi biidi, ba soo gakkiis. Hegaappe guyyiyan, ba laggetanne ba keettaayyiyo Zereesho issippe xeegissidi,"
    },
    {
        "English Sentences": "And Haman told them of the glory of his riches, and the multitude of his children, and all the things wherein the king had promoted him, and how he had advanced him above the princes and servants of the king.",
        "Wolaitta Sentences": "Hamaani ba duretettaa likkiyaa, ba attuma naatu qoodaa, kawoi bana bonchchido bonchchuwaanne hara halaqatuppenne kawo oosanchchatuppe aadhdhiya sunttatettaa ayyo immidi, waatidi a bonchchidaakko, etayyo gairiis."
    },
    {
        "English Sentences": "Haman said moreover, Yea, Esther the queen did let no man come in with the king unto the banquet that she had prepared but myself; and to morrow am I invited unto her also with the king.",
        "Wolaitta Sentences": "Gujjidikka Hamaani hagaadan yaagiis; \"Harai atto Kawiyaa Asttirakka ba giigissido gibiraassi kawuwaara baanau taappe attin, haraa oonanne xeegabeikku. Qassi wonttokka kawuwaara baanaadan tana xeesa wottaasu."
    },
    {
        "English Sentences": "Yet all this availeth me nothing, so long as I see Mordecai the Jew sitting at the king's gate.",
        "Wolaitta Sentences": "SHin he Aihudai Marddikiyoosi kawo keettaa geliyo penggen uttidaagaa be7iyo wode, ha ubbabaikka tana kalissenna\" yaagiis."
    },
    {
        "English Sentences": "Then said Zeresh his wife and all his friends unto him, Let a gallows be made of fifty cubits high, and to morrow speak thou unto the king that Mordecai may be hanged thereon: then go thou in merrily with the king unto the banquet. And the thing pleased Haman; and he caused the gallows to be made.",
        "Wolaitta Sentences": "He wode a keettaayiyaa Zereeshanne a laggeti ubbai hagaadan yaagidosona; \"Neeni ishatamu wara adussa kocaa esissa; yaatada wontto guuraara Marddikiyoosi he kocan kaqettana mala, kawuwaa oichcha. Hegaappe guyyiyan, ufaittaidda gibiraa maanau ba\" yaagidosona. Hamaana ha qofai ufaissido gishshau, eti giidoogaadan kocaa giigisissiis."
    },
    {
        "English Sentences": "On that night could not the king sleep, and he commanded to bring the book of records of the chronicles; and they were read before the king.",
        "Wolaitta Sentences": "He gallassi qammi kawuwaa xiskkoi efeennan ixxiis. Hegaa gishshau, kawoi Kawo Taarikiyaa Xaafiyo Maxaafaa ehiidi, hegan xaafettida, kase hanida taariketa ayyo nabbabana mala azaziis."
    },
    {
        "English Sentences": "And it was found written, that Mordecai had told of Bigthana and Teresh, two of the king's chamberlains, the keepers of the door, who sought to lay hand on the king Ahasuerus.",
        "Wolaitta Sentences": "Nabbabettida taariketuppe issoi Marddikiyoosi oottidobaa; hegeenne, kawoi de7iyo kifiliyaa naagiya, Bigitaananne Teresha giyo naa77u mureessati kawuwaa woranau maqettido maqquwaa Marddikiyoosi qonccissidoogaa."
    },
    {
        "English Sentences": "And the king said, What honour and dignity hath been done to Mordecai for this? Then said the king's servants that ministered unto him, There is nothing done for him.",
        "Wolaitta Sentences": "Kawoi, \"Yaatin, i hagaa qonccissidoogaassi ayyo imettida sunttatettai woi woitoi aibee?\" yaagiis. Kawuwaa ashkkarati zaaridi, \"Ayyo aibinne oosettibeenna\" yaagidosona."
    },
    {
        "English Sentences": "And the king said, Who is in the court? Now Haman was come into the outward court of the king's house, to speak unto the king to hang Mordecai on the gallows that he had prepared for him.",
        "Wolaitta Sentences": "Kawoikka zaaridi, \"Kawo keettaa kare dabaaban oonee de7iyai?\" yaagiis. He wode ba giigissido kocan Marddikiyoosa kaqqanau, kawuwaa oichchana giidi, Hamaani kawo keettaa kare dabaabaa geliiddi de7ees."
    },
    {
        "English Sentences": "And the king's servants said unto him, Behold, Haman standeth in the court. And the king said, Let him come in.",
        "Wolaitta Sentences": "Kawuwaa ashkkarati, \"Hamaani hagan de7ees\" yaagidosona. Kawoi zaaridi, \"Haa gela giite\" yaagiis."
    },
    {
        "English Sentences": "So Haman came in. And the king said unto him, What shall be done unto the man whom the king delighteth to honour? Now Haman thought in his heart, To whom would the king delight to do honour more than to myself?",
        "Wolaitta Sentences": "Hamaani geloogaappe guyyiyan kawoi, \"Kawoi bonchchanau dosiyo asayyo ai oottanau koshshii?\" yaagidi oichchiis. Hamaani, \"Kawoi taappe haraa oona bonchchanau dosii?\" yaagidi ba wozanan qoppiis."
    },
    {
        "English Sentences": "And Haman answered the king, For the man whom the king delighteth to honour,",
        "Wolaitta Sentences": "Hegaa gishshau, Hamaani kawuwaassi yaagidi zaariis;"
    },
    {
        "English Sentences": "Let the royal apparel be brought which the king useth to wear, and the horse that the king rideth upon, and the crown royal which is set upon his head:",
        "Wolaitta Sentences": "\"Kawoi bonchchanau dosiyo asaayyo kawoi maayido ba kawotaa maayuwaa ehiisso. Qassi ba toggiyo paraa huuphiyankka kallachchaa goxisso."
    },
    {
        "English Sentences": "And let this apparel and horse be delivered to the hand of one of the king's most noble princes, that they may array the man withal whom the king delighteth to honour, and bring him on horseback through the street of the city, and proclaim before him, Thus shall it be done to the man whom the king delighteth to honour.",
        "Wolaitta Sentences": "Hegaappe guyyiyan, banaara oottiya halaqatuppe issi keehi bonchchettidaagaa xeegissidi, kawotaa maayuwaa a maizzanaadaaninne kawuwaa paran a utissidi, katamaa dabaabaa kessanaadan azazo. Yaatobare he keehi bonchchettida halaqai a sinttan hemettiiddi, Kawoi bonchchanau dosiyo urau hagaadan oottees yaagidi awaajjo\" yaagiis."
    },
    {
        "English Sentences": "Then the king said to Haman, Make haste, and take the apparel and the horse, as thou hast said, and do even so to Mordecai the Jew, that sitteth at the king's gate: let nothing fail of all that thou hast spoken.",
        "Wolaitta Sentences": "Yaagin kawoi zaaridi, Hamaana hagaadan yaagidi azaziis; \"Hodde eesuwan dendda! Denddada kawotaa maayuwaanne ta paraa ekkada, ne giidoogaadan Aihudaa Marddikiyoosassi ootta. I kawo keettaa geliyo penggen de7ees. Ne giidobaappe issibaanne ashshoppa\" yaagiis."
    },
    {
        "English Sentences": "Then took Haman the apparel and the horse, and arrayed Mordecai, and brought him on horseback through the street of the city, and proclaimed before him, Thus shall it be done unto the man whom the king delighteth to honour.",
        "Wolaitta Sentences": "Hegaa gishshau, Hamaani Marddikiyoosa kawotaa maayuwaa maizzidi, kawuwaa paraa bollan utissiis. Qassi katamaa dabaaban appe sinttaara hemettiiddi, \"Kawoi bonchchanau dosiyo urau hagaadan oottees\" yaagidi awaajjiis."
    },
    {
        "English Sentences": "And Mordecai came again to the king's gate. But Haman hasted to his house mourning, and having his head covered.",
        "Wolaitta Sentences": "Hegaappe guyyiyan, Marddikiyoosi kawo keettaa pengge guyye simmidi biis. SHin Hamaani daro azzanido gishshau, ba som77uwaa gullettidi, eesotidi ba soo biis."
    },
    {
        "English Sentences": "And Haman told Zeresh his wife and all his friends every thing that had befallen him. Then said his wise men and Zeresh his wife unto him, If Mordecai be of the seed of the Jews, before whom thou hast begun to fall, thou shalt not prevail against him, but shalt surely fall before him.",
        "Wolaitta Sentences": "Biidi bana gakkidabaa ubbaa ba keettaayee Zereeshissinne ba laggetussi yootiis. Yootin eti a, \"A sinttan neeni kauyyanau doommido ha bitanee, Marddikiyoosi, Aihuda asa gidikko, ne aara eqettada, a xoonanau mulekka danddayakka; tumuppe i nena xoonana\" yaagidosona."
    },
    {
        "English Sentences": "And while they were yet talking with him, came the king's chamberlains, and hasted to bring Haman unto the banquet that Esther had prepared.",
        "Wolaitta Sentences": "Eti biron hegaa haasayiiddi de7ishin, kawuwaa mureessati gakkidi, Hamaana Asttira giigissido gibiraassi eesoyiiddi efiidosona."
    },
    {
        "English Sentences": "So the king and Haman came to banquet with Esther the queen.",
        "Wolaitta Sentences": "Efin kawoinne Hamaani Kawee Asttiri gibiraa maanau biidosona."
    },
    {
        "English Sentences": "And the king said again unto Esther on the second day at the banquet of wine, What is thy petition, queen Esther? and it shall be granted thee: and what is thy request? and it shall be performed, even to the half of the kingdom.",
        "Wolaitta Sentences": "He naa77antto gallassa gibiraassi biidi, eti woiniyaa eessaa uyiiddi de7ishin, kawoi qassikka, \"Kawee Asttiree, neeni woossiyoobai aibee? Taani neeyyo immana. Qassi neeni tana oichchiyoobai aibee? Harai atto ta kawotettaappe baggaa gidikkokka, taani ne oishaa polana\" yaagidi oichchiis."
    },
    {
        "English Sentences": "Then Esther the queen answered and said, If I have found favour in thy sight, O king, and if it please the king, let my life be given me at my petition, and my people at my request:",
        "Wolaitta Sentences": "Kawiyaa Asttira zaarada yaagaasu; \"Kawuwau, neeni tanan ufaittidabaa gidikko, qassi ta oishaakka polanau neeni dosidabaa gidikko, ta woosainne ta oishai taaninne ta asai haiqqennan attanaassa."
    },
    {
        "English Sentences": "For we are sold, I and my people, to be destroyed, to be slain, and to perish. But if we had been sold for bondmen and bondwomen, I had held my tongue, although the enemy could not countervail the king's damage.",
        "Wolaitta Sentences": "Aissi giikko, taaninne ta asai issoinne attennan wuri haiqqanau baizettida. Nuuni baizettidoogee macca aillenne attuma aille gididi de7anaassa gidiyaakko, taani co77u gaana; aissi giikko, hegaa mala metoi kawuwaa waissanau bessiyaabaa gidenna\" yaagaasu."
    },
    {
        "English Sentences": "Then the king Ahasuerus answered and said unto Esther the queen, Who is he, and where is he, that durst presume in his heart to do so?",
        "Wolaitta Sentences": "Kawoi Arxxekssiisi zaaridi, \"Hegaa oottanau xalidaagee oonee? I he bitanee awan de7ii?\" yaagidi Kawiyo Asttiro oichchiis."
    },
    {
        "English Sentences": "And Esther said, The adversary and enemy is this wicked Haman. Then Haman was afraid before the king and the queen.",
        "Wolaitta Sentences": "Oichchin Asttira, \"Nu morkkee, nuna yedettiyaagee hagaa ha iitaa Hamaana\" yaagaasu. He wode Hamaani kawuwaa sinttaaninne kawee sinttan daro dagammiis."
    },
    {
        "English Sentences": "And the king arising from the banquet of wine in his wrath went into the palace garden: and Haman stood up to make request for his life to Esther the queen; for he saw that there was evil determined against him by the king.",
        "Wolaitta Sentences": "Kawoi keehippe hanqqettidi, ba uttosaappe denddi eqqidi, kawo keettaa ataakilttiyaa sohuwaa biis. SHin Hamaani kawoi a bolli iitabaa ehaanau qachchirggidoogaa erido gishshau, Kawiyaa Asttira a haiquwaappe ashshana mala woossanau guyye attiis."
    },
    {
        "English Sentences": "Then the king returned out of the palace garden into the place of the banquet of wine; and Haman was fallen upon the bed whereon Esther was. Then said the king, Will he force the queen also before me in the house? As the word went out of the king's mouth, they covered Haman's face.",
        "Wolaitta Sentences": "Kawoi kawo keettaa ataakilttiyaa sohuwaappe simmidi, wontta eti woine eessa uyiyo sohuwaa geliyo wode, Hamaani Kawee Asttirippe maarotaa woossana giidi, a uttido arssaa bollan gufannidaagaa be7iis. Be7idi hanqquwaa eexxi kiyidi, ba qaalaakka xoqqu oottidi, \"Laa ha bitanee hagan kawo keettan, ubba qassi ta sinttan, kaweera zin77anau koyiiyye?\" yaagiis. Kawoi biron hegaa haasayishin, kawo mureessati yiidi, Hamaana som77uwaa gulleyidosona."
    },
    {
        "English Sentences": "And Harbonah, one of the chamberlains, said before the king, Behold also, the gallows fifty cubits high, which Haman had made for Mordecai, who had spoken good for the king, standeth in the house of Haman. Then the king said, Hang him thereon.",
        "Wolaitta Sentences": "Qassi etappe issoi, Harbboona giyo mureessai, \"Kawuwau, Hamaani nena haiquwaappe ashshida Marddikiyoosa kaqqana giidi essido ishatamu wara kocai a son de7ees\" yaagiis. Kawoi zaaridi, \"Hamaana efiidi, he kocan kaqqite!\" yaagidi azaziis."
    },
    {
        "English Sentences": "So they hanged Haman on the gallows that he had prepared for Mordecai. Then was the king's wrath pacified.",
        "Wolaitta Sentences": "Hegaa gishshau, Marddikiyoosa kaqqana giidi giigissido kocan Hamaani kaqettiis. Hegaappe guyyiyan, kawuwaa hanqqoi dochchiis."
    },
    {
        "English Sentences": "On that day did the king Ahasuerus give the house of Haman the Jews' enemy unto Esther the queen. And Mordecai came before the king; for Esther had told what he was unto her.",
        "Wolaitta Sentences": "Aihudatu morkkee Hamaani kaqettido gallassi Kawoi Arxxekssiisi Hamaana aquwaa ubbaa Kawee Asttirissi aattidi immiis. Qassi Marddikiyoosi iyyo mata dabbo gidiyoogaa Asttira kawuwaassi yootaasu. Hegaa gishshau, he gallassappe doommidi, Marddikiyoosi kawuwaakko gelanau danddayiis."
    },
    {
        "English Sentences": "And the king took off his ring, which he had taken from Haman, and gave it unto Mordecai. And Esther set Mordecai over the house of Haman.",
        "Wolaitta Sentences": "Kawoikka Hamaanappe guyye ekkido ba migido maatafaa kessidi, Marddikiyoosassi immiis. Immin Asttira Marddikiyoosa Hamaana aquwaa bollan aawayada sunttaasu."
    },
    {
        "English Sentences": "And Esther spake yet again before the king, and fell down at his feet, and besought him with tears to put away the mischief of Haman the Agagite, and his device that he had devised against the Jews.",
        "Wolaitta Sentences": "Hegaappe guyyiyan, Asttira yeekkaidda, kawuwaa tohuwaa bollan zaarettada kunddada, Agaaga zare gidiya Hamaani Aihudatu bollan tukkido iita maqqoi oosuwan pe7ennaadan kawuwaa woossaasu."
    },
    {
        "English Sentences": "Then the king held out the golden sceptre toward Esther. So Esther arose, and stood before the king,",
        "Wolaitta Sentences": "Yaatin, kawoi ba worqqa xam77aa iyyo miccin, a dendda eqqada, hagaadan yaagaasu;"
    },
    {
        "English Sentences": "And said, If it please the king, and if I have found favour in his sight, and the thing seem right before the king, and I be pleasing in his eyes, let it be written to reverse the letters devised by Haman the son of Hammedatha the Agagite, which he wrote to destroy the Jews which are in all the king's provinces:",
        "Wolaitta Sentences": "\"Kawuwau, neeni tanan ufaittidabaa gidikko, qassi ta oishaakka polanau neeni dosidabaa gidikko, ne kawotettaa giddon de7iya Aihuda ubbaa wurssidi worana mala, Agaaga zare gidiya Hammadaata na7ai Hamaani kessido awaajuwaa shaariya hara awaajuwaa neeni kessanaadan woossais."
    },
    {
        "English Sentences": "For how can I endure to see the evil that shall come unto my people? or how can I endure to see the destruction of my kindred?",
        "Wolaitta Sentences": "Ha ubba bashshai ta asaa bollan gakkiyo wode, taani waana xeellanau danddayiyaanaa? Qassi ta dabbotakka muliyaa xaissiyo wode, taani waana xeellanau danddayiyaanaa?\" yaagaasu."
    },
    {
        "English Sentences": "Then the king Ahasuerus said unto Esther the queen and to Mordecai the Jew, Behold, I have given Esther the house of Haman, and him they have hanged upon the gallows, because he laid his hand upon the Jews.",
        "Wolaitta Sentences": "Hegaappe guyyiyan, Kawoi Arxxekssiisi, Kawiyo Asttironne Aihudaa Marddikiyoosa hagaadan yaagiis; \"Hamaani Aihudata woranau awaajuwaa kessido gishshau, taani mittaa kocan a kaqissidoogaanne a aquwaakka ubbaa Kawee Asttirissi immidoogaa intte ereeta."
    },
    {
        "English Sentences": "Write ye also for the Jews, as it liketh you, in the king's name, and seal it with the king's ring: for the writing which is written in the king's name, and sealed with the king's ring, may no man reverse.",
        "Wolaitta Sentences": "Gidikkonne, kawo keettaa maatafai wodhdhin, kawuwaa sunttan kiyida awaajoi laamettanau danddayenna. Hegaa gishshau, intte intte baggaara Aihudata maaddanau koyidobaa xaafite. Hegaa ta sunttan xaafidi, kawo maatafaa a bollan wottite\" yaagiis."
    },
    {
        "English Sentences": "Then were the king's scribes called at that time in the third month, that is, the month Sivan, on the three and twentieth day thereof; and it was written according to all that Mordecai commanded unto the Jews, and to the lieutenants, and the deputies and rulers of the provinces which are from India unto Ethiopia, an hundred twenty and seven provinces, unto every province according to the writing thereof, and unto every people after their language, and to the Jews according to their writing, and acco",
        "Wolaitta Sentences": "Siiwaana giyo heezzantto aginan, laatamanne heezzantto gallassan, Marddikiyoosi kawuwaa xaafeta ubbaa xeegiis; xeegidi Hinddeppe Toophphiyaa gakkanaashin de7iya, xeetanne laatamanne laappun biittata kawoppe garssaara haariyaageetussi, auraajjaa haariyaageetussinne biittaa halaqatussi yeddiyo awaajuwaa xaafissiis. Awaajoi dumma dumma qaalaaninne dumma dumma pitaliyan xaafettiis; qassi Aihudatussikka eta qaalaaninne eta pitaliyan xaafettiis."
    },
    {
        "English Sentences": "And he wrote in the king Ahasuerus' name, and sealed it with the king's ring, and sent letters by posts on horseback, and riders on mules, camels, and young dromedaries:",
        "Wolaitta Sentences": "Marddikiyoosi he awaajuwaa ubbaa Kawuwaa Arxxekssiisa sunttan xaafissidi, kawo maatafaa wottiis. Wottidi kawo keettaa gaaxaatan yelettida, eesotiya parata toggiya asatu bolli biittau ubbau kiittiis."
    },
    {
        "English Sentences": "Wherein the king granted the Jews which were in every city to gather themselves together, and to stand for their life, to destroy, to slay, and to cause to perish, all the power of the people and province that would assault them, both little ones and women, and to take the spoil of them for a prey,",
        "Wolaitta Sentences": "Kawoi kessido awaajoi katamatu ubban de7iya Aihudati issippe shiiqanaunne bantta bolli yiyaabaa olettidi teqqanau danddayana mala, maataa etau immees. Qassi ola miishshaa oiqqidi, ai biittappe gidikkokka, eta olanau yiyaageeta, eta naatuuranne eta maccaasaara ubbaa issuwaanne ashshennan wurssi woranaunne eta aquwaakka bonqqidi ekkanau maataa immees."
    },
    {
        "English Sentences": "Upon one day in all the provinces of king Ahasuerus, namely, upon the thirteenth day of the twelfth month, which is the month Adar.",
        "Wolaitta Sentences": "Aihudati Kawuwaa Arxxekssiisa kawotettan hegaa oottanau keerettida gallassai, Adaare giyo tammanne naa77antto aginaa, tammanne heezzantto gallassaa."
    },
    {
        "English Sentences": "The copy of the writing for a commandment to be given in every province was published unto all people, and that the Jews should be ready against that day to avenge themselves on their enemies.",
        "Wolaitta Sentences": "Kawuwaa awaajuwaa biittatu ubban de7iya asai eranaadan, higge gididi awaajjettiis; hegeekka Aihudati bantta morkketu bollan haluwaa kiyanau banttana giigissanau danddayissees."
    },
    {
        "English Sentences": "So the posts that rode upon mules and camels went out, being hastened and pressed on by the king's commandment. And the decree was given at Shushan the palace.",
        "Wolaitta Sentences": "Kiitettiyaageeti kawo keettaa parata toggidi, kawuwaa azazuwaa gattanau eesotidi biidosona. Qassi Suusa katamankka ha awaajoi asa ubbau odettiis."
    },
    {
        "English Sentences": "And Mordecai went out from the presence of the king in royal apparel of blue and white, and with a great crown of gold, and with a garment of fine linen and purple: and the city of Shushan rejoiced and was glad.",
        "Wolaitta Sentences": "Marddikiyoosi salo milatiyaanne bootta kawotaa maayuwaa maayidi, ochcha teera milatiya kaabbaa, liinuwaappe dadettidaagaa bollaara gujjiis; qassi gita worqqa kallachchaakka goxxidi, kawuwaa sinttappe kiyiis. Kiyin Suusa katamai ililiisinne ufaissau poocu giis."
    },
    {
        "English Sentences": "The Jews had light, and gladness, and joy, and honour.",
        "Wolaitta Sentences": "Hegee Aihudatussi qassi gita ufaissanne ililssa, woppanne gibira wode gidiis."
    },
    {
        "English Sentences": "And in every province, and in every city, whithersoever the king's commandment and his decree came, the Jews had joy and gladness, a feast and a good day. And many of the people of the land became Jews; for the fear of the Jews fell upon them.",
        "Wolaitta Sentences": "Hegaa gishshau, kawuwaa awaajoi nabbabettido biittaaninne katamaa ubban de7iya Aihudati ubbai gita baalaa awaajjidi, ufaittiiddinne gibiraa miiddi pe7idosona. Hegaa gaasuwan Aihudatussi yayyidi, hegan de7iya hara zare asaappe daroti Aihuda gididosona."
    },
    {
        "English Sentences": "Now in the twelfth month, that is, the month Adar, on the thirteenth day of the same, when the king's commandment and his decree drew near to be put in execution, in the day that the enemies of the Jews hoped to have power over them, (though it was turned to the contrary, that the Jews had rule over them that hated them;)",
        "Wolaitta Sentences": "Adaare giyo tammanne naa77antto aginan tammanne heezzantto gallassai gakkiis. He gallassai, kawoi koiro kessido awaajuwaa maaran Aihudatu morkketi eta xoonana giido gallassaa. SHin yohoi aadhdhi wodhdhin, Aihudati bantta morkketa xoonidosona."
    },
    {
        "English Sentences": "The Jews gathered themselves together in their cities throughout all the provinces of the king Ahasuerus, to lay hand on such as sought their hurt: and no man could withstand them; for the fear of them fell upon all people.",
        "Wolaitta Sentences": "Kawuwaa Arxxekssiisa kawotettaa giddon de7iya Aihudati ubbai banttana qohanau koyiya ubbaa xaissanau bantta kataman kataman issippe shiiqidosona. Etaara ai asinne eqettanau danddayibeenna; aissi giikko, hara zare gidiya asai ubbai etau yayyiis."
    },
    {
        "English Sentences": "And all the rulers of the provinces, and the lieutenants, and the deputies, and officers of the king, helped the Jews; because the fear of Mordecai fell upon them.",
        "Wolaitta Sentences": "Ubba qassi Marddikiyoosassi yayyido gishshau, kawoppe garssaara biittaa haariyaageeti, auraajjaa haariyaageetinne biittaa halaqati ubbai Aihudata haa maaddidosona."
    },
    {
        "English Sentences": "For Mordecai was great in the king's house, and his fame went out throughout all the provinces: for this man Mordecai waxed greater and greater.",
        "Wolaitta Sentences": "Aissi giikko, Marddikiyoosi kawo keettan gita maatai imettidonne wolqqaa gujji gujji biya asa gididoogee, he kawotettaa giddon de7iya biitta ubban erettiis."
    },
    {
        "English Sentences": "Thus the Jews smote all their enemies with the stroke of the sword, and slaughter, and destruction, and did what they would unto those that hated them.",
        "Wolaitta Sentences": "He keerido gallassi Aihudati bantta morkketa ubbaa bisuwan goora7idi wurssidosona; banttana ixxiya ubbaa bollankka bantta koyaa oottidosona."
    },
    {
        "English Sentences": "And in Shushan the palace the Jews slew and destroyed five hundred men.",
        "Wolaitta Sentences": "Waanna katama gidiya Suusa xallan ichchashu xeetu asaa woridosona."
    },
    {
        "English Sentences": "And Parshandatha, and Dalphon, and Aspatha,",
        "Wolaitta Sentences": "Eti qassi Parshshanddaata, Dalifoona, Asppaata,"
    },
    {
        "English Sentences": "And Poratha, and Adalia, and Aridatha,",
        "Wolaitta Sentences": "Poraata, Adaaliyaa, Ariidaata,"
    },
    {
        "English Sentences": "And Parmashta, and Arisai, and Aridai, and Vajezatha,",
        "Wolaitta Sentences": "Parmmashtta, Ariisaaya, Ariidaayanne Waizaata geetettiya,"
    },
    {
        "English Sentences": "The ten sons of Haman the son of Hammedatha, the enemy of the Jews, slew they; but on the spoil laid they not their hand.",
        "Wolaitta Sentences": "Aihudatu morkkiya Hamaana naata tammaakka woridosona. SHin eti eta aquwaa bonqqibookkona."
    },
    {
        "English Sentences": "On that day the number of those that were slain in Shushan the palace was brought before the king.",
        "Wolaitta Sentences": "Aihudati Suusa kataman worido asaa qoodai aappunakko he gallassikka kawuwaayyo odettiis."
    },
    {
        "English Sentences": "And the king said unto Esther the queen, The Jews have slain and destroyed five hundred men in Shushan the palace, and the ten sons of Haman; what have they done in the rest of the king's provinces? now what is thy petition? and it shall be granted thee: or what is thy request further? and it shall be done.",
        "Wolaitta Sentences": "Yaatin, kawoi Kawiyo Asttiro hagaadan yaagiis; \"Aihudati waanna katama gidiya Suusa xallan ichchashu xeetu asaanne Hamaana naata tammaa woridosona. Hegee hegaa gidikko, kawuwaa biittatun haratun eti woridoogeeti aappuna gidanddonaashsha! Qassi ha77i neeni woossiyoobai aibee? Taani neeyyo immana. Neeni tana oichchiyoobai harabai aibee? Taani neeyyo polana\" yaagiis."
    },
    {
        "English Sentences": "Then said Esther, If it please the king, let it be granted to the Jews which are in Shushan to do to morrow also according unto this day's decree, and let Haman's ten sons be hanged upon the gallows.",
        "Wolaitta Sentences": "Asttira zaarada, \"Kawuwaa ha qofai ufaissikko, Suusa kataman de7iya Aihudati hachchi oottidoogaadan wonttokka oottona. Qassi Hamaana naatu tammatu ahaakka kocaa bollan kaqqanaadan azaza\" yaagaasu."
    },
    {
        "English Sentences": "And the king commanded it so to be done: and the decree was given at Shushan; and they hanged Haman's ten sons.",
        "Wolaitta Sentences": "Yaagin kawoi hegaa oottanaadan azaziis; awaajoikka Suusa kataman naa77anttuwaa awaajjettin, Hamaana naatu tammatu ahai kocaa bollan kaqettiis."
    },
    {
        "English Sentences": "For the Jews that were in Shushan gathered themselves together on the fourteenth day also of the month Adar, and slew three hundred men at Shushan; but on the prey they laid not their hand.",
        "Wolaitta Sentences": "Adaare giyo aginan tammanne oiddantto gallassan, Suusa kataman de7iya Aihudati qassikka issippe shiiqidi, hara heezzu xeetu asaa woridosona; shin ha77ikka eti eta aquwaa bonqqibookkona."
    },
    {
        "English Sentences": "But the other Jews that were in the king's provinces gathered themselves together, and stood for their lives, and had rest from their enemies, and slew of their foes seventy and five thousand, but they laid not their hands on the prey,",
        "Wolaitta Sentences": "He wode Suusa katamaappe gaxaara de7iya kawuwaa biittatun haratun de7iya Aihudatikka issippe shiiqidi, bantta morkketa ubbaa olidi teqqidosona. Eti muleera laappun tammanne ichchashu sha7u asaa woridoogaappe guyyiyan, bantta morkketuppe shemppidosona. SHin eta aquwaa bonqqibookkona."
    },
    {
        "English Sentences": "On the thirteenth day of the month Adar; and on the fourteenth day of the same rested they, and made it a day of feasting and gladness.",
        "Wolaitta Sentences": "Hagee ubbai hanidoogee Adaare giyo aginan tammanne hezzantto gallassaana; tammanne oiddantto gallassan eti shemppidi, gibiraa miiddi, uyiiddinne ufaittiiddi pe7iyo gallassa oottidosona."
    },
    {
        "English Sentences": "But the Jews that were at Shushan assembled together on the thirteenth day thereof, and on the fourteenth thereof; and on the fifteenth day of the same they rested, and made it a day of feasting and gladness.",
        "Wolaitta Sentences": "SHin Suusa kataman de7iya Aihudati tammanne heezzanttonne tammanne oiddantto gallassatun woriiddi pe7idi, tammanne ichchashantto gallassan shemppidosona. He gallassaa etikka gibiraa miiddi, uyiiddinne ufaittiiddi pe7iyo gallassaa oottidosona."
    },
    {
        "English Sentences": "Therefore the Jews of the villages, that dwelt in the unwalled towns, made the fourteenth day of the month Adar a day of gladness and feasting, and a good day, and of sending portions one to another.",
        "Wolaitta Sentences": "Hegaa gishshau, qeeri qeeri katamatun de7iya Aihudati hachchi gakkanaashinkka Adaare giyo aginan tammanne oiddantto gallassaa baala gallassa oottidi bonchchoosona. He gallassan moosonanne uyoosona; qassi issoi issuwaassi qumaa imotaa immoosona."
    },
    {
        "English Sentences": "And Mordecai wrote these things, and sent letters unto all the Jews that were in all the provinces of the king Ahasuerus, both nigh and far,",
        "Wolaitta Sentences": "Marddikiyoosi ha hanida ubba taarikiyaa xaafiis; xaafidi dabddaabbiyaa Kawuwaa Arxxekssiisa biittatun ubban, haahuwan matan, de7iya Aihuda ubbaassi kiittiis."
    },
    {
        "English Sentences": "To stablish this among them, that they should keep the fourteenth day of the month Adar, and the fifteenth day of the same, yearly,",
        "Wolaitta Sentences": "He dabddaabbiyan Marddikiyoosi Adaare aginan tammanne oiddanttonne tammanne ichchashantto gallassata, Aihudati laittan laittan baala oottidi bonchchana mala, etayyo yootiis."
    },
    {
        "English Sentences": "As the days wherein the Jews rested from their enemies, and the month which was turned unto them from sorrow to joy, and from mourning into a good day: that they should make them days of feasting and joy, and of sending portions one to another, and gifts to the poor.",
        "Wolaitta Sentences": "Aissi giikko, he gallassati Aihudati bantta morkketuppe shemppuwaa demmido gallassata; qassi he aginaikka eta azzanoinne yeehoi ufaissaunne gibiraa meettau laamettido agina. Hegaa gishshau, eti muussaaninne ushshan ufaittiiddi, issoi issuwaassinne qassi hiyyeesatussikka qumaa imotaa immiiddi bonchchana mala, etau odettiis."
    },
    {
        "English Sentences": "And the Jews undertook to do as they had begun, and as Mordecai had written unto them;",
        "Wolaitta Sentences": "Odettin Aihudati Marddikiyoosi immido azazuwaa ekkidi, eti bonchchanau doommido baalaa laittan laittan aggennan bonchchanau maayidosona."
    },
    {
        "English Sentences": "Because Haman the son of Hammedatha, the Agagite, the enemy of all the Jews, had devised against the Jews to destroy them, and had cast Pur, that is, the lot, to consume them, and to destroy them;",
        "Wolaitta Sentences": "Agaaga zaree Hammadaata na7ai Hamaani, Aihudatu ubbatu morkkee, eta xaissanau kase maqettiis; maqettidi eta wurssi woriyo aginaanne gallassaa eranau Puriima giyo saamaa yegissiis."
    },
    {
        "English Sentences": "But when Esther came before the king, he commanded by letters that his wicked device, which he devised against the Jews, should return upon his own head, and that he and his sons should be hanged on the gallows.",
        "Wolaitta Sentences": "SHin Asttira kawuwaakko gelidoogaappe guyyiyan, Hamaani Aihudatu bolli maqettido iita maqqoi ubbai guyye simmidi, a bolli polettanaadan kawoi xuufiyan azaziis. Yaatin, Hamaaninne a naati tammai kocan kaqettidi haiqqidosona."
    },
    {
        "English Sentences": "Wherefore they called these days Purim after the name of Pur. Therefore for all the words of this letter, and of that which they had seen concerning this matter, and which had come unto them,",
        "Wolaitta Sentences": "Hegaa gishshau, ha naa77u gallassati Puriima Baalaa geetettoosona. Ha dabddaabbiyan etau xaafettidabaa ubbaa gaasuwan, eti bantta aifiyan be7idobaa gaasuwaaninne eta bollan gakkidabaa gaasuwan"
    },
    {
        "English Sentences": "The Jews ordained, and took upon them, and upon their seed, and upon all such as joined themselves unto them, so as it should not fail, that they would keep these two days according to their writing, and according to their appointed time every year;",
        "Wolaitta Sentences": "Aihudati banttassi, bantta zaretussinne Aihuda gidanau koyiya ubbaassi, ha baalaa bonchchiyoogaa woga oottidosona. Hegeekka laittan laittan aggennan ha naa77u gallassata bonchchanaassa."
    },
    {
        "English Sentences": "And that these days should be remembered and kept throughout every generation, every family, every province, and every city; and that these days of Purim should not fail from among the Jews, nor the memorial of them perish from their seed.",
        "Wolaitta Sentences": "Qassi, ha kawotettaa biittan ubbaaninne katamatun ubban de7iya Aihudatu keettaa asai ubbainne yaana yeleta ubbai ha Puriima Baalaa hassayanau bessiyoogee kuuyettiis. Hegaa bollankka, Aihudati aude gidikkonne, ha Puriima gallassata bonchchanaunne he gallassatun hanidabai eta zariyankka dogettennan agganau bessees."
    },
    {
        "English Sentences": "Then Esther the queen, the daughter of Abihail, and Mordecai the Jew, wrote with all authority, to confirm this second letter of Purim.",
        "Wolaitta Sentences": "Hegaappe guyyiyan, Abihaila na7iyaa, Kawiyaa Asttiranne Aihudai Marddikiyoosi Puriima Baalaa xeelliyaagan kase xaafido dabddaabbiyaa minttettanau hagaa naa77antto dabddaabbiyaa kumetta maatan xaafidosona."
    },
    {
        "English Sentences": "And he sent the letters unto all the Jews, to the hundred twenty and seven provinces of the kingdom of Ahasuerus, with words of peace and truth,",
        "Wolaitta Sentences": "He dabddaabbeti Arxxekssiisa kawotettan, xeetanne laatamanne laappun biittan de7iya Aihudatussi ubbaassi saroinne woppai gido giya sarotaara xaafettidi kiitettidosona."
    },
    {
        "English Sentences": "To confirm these days of Purim in their times appointed, according as Mordecai the Jew and Esther the queen had enjoined them, and as they had decreed for themselves and for their seed, the matters of the fastings and their cry.",
        "Wolaitta Sentences": "Qassi eti kase xoomanaunne kayyottanau wogaa kessidoogaadan, ha77i eta gidin, sinttappe yaana eta zareta gidin, ha Puriima gallassata laittan laittan woga oottidi bonchchana mala, he dabddaabbeti qonccissoosona. Hegee Aihudai Marddikiyoosinne Kawiyaa Asttiranne naa77ai maayettidi kessido azazuwaa."
    },
    {
        "English Sentences": "And the decree of Esther confirmed these matters of Purim; and it was written in the book.",
        "Wolaitta Sentences": "Kawee Asttiri azazoi Puriima Baalaa wogaa minttiis; ikka maxaafan xaafettiis."
    },
    {
        "English Sentences": "And the king Ahasuerus laid a tribute upon the land, and upon the isles of the sea.",
        "Wolaitta Sentences": "Kawoi Arxxekssiisi ba kawotettaa giddon ha gaxaappe hini gaxaa gakkanaashin de7iya asai ubbai giiraa qanxxana mala, wolqqan azaziis."
    },
    {
        "English Sentences": "And all the acts of his power and of his might, and the declaration of the greatness of Mordecai, whereunto the king advanced him, are they not written in the book of the chronicles of the kings of Media and Persia?",
        "Wolaitta Sentences": "I oottido gitanne maalaalissiya oosoti ubbati, qassi Marddikiyoosakka xoqqu oottidi, waati bonchchidaakko qonccissiya taarikee Meedoonanne Parsse Kawotettaa Taarikiyaa Maxaafan xaafettiis."
    },
    {
        "English Sentences": "For Mordecai the Jew was next unto king Ahasuerus, and great among the Jews, and accepted of the multitude of his brethren, seeking the wealth of his people, and speaking peace to all his seed.",
        "Wolaitta Sentences": "Maataa baggan gidikko, Kawuwaa Arxxekssiisa istta gin, Marddikiyoosi naa77antto. Qassi i Aihudatunkka keehi bonchchettidanne dosettida asa; aissi giikko, i ba asa gidiya Aihudati, sarotettaaninne hirggi bainnan de7ana mala, keehi daafurida asa."
    }
]