[
    {
        "English Sentences": "The words of the Preacher, the son of David, king in Jerusalem.",
        "Wolaitta Sentences": "Iitatu zoriyan beennaagee, woikko nagaranchchatu ogiyan eqqennaagee, qilliicciyaageetu shiiquwan uttennaagee heegee anjjettidaagaa."
    },
    {
        "English Sentences": "Vanity of vanities, saith the Preacher, vanity of vanities; all is vanity.",
        "Wolaitta Sentences": "SHin GODAA higgiyan i ufaittees; a higgiyaa gallassinne qammi qoppees."
    },
    {
        "English Sentences": "What profit hath a man of all his labour which he taketh under the sun?",
        "Wolaitta Sentences": "Hegee goggiya haattaa xaphuwan tokettidi, aifiyoo aginan aifiya, ba haittaakka qoqqofenna mittaa mala. I oottiyo ubbai au hanees."
    },
    {
        "English Sentences": "One generation passeth away, and another generation cometh: but the earth abideth for ever.",
        "Wolaitta Sentences": "SHin iitati hegaa mala gidokkona; carkkoi pitti efiyo suullaa mala."
    },
    {
        "English Sentences": "The sun also ariseth, and the sun goeth down, and hasteth to his place where he arose.",
        "Wolaitta Sentences": "Hegaa gishshau, iitatu bolli GODAI pirddana; nagaranchchatikka xillotu yaa7an eqqokkona."
    },
    {
        "English Sentences": "The wind goeth toward the south, and turneth about unto the north; it whirleth about continually, and the wind returneth again according to his circuits.",
        "Wolaitta Sentences": "Aissi giikko, GODAI xillotu ogiyaa erees; shin iitatu ogee xayana."
    },
    {
        "English Sentences": "All the rivers run into the sea; yet the sea is not full; unto the place from whence the rivers come, thither they return again.",
        "Wolaitta Sentences": "Kawotettati aissi denddiyoonaa? Qassi asai aissi pattennabaa maqettii?"
    },
    {
        "English Sentences": "All things are full of labour; man cannot utter it: the eye is not satisfied with seeing, nor the ear filled with hearing.",
        "Wolaitta Sentences": "Sa7aa kawotinne deriyaa haariyaageeti denddidosona; eti GODAA bollinne GODAI tiyidoogaa bolli issippe shiiqidosona."
    },
    {
        "English Sentences": "The thing that hath been, it is that which shall be; and that which is done is that which shall be done: and there is no new thing under the sun.",
        "Wolaitta Sentences": "Eti, \"Nuuni eta sanssalataa duuttoos; eti nuna qachchiyoogaakka wora oloos\" yaagoosona."
    },
    {
        "English Sentences": "Is there any thing whereof it may be said, See, this is new? it hath been already of old time, which was before us.",
        "Wolaitta Sentences": "Saluwan ba araatan uttidaagee eta bolli miiccees; Godai eta bolli qilliiccees."
    },
    {
        "English Sentences": "There is no remembrance of former things; neither shall there be any remembrance of things that are to come with those that shall come after.",
        "Wolaitta Sentences": "Qilliiccidi i ba hanqquwan eta seerees; ba wolqqaama hanqquwan eta yashissees."
    },
    {
        "English Sentences": "I the Preacher was king over Israel in Jerusalem.",
        "Wolaitta Sentences": "Godai, \"Taani ta geeshsha deriyaa Xiyoone bolli ta kawuwaa kawoyaas\" yaagees."
    },
    {
        "English Sentences": "And I gave my heart to seek and search out by wisdom concerning all things that are done under heaven: this sore travail hath God given to the sons of man to be exercised therewith.",
        "Wolaitta Sentences": "He kawoi, \"Taani GODAA higgiyaa awaajjana; GODAI tana, Neeni ta na7aa; taani hachchi neeyyo aawa gidaas."
    },
    {
        "English Sentences": "I have seen all the works that are done under the sun; and, behold, all is vanity and vexation of spirit.",
        "Wolaitta Sentences": "Neeni tana woossa; taani kawotettaa ubbaa neeyyo immana; sa7a ubbai nebaa gidana."
    },
    {
        "English Sentences": "That which is crooked cannot be made straight: and that which is wanting cannot be numbered.",
        "Wolaitta Sentences": "Neeni birata xam77an eta haarana; eta neeni urqqa miishshaa menttiyoogaadan menttana yaagees\" yaagiis."
    },
    {
        "English Sentences": "I communed with mine own heart, saying, Lo, I am come to great estate, and have gotten more wisdom than all they that have been before me in Jerusalem: yea, my heart had great experience of wisdom and knowledge.",
        "Wolaitta Sentences": "Hegaa gishshau, inttenoo kawotoo, eeyyoppite; ha sa7aa haariyaageetoo, inttena ye77e!"
    },
    {
        "English Sentences": "And I gave my heart to know wisdom, and to know madness and folly: I perceived that this also is vexation of spirit.",
        "Wolaitta Sentences": "GODAAYYO bonchcho yashshatettan oottite; yashshaa kokkoriyoogan ufaittite."
    },
    {
        "English Sentences": "For in much wisdom is much grief: and he that increaseth knowledge increaseth sorrow.",
        "Wolaitta Sentences": "GODAI hanqqettin, ogiyan intte xayennaadan na7aa yerite; aissi giikko, hanqquwaa eesuwan i eexxi kiyana. Baqati an qosetti attiya ubbati anjjettidaageeta."
    },
    {
        "English Sentences": "I said in mine heart, Go to now, I will prove thee with mirth, therefore enjoy pleasure: and, behold, this also is vanity.",
        "Wolaitta Sentences": "Abeet GODAU, ta morkketi aiba corattidonaa! Ta bolli aappunati denddiyoonaa!"
    },
    {
        "English Sentences": "I said of laughter, It is mad: and of mirth, What doeth it?",
        "Wolaitta Sentences": "Daroti, \"Xoossai a ashshenna\" yaagidi tabaa haasayoosona."
    },
    {
        "English Sentences": "I sought in mine heart to give myself unto wine, yet acquainting mine heart with wisdom; and to lay hold on folly, till I might see what was that good for the sons of men, which they should do under the heaven all the days of their life.",
        "Wolaitta Sentences": "SHin abeet GODAU, neeni ta yuushuwan gonddalle. Tana bonchchissiyaageenne gitayiyaagee nenattennee."
    },
    {
        "English Sentences": "I made me great works; I builded me houses; I planted me vineyards:",
        "Wolaitta Sentences": "Taani ta qaalaa xoqqissada GODAAKKO waassais. Waassin ba geeshsha deriyaappe taassi i zaarees."
    },
    {
        "English Sentences": "I made me gardens and orchards, and I planted trees in them of all kind of fruits:",
        "Wolaitta Sentences": "GODAI tana naagiyo gishshau, taani zin77ada xiskkaisinne beegottais."
    },
    {
        "English Sentences": "I made me pools of water, to water therewith the wood that bringeth forth trees:",
        "Wolaitta Sentences": "Taani tana dooddidi denddida tammaa sha7iya asatuyyookka yayyikke."
    },
    {
        "English Sentences": "I got me servants and maidens, and had servants born in my house; also I had great possessions of great and small cattle above all that were in Jerusalem before me:",
        "Wolaitta Sentences": "Abeet GODAU, dendda! Abeet ta Xoossau, tana ashsha! Aissi giikko, neeni ta morkketa ubbaa goggocuwaa shocadasa; iitatu achchaakka menttadasa."
    },
    {
        "English Sentences": "I gathered me also silver and gold, and the peculiar treasure of kings and of the provinces: I gat me men singers and women singers, and the delights of the sons of men, as musical instruments, and that of all sorts.",
        "Wolaitta Sentences": "Ashettai GODAAGAA; GODAU, ne asaa neeni anjja."
    },
    {
        "English Sentences": "So I was great, and increased more than all that were before me in Jerusalem: also my wisdom remained with me.",
        "Wolaitta Sentences": "Abeet tana xillissiya Xoossau, taani nena xeesiyo wode, taayyo koya. Taani un77ettido wode, neeni tana shemppissadasa. Taayyo neeni qarettada ta woosaa siya."
    },
    {
        "English Sentences": "And whatsoever mine eyes desired I kept not from them, I withheld not my heart from any joy; for my heart rejoiced in all my labour: and this was my portion of all my labour.",
        "Wolaitta Sentences": "Inttenoo asatoo, intte aude gakkanaassi ta bonchchuwaa kaushshuuteetii? SHori bainnabaakka aude gakkanaassi intte siiquuteetii? Wordduwaanne aude gakkanaassi caddi oiqqi kaalluuteetii?"
    },
    {
        "English Sentences": "Then I looked on all the works that my hands had wrought, and on the labour that I had laboured to do: and, behold, all was vanity and vexation of spirit, and there was no profit under the sun.",
        "Wolaitta Sentences": "SHin GODAI Xoossaa asata baayyo dummayi wottidoogaa intte erite. Taani GODAA xeesiyo wode, i taayyo siyees."
    },
    {
        "English Sentences": "And I turned myself to behold wisdom, and madness, and folly: for what can the man do that cometh after the king? even that which hath been already done.",
        "Wolaitta Sentences": "Hanqqettite, shin intte hanqquwan nagaraa oottoppite. Hiixan zin77iyo wode, intte wozanaa qoritenne sirphphi giite."
    },
    {
        "English Sentences": "Then I saw that wisdom excelleth folly, as far as light excelleth darkness.",
        "Wolaitta Sentences": "GODAAYYO likke yarshshuwaa yarshshitenne GODAN ammanettite."
    },
    {
        "English Sentences": "The wise man's eyes are in his head; but the fool walketh in darkness: and I myself perceived also that one event happeneth to them all.",
        "Wolaitta Sentences": "Daroti, \"Nuna lo77obaa bessanai oonee?\" yaagoosona. Abeet GODAU, neeni nuna keha aifiyan xeella."
    },
    {
        "English Sentences": "Then said I in my heart, As it happeneth to the fool, so it happeneth even to me; and why was I then more wise? Then I said in my heart, that this also is vanity.",
        "Wolaitta Sentences": "Neeni ta wozanan gita ufaissaa kunttadasa. Hegeenne, katta aifeenne ooratta woiniyaa eessai banttayyo darin ufaittiyaageeta ufaissaappekka dariyaagaa."
    },
    {
        "English Sentences": "For there is no remembrance of the wise more than of the fool for ever; seeing that which now is in the days to come shall all be forgotten. And how dieth the wise man? as the fool.",
        "Wolaitta Sentences": "Abeet GODAU, ne xalaalai tana saruwan naaga wottiyo gishshau, taani zin77ada sarotettan xiskkais."
    },
    {
        "English Sentences": "Therefore I hated life; because the work that is wrought under the sun is grievous unto me: for all is vanity and vexation of spirit.",
        "Wolaitta Sentences": "Abeet GODAU, taani yootiyoogaa ezgga; ta ooliyaanne siya."
    },
    {
        "English Sentences": "Yea, I hated all my labour which I had taken under the sun: because I should leave it unto the man that shall be after me.",
        "Wolaitta Sentences": "Ta kawuwaunne ta Xoossau, tana maadda gaada taani waassiyo gishshau, ta woosaa waasuwaa siya."
    },
    {
        "English Sentences": "And who knoweth whether he shall be a wise man or a fool? yet shall he have rule over all my labour wherein I have laboured, and wherein I have shewed myself wise under the sun. This is also vanity.",
        "Wolaitta Sentences": "Abeet GODAU, maallado maallado guuran neeni ta qaalaa siyaasa. Maallado maallado guuran taani ta woosaa ne sintti shiishshada, neeni taayyo immiyo zaaruwaa ekkana gaada naagais."
    },
    {
        "English Sentences": "Therefore I went about to cause my heart to despair of all the labour which I took under the sun.",
        "Wolaitta Sentences": "Neeni iitatettan ufaittenna Xoossaa; iitabi nenaara de7enna."
    },
    {
        "English Sentences": "For there is a man whose labour is in wisdom, and in knowledge, and in equity; yet to a man that hath not laboured therein shall he leave it for his portion. This also is vanity and a great evil.",
        "Wolaitta Sentences": "Ceeqettiyaageeti ne sinttan eqqokkona; iitabaa oottiya ubbata neeni ixxaasa."
    },
    {
        "English Sentences": "For what hath man of all his labour, and of the vexation of his heart, wherein he hath laboured under the sun?",
        "Wolaitta Sentences": "Wordduwaa haasayiyaageetanne neeni xaissaasa. Suuttaa gussiyaageetanne cimmiya asata GODAI shenetees."
    },
    {
        "English Sentences": "For all his days are sorrows, and his travail grief; yea, his heart taketh not rest in the night. This is also vanity.",
        "Wolaitta Sentences": "SHin taani ne siiquwaa daruwan ne keettaa gelana. Ne geeshsha Beeta Maqidasiyaakko, bonchcho yashshatettan goinnana."
    },
    {
        "English Sentences": "There is nothing better for a man, than that he should eat and drink, and that he should make his soul enjoy good in his labour. This also I saw, that it was from the hand of God.",
        "Wolaitta Sentences": "Abeet GODAU, ta morkketu gishshaassi gaidda, tana ne xillotettan kaaletta; ne ogiyaa ta sinttan sittaya."
    },
    {
        "English Sentences": "For who can eat, or who else can hasten hereunto, more than I?",
        "Wolaitta Sentences": "Eta doonaappe kiyiyaabi ammanttenna. Eta wozanankka genee kumiis; eta doonai dooyettida duufo mala; eti bantta inxxarssan cimmoosona."
    },
    {
        "English Sentences": "For God giveth to a man that is good in his sight wisdom, and knowledge, and joy: but to the sinner he giveth travail, to gather and to heap up, that he may give to him that is good before God. This also is vanity and vexation of spirit.",
        "Wolaitta Sentences": "Abeet Xoossau, eta neeni pirdda; eta kobai eta ekki bo. Eta nagarai daro gidido gishshau, neeni eta yedetta; aissi giikko, eti ne bolli makkalidosona."
    },
    {
        "English Sentences": "To every thing there is a season, and a time to every purpose under the heaven:",
        "Wolaitta Sentences": "SHin neekko baqati qosetti attiya ubbai ufaittona; eti ubbaton ufaissan yexxona. Neenikka eta naagana; ne sunttaa siiqiya ubbati nenan keehi ufaittona."
    },
    {
        "English Sentences": "A time to be born, and a time to die; a time to plant, and a time to pluck up that which is planted;",
        "Wolaitta Sentences": "Aissi giikko, abeet GODAU, tumukka neeni xilluwaa anjjaasa. Neeni gonddallee kammiyoogaadan ne kehatettan a kammaasa."
    },
    {
        "English Sentences": "A time to kill, and a time to heal; a time to break down, and a time to build up;",
        "Wolaitta Sentences": "Abeet GODAU, ne hanqquwan tana seeropparkkii; woikko ne yiilluwan tana qaxxayopparkkii."
    },
    {
        "English Sentences": "A time to weep, and a time to laugh; a time to mourn, and a time to dance;",
        "Wolaitta Sentences": "Abeet GODAU, taani labbannido gishshau, tana maararkkii. Abeet GODAU, ta meqettati tana sahuwan woriyo gishshau, tana patta."
    },
    {
        "English Sentences": "A time to cast away stones, and a time to gather stones together; a time to embrace, and a time to refrain from embracing;",
        "Wolaitta Sentences": "Ta shemppiyaa daroppe un77ettaasu; shin GODAU, tana maaddanau neeni aude gakkanaassi gam77uutee?"
    },
    {
        "English Sentences": "A time to get, and a time to lose; a time to keep, and a time to cast away;",
        "Wolaitta Sentences": "Abeet GODAU, neeni simmada, tana ashsha; ne siiquwaa daruwan tana kessa ekka."
    },
    {
        "English Sentences": "A time to rend, and a time to sew; a time to keep silence, and a time to speak;",
        "Wolaitta Sentences": "Haiqqida uri ooninne nena hassayenna; duufon nena galatiyai baawa."
    },
    {
        "English Sentences": "A time to love, and a time to hate; a time of war, and a time of peace.",
        "Wolaitta Sentences": "Taani ooliyan daafuraas; qamma ubban taani yeekkaidda, ta hiixaa irxxissaas; ta borkkotaakka ta afuttan musissaas."
    },
    {
        "English Sentences": "What profit hath he that worketh in that wherein he laboureth?",
        "Wolaitta Sentences": "Ta morkketu ubbaa gaasuwan taani afuxxido gishshau, ta aifee galjjiis; ta aifee demmennan ixxiis."
    },
    {
        "English Sentences": "I have seen the travail, which God hath given to the sons of men to be exercised in it.",
        "Wolaitta Sentences": "GODAI taani yeekkiyo yeehuwaa siyido gishshau, inttenoo, iitaa oottiya ubbatoo, taappe shaahettite."
    },
    {
        "English Sentences": "He hath made every thing beautiful in his time: also he hath set the world in their heart, so that no man can find out the work that God maketh from the beginning to the end.",
        "Wolaitta Sentences": "GODAI ta watiwatuwaa siyiis; GODAI ta woosaanne siyees."
    },
    {
        "English Sentences": "I know that there is no good in them, but for a man to rejoice, and to do good in his life.",
        "Wolaitta Sentences": "Ta morkke ubbati yeellatonanne tuggatona. Eti issi kuttan yeellatidi, guyye simmona."
    },
    {
        "English Sentences": "And also that every man should eat and drink, and enjoy the good of all his labour, it is the gift of God.",
        "Wolaitta Sentences": "Abeet GODAU, ta Xoossau, taani neekko baqatada qosettais. Tana yedettiya ubbatuppe neeni tana ashsha ekka."
    },
    {
        "English Sentences": "I know that, whatsoever God doeth, it shall be for ever: nothing can be put to it, nor any thing taken from it: and God doeth it, that men should fear before him.",
        "Wolaitta Sentences": "Neeni tana ashshennabaa gidikko, eti tana gaammuwaadan zaazidi, ooninne ashshennan dafidi carqqayana."
    },
    {
        "English Sentences": "That which hath been is now; and that which is to be hath already been; and God requireth that which is past.",
        "Wolaitta Sentences": "Abeet GODAU ta Xoossau, taani asa naaqqidabaa gidikko,"
    },
    {
        "English Sentences": "And moreover I saw under the sun the place of judgment, that wickedness was there; and the place of righteousness, that iniquity was there.",
        "Wolaitta Sentences": "hegeenne ta laggiyaassi lo77uwaa gishshaa iitaa zaaridabaa gidikkonne, woikko gaasoi bainnan ta morkkiyaa bonqqidabaa gidikko, hagaa mala yohotuppe issuwaanne taani oottidobaa gidikko,"
    },
    {
        "English Sentences": "I said in mine heart, God shall judge the righteous and the wicked: for there is a time there for every purpose and for every work.",
        "Wolaitta Sentences": "ta morkkee tana yedettidi oiqqo. Oiqqidi tana sa7an kinchcheretto; yaatidi, tana biittan oli bayo."
    },
    {
        "English Sentences": "I said in mine heart concerning the estate of the sons of men, that God might manifest them, and that they might see that they themselves are beasts.",
        "Wolaitta Sentences": "Abeet GODAU, ne hanqquwan denddada, ta morkketu eexxiya hanqquwaa xaissa. Ta Xoossau, beegotta; tumaa pirdda."
    },
    {
        "English Sentences": "For that which befalleth the sons of men befalleth beasts; even one thing befalleth them: as the one dieth, so dieth the other; yea, they have all one breath; so that a man hath no preeminence above a beast: for all is vanity.",
        "Wolaitta Sentences": "Deretu yaa7ai ne yuushuwan shiiqo; neeni etappe bollaara gidada haara."
    },
    {
        "English Sentences": "All go unto one place; all are of the dust, and all turn to dust again.",
        "Wolaitta Sentences": "GODAI dere asata bolli pirddees. Abeet GODAU, taayyo ta xillotettaadaaninne ta suuretettaadaaninne pirdda."
    },
    {
        "English Sentences": "Who knoweth the spirit of man that goeth upward, and the spirit of the beast that goeth downward to the earth?",
        "Wolaitta Sentences": "Qofaanne wozanaa qorada eriya xillo Xoossau, iitatu geniyaa neeni xaissa. SHin xilluwaa sarotan mintta wotta."
    },
    {
        "English Sentences": "Wherefore I perceive that there is nothing better, than that a man should rejoice in his own works; for that is his portion: for who shall bring him to see what shall be after him?",
        "Wolaitta Sentences": "Wozanaa xilluwaa ashshiya Xoossai taayyo gonddalle."
    },
    {
        "English Sentences": "So I returned, and considered all the oppressions that are done under the sun: and behold the tears of such as were oppressed, and they had no comforter; and on the side of their oppressors there was power; but they had no comforter.",
        "Wolaitta Sentences": "Xoossai xillo pirddiyaagaa; i hachchi hachchi hanqqettiya Xoossaa."
    },
    {
        "English Sentences": "Wherefore I praised the dead which are already dead more than the living which are yet alive.",
        "Wolaitta Sentences": "Asi ba nagaraa paaxidi simmennan ixxikko, Xoossai ba bisuwaa leefees; i ba wonddafiyaa tolidi giigissees."
    },
    {
        "English Sentences": "Yea, better is he than both they, which hath not yet been, who hath not seen the evil work that is done under the sun.",
        "Wolaitta Sentences": "I ba woriya ola miishshata giigissees; tamaa lacuwaadan pol77attiya ba zubbiyaa giigissees."
    },
    {
        "English Sentences": "Again, I considered all travail, and every right work, that for this a man is envied of his neighbour. This is also vanity and vexation of spirit.",
        "Wolaitta Sentences": "Iitatettaa shahaaridi, geniyaa abbe ixetidaagee, wordduwaa yelees."
    },
    {
        "English Sentences": "The fool foldeth his hands together, and eateth his own flesh.",
        "Wolaitta Sentences": "Hara asatuyyo olla bookkida asi ba bookkido ollan bau kunddees."
    },
    {
        "English Sentences": "Better is an handful with quietness, than both the hands full with travail and vexation of spirit.",
        "Wolaitta Sentences": "I ehiyo genee a huuphiyau simmees. A makkalainne a huuphiyau simmees."
    },
    {
        "English Sentences": "Then I returned, and I saw vanity under the sun.",
        "Wolaitta Sentences": "GODAA xillotettaa gishshataayyo taani GODAA galatana; qassi Ubbaappe Xoqqiya GODAA sunttaayyo taani galataa yexxana."
    },
    {
        "English Sentences": "There is one alone, and there is not a second; yea, he hath neither child nor brother: yet is there no end of all his labour; neither is his eye satisfied with riches; neither saith he, For whom do I labour, and bereave my soul of good? This is also vanity, yea, it is a sore travail.",
        "Wolaitta Sentences": "Abeet GODAU, nu Godau, ne sunttai sa7aa ubbaa bollan aiba bonchchettideeshsha! Neeni ne bonchchuwaa salotuppe bollan xoqqu xoqqu ootta wottadasa."
    },
    {
        "English Sentences": "Two are better than one; because they have a good reward for their labour.",
        "Wolaitta Sentences": "Neeni ne morkketu gishshau ne baarigaaraanne neeyyo manddiyaagaa sirphphi oottanau, guutta naatu doonan xammiya naatu doonan galataa kunttadasa."
    },
    {
        "English Sentences": "For if they fall, the one will lift up his fellow: but woe to him that is alone when he falleth; for he hath not another to help him up.",
        "Wolaitta Sentences": "Neeni ne biradhdhetun medhdhido ne salota, sohuwan sohuwan neeni wottido aginaanne xoolintteta taani be7iyo wode,"
    },
    {
        "English Sentences": "Again, if two lie together, then they have heat: but how can one be warm alone?",
        "Wolaitta Sentences": "neeni asabaa qoppanau asi aibee? Woi neeni ayyo hirgganau i aibee?"
    },
    {
        "English Sentences": "And if one prevail against him, two shall withstand him; and a threefold cord is not quickly broken.",
        "Wolaitta Sentences": "A neeni kiitanchchatuppe amaridaagaa ziqqissadasa; bonchchuwaanne gitatettaa akililiyaa a huuphiyan wottadasa."
    },
    {
        "English Sentences": "Better is a poor and a wise child than an old and foolish king, who will no more be admonished.",
        "Wolaitta Sentences": "A neeni ne medhdhido meretetta ubbaa bollan haariyaagaa oottada sunttadasa; ubbabaa a tohuwaappe garssaara wottadasa."
    },
    {
        "English Sentences": "For out of prison he cometh to reign; whereas also he that is born in his kingdom becometh poor.",
        "Wolaitta Sentences": "Dorssatanne boorata, sa7aa do7atanne"
    },
    {
        "English Sentences": "I considered all the living which walk under the sun, with the second child that shall stand up in his stead.",
        "Wolaitta Sentences": "saluwaa kafota, abbaa moletanne abbai goggiyoosan wadhdhiyaageeta ubbaakka a haarissadasa."
    },
    {
        "English Sentences": "There is no end of all the people, even of all that have been before them: they also that come after shall not rejoice in him. Surely this also is vanity and vexation of spirit.",
        "Wolaitta Sentences": "Abeet GODAU, nu Godau, ne sunttai sa7aa ubban aiba bonchchettideeshsha!"
    },
    {
        "English Sentences": "Keep thy foot when thou goest to the house of God, and be more ready to hear, than to give the sacrifice of fools: for they consider not that they do evil.",
        "Wolaitta Sentences": "Abeet GODAU, taani nena ta kumetta wozanaappe galatana; neeni oottido garamissiya ne oosuwaa ubbaakka yootana."
    },
    {
        "English Sentences": "Be not rash with thy mouth, and let not thine heart be hasty to utter any thing before God: for God is in heaven, and thou upon earth: therefore let thy words be few.",
        "Wolaitta Sentences": "Taani nenan ufaittananne hashshu gaana. Ubbaappe Xoqqiya Xoossau, taani ne sunttaayyo galataa yexxana."
    },
    {
        "English Sentences": "For a dream cometh through the multitude of business; and a fool's voice is known by multitude of words.",
        "Wolaitta Sentences": "Ta morkketi guyye simmiyo wode, ne sinttappe xubetti xayana."
    },
    {
        "English Sentences": "When thou vowest a vow unto God, defer not to pay it; for he hath no pleasure in fools: pay that which thou hast vowed.",
        "Wolaitta Sentences": "Neeni taayyo xillo pirddaa pirddadasa; neeni xillotettan pirddaidda, ne kawotaa araatan uttadasa."
    },
    {
        "English Sentences": "Better is it that thou shouldest not vow, than that thou shouldest vow and not pay.",
        "Wolaitta Sentences": "Neeni kawotettata qaxxayadasa; iitatakka xaissadasa. Neeni eta sunttaa meri merinaukka quccarggadasa."
    },
    {
        "English Sentences": "Suffer not thy mouth to cause thy flesh to sin; neither say thou before the angel, that it was an error: wherefore should God be angry at thy voice, and destroy the work of thine hands?",
        "Wolaitta Sentences": "Morkketi merinaa xayuwaa xayidosona; qassi eta katamata muleera xoqollarggadasa. Eti muleera dogetti attidosona."
    },
    {
        "English Sentences": "For in the multitude of dreams and many words there are also divers vanities: but fear thou God.",
        "Wolaitta Sentences": "SHin GODAI merinaassi kawotidi de7ees; i ba kawotaa araataa pirddaayyo giigissiis."
    },
    {
        "English Sentences": "If thou seest the oppression of the poor, and violent perverting of judgment and justice in a province, marvel not at the matter: for he that is higher than the highest regardeth; and there be higher than they.",
        "Wolaitta Sentences": "Ha sa7aa xillotettan pirddana; deretakka tumatettan pirddana."
    },
    {
        "English Sentences": "Moreover the profit of the earth is for all: the king himself is served by the field.",
        "Wolaitta Sentences": "GODAI un77ettidaageetuyyo baqati attiyoobaa; meto wodiyankka geli attiyo soho."
    },
    {
        "English Sentences": "He that loveth silver shall not be satisfied with silver; nor he that loveth abundance with increase: this is also vanity.",
        "Wolaitta Sentences": "Ne sunttaa eriyaageeti nenan ammanettoosona; aissi giikko, GODAU, neeni nena koyiyaageeta yegga bayakka."
    },
    {
        "English Sentences": "When goods increase, they are increased that eat them: and what good is there to the owners thereof, saving the beholding of them with their eyes?",
        "Wolaitta Sentences": "Xiyoone Deriyan kawoti uttida GODAAYYO galataa yexxite. I oottido ubbabaakka asa ubbaayyo yootite."
    },
    {
        "English Sentences": "The sleep of a labouring man is sweet, whether he eat little or much: but the abundance of the rich will not suffer him to sleep.",
        "Wolaitta Sentences": "Aissi giikko, suuttaa gussiyaageetayyo halo kessiya Xoossai naaqettidaageetu waasuwaa shenehoo geenna."
    },
    {
        "English Sentences": "There is a sore evil which I have seen under the sun, namely, riches kept for the owners thereof to their hurt.",
        "Wolaitta Sentences": "Abeet GODAU, Xiyoone asaa karen taani eqqada, ne galataa yootana malanne hegan ne atotettan keehi ufaittana mala, ta morkketi tana yedettiyoogaa be7a."
    },
    {
        "English Sentences": "But those riches perish by evil travail: and he begetteth a son, and there is nothing in his hand.",
        "Wolaitta Sentences": "Neeni taayyo qarettada, haiquwaappe tana ashsha."
    },
    {
        "English Sentences": "As he came forth of his mother's womb, naked shall he return to go as he came, and shall take nothing of his labour, which he may carry away in his hand.",
        "Wolaitta Sentences": "Kawotettati bantta bookkido ollan banttau kunddidosona. Eti qotti wottido piree eta tohuwaa oiqqiis."
    },
    {
        "English Sentences": "And this also is a sore evil, that in all points as he came, so shall he go: and what profit hath he that hath laboured for the wind?",
        "Wolaitta Sentences": "GODAI ba xillo pirddan baayyo erettiis; iita asi ba kushiyan oottido oosuwaa piriyan ohettiis."
    },
    {
        "English Sentences": "All his days also he eateth in darkness, and he hath much sorrow and wrath with his sickness.",
        "Wolaitta Sentences": "Iitati duufuwaa baana; Xoossaa dogiya kawotettati ubbaikka etadan hanana."
    },
    {
        "English Sentences": "Behold that which I have seen: it is good and comely for one to eat and to drink, and to enjoy the good of all his labour that he taketh under the sun all the days of his life, which God giveth him: for it is his portion.",
        "Wolaitta Sentences": "Hiyyeesi ubbatoo dogetti attenna; woikko metootanchchi wottido ufaissi merinaayyo xayenna."
    },
    {
        "English Sentences": "Every man also to whom God hath given riches and wealth, and hath given him power to eat thereof, and to take his portion, and to rejoice in his labour; this is the gift of God.",
        "Wolaitta Sentences": "Abeet GODAU, neeni dendda! Asi xoonoppo! Ne sinttan kawotettatu bolli neeni pirdda."
    },
    {
        "English Sentences": "For he shall not much remember the days of his life; because God answereth him in the joy of his heart.",
        "Wolaitta Sentences": "Abeet GODAU, eta neeni yashshissa; eti asa gidiyoogaa neeni eta erissa."
    },
    {
        "English Sentences": "There is an evil which I have seen under the sun, and it is common among men:",
        "Wolaitta Sentences": "Abeet GODAU, aissi haakkada eqqai? Metuwaa wodiyan aissi neeni geemmai?"
    },
    {
        "English Sentences": "A man to whom God hath given riches, wealth, and honour, so that he wanteth nothing for his soul of all that he desireth, yet God giveth him not power to eat thereof, but a stranger eateth it: this is vanity, and it is an evil disease.",
        "Wolaitta Sentences": "Ba otoruwan iita asi hiyyeesaa shankkatees. Eti bantta pala maqquwan banttau oiqettidosona."
    },
    {
        "English Sentences": "If a man beget an hundred children, and live many years, so that the days of his years be many, and his soul be not filled with good, and also that he have no burial; I say, that an untimely birth is better than he.",
        "Wolaitta Sentences": "He iitai ba wozanaa iita amuwan ceeqettees; yorai GODAA qanggeesinne kaddees."
    },
    {
        "English Sentences": "For he cometh in with vanity, and departeth in darkness, and his name shall be covered with darkness.",
        "Wolaitta Sentences": "Iitai ba otoruwan Xoossaa koyenna; ba qofa ubbankka Xoossaa ainne wudenna."
    },
    {
        "English Sentences": "Moreover he hath not seen the sun, nor known any thing: this hath more rest than the other.",
        "Wolaitta Sentences": "Ubbabai au mule wodekka kumees; i otoruwaa meexxees. Ne higgee ayyo gelenna; ba morkketu bollan i qilliiccees."
    },
    {
        "English Sentences": "Yea, though he live a thousand years twice told, yet hath he seen no good: do not all go to one place?",
        "Wolaitta Sentences": "Ba wozanan i, \"Tana aibinne qaattenna. Tana mulekka metoi gakkenna\" yaagidi qoppees."
    },
    {
        "English Sentences": "All the labour of man is for his mouth, and yet the appetite is not filled.",
        "Wolaitta Sentences": "A doonan qanggettai, worddoinne manddettai kumiis. Ba inxxarssan genebaanne iitabaa haasayanau eesotees."
    },
    {
        "English Sentences": "For what hath the wise more than the fool? what hath the poor, that knoweth to walk before the living?",
        "Wolaitta Sentences": "Heeran qosettiyoosan i zuggidi uttees. Ba woriyoogaa woranau qosetti naagiiddi, wolqqi bainna ashkketa xeellees."
    },
    {
        "English Sentences": "Better is the sight of the eyes than the wandering of the desire: this is also vanity and vexation of spirit.",
        "Wolaitta Sentences": "Ba qosettiyoosan geemmidi, hiyyeesa oiqqanau gaammuwaagaadan zuggees. I hiyyeesaa oiqqidi, ba piriyan goochchidi efees."
    },
    {
        "English Sentences": "That which hath been is named already, and it is known that it is man: neither may he contend with him that is mightier than he.",
        "Wolaitta Sentences": "Yaatin, wolqqi bainna hiyyeesai bikillettees; nippi geesinne he minuwan xoonettees."
    },
    {
        "English Sentences": "Seeing there be many things that increase vanity, what is man the better?",
        "Wolaitta Sentences": "I ba wozanan, \"Xoossai tana dogiichchiis. Ba som77uwaa taappe genttiichchiis; mulekka i be7enna\" yaagees."
    },
    {
        "English Sentences": "For who knoweth what is good for man in this life, all the days of his vain life which he spendeth as a shadow? for who can tell a man what shall be after him under the sun?",
        "Wolaitta Sentences": "Abeet GODAU, dendda. Xoossau, ne kushiyaa xoqqu oottada dentta; hiyyeesaa dogoppa."
    },
    {
        "English Sentences": "A good name is better than precious ointment; and the day of death than the day of one's birth.",
        "Wolaitta Sentences": "Nagaranchcha urai ba wozanan Xoossaa aissi karii? Ba qofankka, \"Xoossai tana qaxxayenna\" aissi yaagii?"
    },
    {
        "English Sentences": "It is better to go to the house of mourning, than to go to the house of feasting: for that is the end of all men; and the living will lay it to his heart.",
        "Wolaitta Sentences": "SHin Xoossau, neeni tumukka be7aasa; metuwaakka waayiyaakka xeellaasa. Neeni ubba wode nuna maaddanaassi giiga uttadasa. Aawai bainnaageeta neeni maaddiyo gishshau, hiyyeesai woikko qohettidaagee neeni maaddanaadan bana neeyyo sheedhdho."
    },
    {
        "English Sentences": "Sorrow is better than laughter: for by the sadness of the countenance the heart is made better.",
        "Wolaitta Sentences": "Nagaranchchatunne iita asatu wolqqaa neeni wurssa. Wurssada naa77antto eta giddon iitatetti beettennan aggana gakkanaassi eta qaxxaya."
    },
    {
        "English Sentences": "The heart of the wise is in the house of mourning; but the heart of fools is in the house of mirth.",
        "Wolaitta Sentences": "GODAI meri merinau kawotidi de7ees; kawotettati a biittaappe xayana."
    },
    {
        "English Sentences": "It is better to hear the rebuke of the wise, than for a man to hear the song of fools.",
        "Wolaitta Sentences": "Abeet GODAU, neeni banttana ziqqissiyaageetu amuwaa siyaasa. Neeni eta minttettaasa."
    },
    {
        "English Sentences": "For as the crackling of thorns under a pot, so is the laughter of the fool: this also is vanity.",
        "Wolaitta Sentences": "Aawi bainnaageetanne un77ettidaageeta morggiyaa oiqqada, asi biittappe merettidaagee, simmi mulekka eta yashissenna mala, eta waasuwaa siyaasa."
    },
    {
        "English Sentences": "Surely oppression maketh a wise man mad; and a gift destroyeth the heart.",
        "Wolaitta Sentences": "Taani GODAA giddon baqata qosetta attais. Yaatin, intte tana aissi, \"Kafodan ne deriyaa baqata\" yaageetii?"
    },
    {
        "English Sentences": "Better is the end of a thing than the beginning thereof: and the patient in spirit is better than the proud in spirit.",
        "Wolaitta Sentences": "Hekko nagaranchchati wozanaa geeshshata caddanaassi, xuman bantta wonddafiyaa baqettaa bollan zubbiyaa toloosona."
    },
    {
        "English Sentences": "Be not hasty in thy spirit to be angry: for anger resteth in the bosom of fools.",
        "Wolaitta Sentences": "Baasoi bayyiyo wode, xilloi ai oottanau danddayii?"
    },
    {
        "English Sentences": "Say not thou, What is the cause that the former days were better than these? for thou dost not enquire wisely concerning this.",
        "Wolaitta Sentences": "GODAI ba geeshsha Beeta Maqidasiyan de7ees; ba saluwaa kawotaa araatan GODAI asaa xeellees; GODAA aifee asaa qorees."
    },
    {
        "English Sentences": "Wisdom is good with an inheritance: and by it there is profit to them that see the sun.",
        "Wolaitta Sentences": "GODAI xilluwaa qorees. SHin iitatanne hanttaarabaa siiqiyaageeta i keehippe ixxees."
    },
    {
        "English Sentences": "For wisdom is a defence, and money is a defence: but the excellency of knowledge is, that wisdom giveth life to them that have it.",
        "Wolaitta Sentences": "GODAI iitatu bollan eexxiya tamaa bonqquwaanne eexxiya diniyaa bukissana. Xuuggiya gote carkkuwan eta qaxxayana."
    },
    {
        "English Sentences": "Consider the work of God: for who can make that straight, which he hath made crooked?",
        "Wolaitta Sentences": "GODAI xillo gidido gishshau, xillotettaa dosees. Suure asati a sinttaa be7ana."
    },
    {
        "English Sentences": "In the day of prosperity be joyful, but in the day of adversity consider: God also hath set the one over against the other, to the end that man should find nothing after him.",
        "Wolaitta Sentences": "GODAU, nuna maaddarkkii? Aissi giikko, Xoossa asi mulekka baawa; asa giddon ammanettiyaabi xayiichchiis."
    },
    {
        "English Sentences": "All things have I seen in the days of my vanity: there is a just man that perisheth in his righteousness, and there is a wicked man that prolongeth his life in his wickedness.",
        "Wolaitta Sentences": "Ubbatikka issoi issuwaassi wordduwaa haasayoosona; issoi issuwaa sheleeshshiya inxxarssan baletuwan haasayoosona."
    },
    {
        "English Sentences": "Be not righteous over much; neither make thyself over wise: why shouldest thou destroy thyself ?",
        "Wolaitta Sentences": "Abeet GODAU, ha sheleeshshiya doonaa bara. Otoruwan, \"Nuuni nu inxxarssan xoonana; nu inxxarssai nuugaa;"
    },
    {
        "English Sentences": "Be not over much wicked, neither be thou foolish: why shouldest thou die before thy time?",
        "Wolaitta Sentences": "nu godai oonee?\" yaagidi, ceeqettiya inxxarssa ubbaa neeni qanxxa ola."
    },
    {
        "English Sentences": "It is good that thou shouldest take hold of this; yea, also from this withdraw not thine hand: for he that feareth God shall come forth of them all.",
        "Wolaitta Sentences": "GODAI, \"Hiyyeesati un77ettido gishshaunne, metootanchchatu ooliyaa gishshau, ha77i taani denddana. Taani eti amottiyo sarotettan eta wottana\" yaagees."
    },
    {
        "English Sentences": "Wisdom strengtheneth the wise more than ten mighty men which are in the city.",
        "Wolaitta Sentences": "GODAA qaalati walahi bainna geeshshata; coociyaa taman laapputoo tigettida biraadan geeyidaageeta."
    },
    {
        "English Sentences": "For there is not a just man upon earth, that doeth good, and sinneth not.",
        "Wolaitta Sentences": "Abeet GODAU, neeni nuna sarotettan naaganne hagaa mala asappe merinau nuna ashsha."
    },
    {
        "English Sentences": "Also take no heed unto all words that are spoken; lest thou hear thy servant curse thee:",
        "Wolaitta Sentences": "Asaa gidduwan iitai bonchchettido wode, iitati ubba sohuwaara simerettoosona."
    },
    {
        "English Sentences": "For oftentimes also thine own heart knoweth that thou thyself likewise hast cursed others.",
        "Wolaitta Sentences": "Abeet GODAU, aude gakkanaassi neeni tana doguutee? Merinaayyo tana doguutee? Aude gakkanaassi neeni taappe geemmuutee?"
    },
    {
        "English Sentences": "All this have I proved by wisdom: I said, I will be wise; but it was far from me.",
        "Wolaitta Sentences": "Taani ta qofaara baaxetiyoogee aude gakkanaassee? Ubba gallassi azzanoi ta wozanan de7anaagee aude gakkanaassee? Ta morkketi ta bolli goobanaagee aude gakkanaassee?"
    },
    {
        "English Sentences": "That which is far off, and exceeding deep, who can find it out?",
        "Wolaitta Sentences": "GODAU ta Xoossau, haa taakko xeellada, taayyo zaara. Zaarada ta aifiyaa poo7issada, haiquwaappe tana ashsha."
    },
    {
        "English Sentences": "I applied mine heart to know, and to search, and to seek out wisdom, and the reason of things, and to know the wickedness of folly, even of foolishness and madness:",
        "Wolaitta Sentences": "\"Nuuni a xoonida\" yaagidi, ta morkketi ceeqettennaadan teqqa. Ta kunddettan eti ufaittennaadan digga."
    },
    {
        "English Sentences": "And I find more bitter than death the woman, whose heart is snares and nets, and her hands as bands: whoso pleaseth God shall escape from her; but the sinner shall be taken by her.",
        "Wolaitta Sentences": "SHin aggenna ne siiquwan taani ammanettais; neeni tana ashshiyo gishshau, taani ufaittais."
    },
    {
        "English Sentences": "Behold, this have I found, saith the preacher, counting one by one, to find out the account:",
        "Wolaitta Sentences": "GODAU, taani neeyyo yexxana; aissi giikko, neeni taayyo kehadasa."
    },
    {
        "English Sentences": "Which yet my soul seeketh, but I find not: one man among a thousand have I found; but a woman among all those have I not found.",
        "Wolaitta Sentences": "Eeyyati bantta wozanan, \"Xoossai baawa\" yaagoosona. Eta de7oi moorettiis. Eti sheneyiyaabaa oottoosona; lo77iyaabaa oottiya asi baawa."
    },
    {
        "English Sentences": "Lo, this only have I found, that God hath made man upright; but they have sought out many inventions.",
        "Wolaitta Sentences": "Xoossaa koyiya eranchchati de7iyaakkonne be7anau, GODAI saluwaappe duge asaa xeellees."
    },
    {
        "English Sentences": "Who is as the wise man? and who knoweth the interpretation of a thing? a man's wisdom maketh his face to shine, and the boldness of his face shall be changed.",
        "Wolaitta Sentences": "SHin ubbaikka wora simmidosona; ubbaikka muleera go77ennabaa gididosona. Lo77iyaabaa oottiya ooninne baawa; harai atto issoinne baawa."
    },
    {
        "English Sentences": "I counsel thee to keep the king's commandment, and that in regard of the oath of God.",
        "Wolaitta Sentences": "GODAI, \"Hageeti ta asaa bonqqi miidi de7iya iita asati tumu ainne erokkonaa? Eti tana woossokkona\" yaagiis."
    },
    {
        "English Sentences": "Be not hasty to go out of his sight: stand not in an evil thing; for he doeth whatsoever pleaseth him.",
        "Wolaitta Sentences": "SHin Xoossai xillo asatuura de7iyo gishshau, eti hegan dagammana."
    },
    {
        "English Sentences": "Where the word of a king is, there is power: and who may say unto him, What doest thou?",
        "Wolaitta Sentences": "He iita asati hiyyeesatu halchchuwaa halissoosona; shin GODAI hiyyeesati baqatidi, qosetti attiyo soho."
    },
    {
        "English Sentences": "Whoso keepeth the commandment shall feel no evil thing: and a wise man's heart discerneth both time and judgment.",
        "Wolaitta Sentences": "Israa7eelayyo atotettai Xiyooneppe yeerennee! GODAI eta omooduwaa zaariyo wode, Yaaqooba zerettai ufaittana; Israa7eela asai ufaissaa poccu gaana."
    },
    {
        "English Sentences": "Because to every purpose there is time and judgment, therefore the misery of man is great upon him.",
        "Wolaitta Sentences": "Abeet GODAU, ne dunkkaaniyaa gelanau bessiyaagee oonee? Ne geeshsha deriyan nenaara de7anau bessiyaagee oonee?"
    },
    {
        "English Sentences": "For he knoweth not that which shall be: for who can tell him when it shall be?",
        "Wolaitta Sentences": "Suure de7uwaa de7iyaagaa, xillobaa oottiyaagaa, ba wozanaappe tumaa haasayiyaagaa,"
    },
    {
        "English Sentences": "There is no man that hath power over the spirit to retain the spirit; neither hath he power in the day of death: and there is no discharge in that war; neither shall wickedness deliver those that are given to it.",
        "Wolaitta Sentences": "hara asa sunttaa moorennaagaa, ba lagge bolli iitabaa oottennaagaa, ba shooro zigirennaagaa;"
    },
    {
        "English Sentences": "All this have I seen, and applied my heart unto every work that is done under the sun: there is a time wherein one man ruleth over another to his own hurt.",
        "Wolaitta Sentences": "Xoossai ixxiyo asata kariyaagaa, shin GODAU yayyiya asata bonchchiyaagaa, ba caaqqidoogaa ai deexxinkka poliyaagaa,"
    },
    {
        "English Sentences": "And so I saw the wicked buried, who had come and gone from the place of the holy, and they were forgotten in the city where they had so done: this is also vanity.",
        "Wolaitta Sentences": "ba miishshaa dichchau immennaagaa, xillo asa bolli wordduwaa markkattanau mattaayiyaa ekkennaagaa. Ha yohota oottiyaagee merinaukka qaaxxenna."
    },
    {
        "English Sentences": "Because sentence against an evil work is not executed speedily, therefore the heart of the sons of men is fully set in them to do evil.",
        "Wolaitta Sentences": "Abeet Xoossau, taani neekko baqatido gishshau, tana naaga."
    },
    {
        "English Sentences": "Though a sinner do evil an hundred times, and his days be prolonged, yet surely I know that it shall be well with them that fear God, which fear before him:",
        "Wolaitta Sentences": "Taani GODAAYYO, \"Neeni ta Godaa; taani neeppe ekkiyobaappe attin, taayyo lo77obai baawa\" yaagais."
    },
    {
        "English Sentences": "But it shall not be well with the wicked, neither shall he prolong his days, which are as a shadow; because he feareth not before God.",
        "Wolaitta Sentences": "Sa7an de7iya geeshshati ai mala galatettidonaa! Ta ufaissai ubbai etaara issippe gidiyoogaa."
    },
    {
        "English Sentences": "There is a vanity which is done upon the earth; that there be just men, unto whom it happeneth according to the work of the wicked; again, there be wicked men, to whom it happeneth according to the work of the righteous: I said that this also is vanity.",
        "Wolaitta Sentences": "Worddo xoossata kaalliyaageeti bantta bolla metuwaa darissoosona. SHin taani eta worddo xoossatuyyo yarshshikke; taani eta sunttan woossikke."
    },
    {
        "English Sentences": "Then I commended mirth, because a man hath no better thing under the sun, than to eat, and to drink, and to be merry: for that shall abide with him of his labour the days of his life, which God giveth him under the sun.",
        "Wolaitta Sentences": "Ta GODAU, ta de7uwaa saamai nena; tana koshshiya ubbaa neeni taassi immaasa. Ta sintta de7uwau waasee nena."
    },
    {
        "English Sentences": "When I applied mine heart to know wisdom, and to see the business that is done upon the earth: (for also there is that neither day nor night seeth sleep with his eyes:)",
        "Wolaitta Sentences": "Neeni taayyo immido saamai ai keesa lo77oo! Ee tumuppe lo77o!"
    },
    {
        "English Sentences": "Then I beheld all the work of God, that a man cannot find out the work that is done under the sun: because though a man labour to seek it out, yet he shall not find it; yea farther; though a wise man think to know it, yet shall he not be able to find it.",
        "Wolaitta Sentences": "Tana zoriya GODAA galatais; bilahekka ta wozanai tana seerees."
    },
    {
        "English Sentences": "For all this I considered in my heart even to declare all this, that the righteous, and the wise, and their works, are in the hand of God: no man knoweth either love or hatred by all that is before them.",
        "Wolaitta Sentences": "Taani ubbaton GODAI ta sinttan de7iyoogaa hassayais. I taappe ushachcha baggaara de7iyo gishshau, taani yeeqikke."
    },
    {
        "English Sentences": "All things come alike to all: there is one event to the righteous, and to the wicked; to the good and to the clean, and to the unclean; to him that sacrificeth, and to him that sacrificeth not: as is the good, so is the sinner; and he that sweareth, as he that feareth an oath.",
        "Wolaitta Sentences": "Hegaa gishshau, ta wozanai ufaittees; ta shemppoikka ufaittees. Ta bollaikka hirggi bainnan de7ees."
    },
    {
        "English Sentences": "This is an evil among all things that are done under the sun, that there is one event unto all: yea, also the heart of the sons of men is full of evil, and madness is in their heart while they live, and after that they go to the dead.",
        "Wolaitta Sentences": "Tana Si7ooliyau aattada immakka; neeni nenan ammanettiyaagaa musissakka."
    },
    {
        "English Sentences": "For to him that is joined to all the living there is hope: for a living dog is better than a dead lion.",
        "Wolaitta Sentences": "Neeni tana de7o ogiyaa bessaasa. Taani ne achchan de7in, ta ufaissai polettees; ne ushachcha baggaara ufaissai merinau de7ees."
    },
    {
        "English Sentences": "For the living know that they shall die: but the dead know not any thing, neither have they any more a reward; for the memory of them is forgotten.",
        "Wolaitta Sentences": "Abeet GODAU, neeni taayyo xillo pirddaa pirddana mala, taani nena oichchiyoogaa siya; ta waasuwaa ezgga. Taani cimmenna inxxarssaappe woossiyo woosaakko, ne haittaa zaara."
    },
    {
        "English Sentences": "Also their love, and their hatred, and their envy, is now perished; neither have they any more a portion for ever in any thing that is done under the sun.",
        "Wolaitta Sentences": "Ta shatinttai ne sinttappe yo; ne aifee likke gidiyaagaa xeello."
    },
    {
        "English Sentences": "Go thy way, eat thy bread with joy, and drink thy wine with a merry heart; for God now accepteth thy works.",
        "Wolaitta Sentences": "Neeni qamman tana xomoosadasa; ta wozanaa paaccadasa. SHin paaccadakka; ta bolli ainnekka demmakka."
    },
    {
        "English Sentences": "Let thy garments be always white; and let thy head lack no ointment.",
        "Wolaitta Sentences": "Taani hara asatudan iita qaalaa haasayikke; taani ne azazuwaa naagiyo gishshau, gene ogiyaa kaallabeikke."
    },
    {
        "English Sentences": "Live joyfully with the wife whom thou lovest all the days of the life of thy vanity, which he hath given thee under the sun, all the days of thy vanity: for that is thy portion in this life, and in thy labour which thou takest under the sun.",
        "Wolaitta Sentences": "Taani ubbatoo ne ogiyan hemettais; mulekka ne ogiyaappe gaxi kiya erikke."
    },
    {
        "English Sentences": "Whatsoever thy hand findeth to do, do it with thy might; for there is no work, nor device, nor knowledge, nor wisdom, in the grave, whither thou goest.",
        "Wolaitta Sentences": "Abeet Xoossau, taani woossin, neeni siyiyo gishshau, taani nena woossais. Ne haittaa taakko zaarada, taani neeyyo yootiyoogaa ezgga."
    },
    {
        "English Sentences": "I returned, and saw under the sun, that the race is not to the swift, nor the battle to the strong, neither yet bread to the wise, nor yet riches to men of understanding, nor yet favour to men of skill; but time and chance happeneth to them all.",
        "Wolaitta Sentences": "Bantta morkketuppe baqatiyaageeta ne ushachcha kushiyan qottada ashshiyaagoo, garamissiya aggenna ne siiquwaa bessa."
    },
    {
        "English Sentences": "For man also knoweth not his time: as the fishes that are taken in an evil net, and as the birds that are caught in the snare; so are the sons of men snared in an evil time, when it falleth suddenly upon them.",
        "Wolaitta Sentences": "Ne aifiyaa na77iyaadan tana naaga; ne qefiyaa giddon tana qotta."
    },
    {
        "English Sentences": "This wisdom have I seen also under the sun, and it seemed great unto me:",
        "Wolaitta Sentences": "Tana un77i wottida iitatuppenne dooddi wottida diina morkketu kushiyaappe tana qosa."
    },
    {
        "English Sentences": "There was a little city, and few men within it; and there came a great king against it, and besieged it, and built great bulwarks against it:",
        "Wolaitta Sentences": "Etassi qareti baawa; otoruwan haasayoosona."
    },
    {
        "English Sentences": "Now there was found in it a poor wise man, and he by his wisdom delivered the city; yet no man remembered that same poor man.",
        "Wolaitta Sentences": "Taani biyo soho ubban eti tana dooddoosona. Tana biittan aatti yegganau xeelloosona."
    },
    {
        "English Sentences": "Then said I, Wisdom is better than strength: nevertheless the poor man's wisdom is despised, and his words are not heard.",
        "Wolaitta Sentences": "Eti banttau miyoobaa koyiya gaammotu mala; geeman zuggi naagiya wodala gaammotu mala."
    },
    {
        "English Sentences": "The words of wise men are heard in quiet more than the cry of him that ruleth among fools.",
        "Wolaitta Sentences": "Abeet GODAU, dendda. Ta morkketuura eqettada xoona; ne bisuwan iitatuppe tana ashsha ekka."
    },
    {
        "English Sentences": "Wisdom is better than weapons of war: but one sinner destroyeth much good.",
        "Wolaitta Sentences": "Abeet GODAU, hagaa mala asaappe, eta qaadai ha sa7aa de7uwaa xalaalaa gidiyo asaappe ne kushiyan tana ashsha. Neeni etayyo minjjido boshan eta qaxxaya; he boshainne eta naatussi gididi, eta naatu naatussikka palaho."
    },
    {
        "English Sentences": "Dead flies cause the ointment of the apothecary to send forth a stinking savour: so doth a little folly him that is in reputation for wisdom and honour.",
        "Wolaitta Sentences": "SHin taani xillotettan nena be7ana. Taani denddiyo wode, nena be7ada ufaittana."
    },
    {
        "English Sentences": "A wise man's heart is at his right hand; but a fool's heart at his left.",
        "Wolaitta Sentences": "Abeet GODAU, ta wolqqau, taani nena siiqais."
    },
    {
        "English Sentences": "Yea also, when he that is a fool walketh by the way, his wisdom faileth him, and he saith to every one that he is a fool.",
        "Wolaitta Sentences": "GODAI tau wogga zaallaa; taani olaappe naagettiyo miixaa; i tana ashshiyaagaa. Ta Xoossai taani akko baqatiyo ta wogga zaallaa. I ta gonddalliyaa. I tana ashshiya wolqqaamaa; i taani qosetta attiyo soho."
    },
    {
        "English Sentences": "If the spirit of the ruler rise up against thee, leave not thy place; for yielding pacifieth great offences.",
        "Wolaitta Sentences": "Galatai bessiyo GODAA taani xeesais; i ta morkketuppe tana ashshees."
    },
    {
        "English Sentences": "There is an evil which I have seen under the sun, as an error which proceedeth from the ruler:",
        "Wolaitta Sentences": "Haiquwaa hirggai wodorodan tana phuphphuriis; bashshai di7odan tana muukkiis."
    },
    {
        "English Sentences": "Folly is set in great dignity, and the rich sit in low place.",
        "Wolaitta Sentences": "Duufuwaa wodoroi tana qachchana hanees; haiqoi piredan tana oiqqiis."
    },
    {
        "English Sentences": "I have seen servants upon horses, and princes walking as servants upon the earth.",
        "Wolaitta Sentences": "Tana metoi iissin, GODAA xeesaas; \"Tana maadda\" gaada ta Xoossaayyo waassaas. I ba Beeta Maqidasiyan ta cenggurssaa siyiis; taani waassido waasoi a haittan wodhdhiis."
    },
    {
        "English Sentences": "He that diggeth a pit shall fall into it; and whoso breaketh an hedge, a serpent shall bite him.",
        "Wolaitta Sentences": "Wodhdhin Xoossai hanqqettido gishshau, biittai yaaqiyaaqidi qaaxxiis; deretu xaphoi gajigajidi kokkoriis."
    },
    {
        "English Sentences": "Whoso removeth stones shall be hurt therewith; and he that cleaveth wood shall be endangered thereby.",
        "Wolaitta Sentences": "A siiriyaappe hanqquwaa cuwai cuwattiis; a doonaappe miya tamaa lacoinne xuuggiya bonqqoi kiyiis."
    },
    {
        "English Sentences": "If the iron be blunt, and he do not whet the edge, then must he put to more strength: but wisdom is profitable to direct.",
        "Wolaitta Sentences": "Saluwaa i phalqqidi, duge wodhdhiis; he wode a gediyaappe garssaara sikkida shaarai de7ees."
    },
    {
        "English Sentences": "Surely the serpent will bite without enchantment; and a babbler is no better.",
        "Wolaitta Sentences": "Qefiyaara de7iya kiitanchchaa kiruubiyan uttidi paalliis; carkkuwaa qefiyaa ekkidi eesotiis."
    },
    {
        "English Sentences": "The words of a wise man's mouth are gracious; but the lips of a fool will swallow up himself.",
        "Wolaitta Sentences": "Bana xuman kammiis; a dunkkaanee iraara sikkida shaaraa."
    },
    {
        "English Sentences": "The beginning of the words of his mouth is foolishness: and the end of his talk is mischievous madness.",
        "Wolaitta Sentences": "A sinttan de7iya gita poo7uwaappe shachchainne tamaa lacoi kiyiis; kiyidi sikkida shaaraa kanttidi biis."
    },
    {
        "English Sentences": "A fool also is full of words: a man cannot tell what shall be; and what shall be after him, who can tell him?",
        "Wolaitta Sentences": "Qassi GODAI dadaadan saluwaappe guummiis; Ubbaappe Xoqqiya Xoossai ba cenggurssaa sissiis."
    },
    {
        "English Sentences": "The labour of the foolish wearieth every one of them, because he knoweth not how to go to the city.",
        "Wolaitta Sentences": "Ba wonddafiyaa zubbiyaa yeddidi, ba morkketa laaliis; wolqqanttaa poo7uwaa kiittidi, eta yedettiis."
    },
    {
        "English Sentences": "Woe to thee, O land, when thy king is a child, and thy princes eat in the morning!",
        "Wolaitta Sentences": "Abeet GODAU, neeni seerido wodenne, hanqqettada peenuqido wode, abbaa haattai zin77ido biittai beettiis. Qassi sa7aa baasoikka qoncciis."
    },
    {
        "English Sentences": "Blessed art thou, O land, when thy king is the son of nobles, and thy princes eat in due season, for strength, and not for drunkenness!",
        "Wolaitta Sentences": "GODAI bollappe kushiyaa duge yeddidi, tana oiqqiis; ciimma haattaappe tana kessiis."
    },
    {
        "English Sentences": "By much slothfulness the building decayeth; and through idleness of the hands the house droppeth through.",
        "Wolaitta Sentences": "I tana ta wolqqaama morkkiyaappenne tana ixxiyaageetuppe ashshiis. Aissi giikko, eti taayyo keehi daro wolqqaama."
    },
    {
        "English Sentences": "A feast is made for laughter, and wine maketh merry: but money answereth all things.",
        "Wolaitta Sentences": "Ta waayiyaa gallassi eti ta bolli denddidosona; shin GODAI tana zemppissiyaagaa."
    },
    {
        "English Sentences": "Curse not the king, no not in thy thought; and curse not the rich in thy bedchamber: for a bird of the air shall carry the voice, and that which hath wings shall tell the matter.",
        "Wolaitta Sentences": "I tana aaho sohuwaa kessiis; tanan ufaittido gishshau, tana ashshiis."
    },
    {
        "English Sentences": "Cast thy bread upon the waters: for thou shalt find it after many days.",
        "Wolaitta Sentences": "Ta xillotettaadan GODAI tau qanxxiis; ta kushiyaa geeshshatettaadan i tau zaariis."
    },
    {
        "English Sentences": "Give a portion to seven, and also to eight; for thou knowest not what evil shall be upon the earth.",
        "Wolaitta Sentences": "Taani GODAA ogiyaa kaallaas; taani ta Xoossaa aggada wora babeikke."
    },
    {
        "English Sentences": "If the clouds be full of rain, they empty themselves upon the earth: and if the tree fall toward the south, or toward the north, in the place where the tree falleth, there it shall be.",
        "Wolaitta Sentences": "Taani a higgiyaa ubbaa naagaas; a wogaa poliyoogaa aggabeikke."
    },
    {
        "English Sentences": "He that observeth the wind shall not sow; and he that regardeth the clouds shall not reap.",
        "Wolaitta Sentences": "Taani a sinttan suure de7aas; taani tana nagarappe naagaas."
    },
    {
        "English Sentences": "As thou knowest not what is the way of the spirit, nor how the bones do grow in the womb of her that is with child: even so thou knowest not the works of God who maketh all.",
        "Wolaitta Sentences": "Hegaa gishshau, GODAI tau ta xillotettaadaaninne ta kushee a sinttan geeshsha gidiyoogaadan zaariis."
    },
    {
        "English Sentences": "In the morning sow thy seed, and in the evening withhold not thine hand: for thou knowest not whether shall prosper, either this or that, or whether they both shall be alike good.",
        "Wolaitta Sentences": "Abeet GODAU, ammanettiyaageetuyyo neeni ammanettiyaagaa; suuretuyyo neenikka suure."
    },
    {
        "English Sentences": "Truly the light is sweet, and a pleasant thing it is for the eyes to behold the sun:",
        "Wolaitta Sentences": "Geeshshatuyyo neenikka geeshsha; shin geellatuyyo neeni cincca."
    },
    {
        "English Sentences": "But if a man live many years, and rejoice in them all; yet let him remember the days of darkness; for they shall be many. All that cometh is vanity.",
        "Wolaitta Sentences": "Banttana ziqqissiyaageeta ashshaasa; shin banttana xoqqissiyaageeta neeni ziqqissaasa."
    },
    {
        "English Sentences": "Rejoice, O young man, in thy youth; and let thy heart cheer thee in the days of thy youth, and walk in the ways of thine heart, and in the sight of thine eyes: but know thou, that for all these things God will bring thee into judgment.",
        "Wolaitta Sentences": "Abeet GODAU, neeni ta xomppiyaa poo7issaasa; ta Xoossai poo7issin, ta xumai kichchees."
    },
    {
        "English Sentences": "Therefore remove sorrow from thy heart, and put away evil from thy flesh: for childhood and youth are vanity.",
        "Wolaitta Sentences": "Ne maaduwan taani ta morkke wottaaddaratu bolli woraajjais; ta Xoossan taani eta miixaa xeeraara guppa aadhdhais."
    },
    {
        "English Sentences": "Remember now thy Creator in the days of thy youth, while the evil days come not, nor the years draw nigh, when thou shalt say, I have no pleasure in them;",
        "Wolaitta Sentences": "Xoossaa ogee suure. GODAA qaalai ammanettiyaagaa. Akko baqatiya ubbatussi i gonddalle."
    },
    {
        "English Sentences": "While the sun, or the light, or the moon, or the stars, be not darkened, nor the clouds return after the rain:",
        "Wolaitta Sentences": "GODAAPPE attin, hara xoossi baawa; nu Xoossaappe attin, hara wogga zaalli baawa."
    },
    {
        "English Sentences": "In the day when the keepers of the house shall tremble, and the strong men shall bow themselves, and the grinders cease because they are few, and those that look out of the windows be darkened,",
        "Wolaitta Sentences": "Taayyo wolqqaa immiyaageenne ta ogiyaa saro oottiyaagee Xoossaattennee."
    },
    {
        "English Sentences": "And the doors shall be shut in the streets, when the sound of the grinding is low, and he shall rise up at the voice of the bird, and all the daughters of musick shall be brought low;",
        "Wolaitta Sentences": "I ta gediyaa genessaa gediyaadan minttees; tana xoqqa sohotun sarotettan wottees."
    },
    {
        "English Sentences": "Also when they shall be afraid of that which is high, and fears shall be in the way, and the almond tree shall flourish, and the grasshopper shall be a burden, and desire shall fail: because man goeth to his long home, and the mourners go about the streets:",
        "Wolaitta Sentences": "I ta kushiyaa olaa meezeyees; hegaa gishshau, taani ta qesiyan nahaasiyaa giyo birataa wonddafiyaa dafada dukkais."
    },
    {
        "English Sentences": "Or ever the silver cord be loosed, or the golden bowl be broken, or the pitcher be broken at the fountain, or the wheel broken at the cistern.",
        "Wolaitta Sentences": "Tana ashshiya ne gonddalliyaa neeni taayyo immadasa. Ne ushachcha kushee tana zemppissees; ne lo77o ohettai tana gitayees."
    },
    {
        "English Sentences": "Then shall the dust return to the earth as it was: and the spirit shall return unto God who gave it.",
        "Wolaitta Sentences": "Ta hemettiyoosaa aassaasa; hegaa gishshau, ta tohoi harchchibeenna."
    },
    {
        "English Sentences": "Vanity of vanities, saith the preacher; all is vanity.",
        "Wolaitta Sentences": "Ta morkketa taani yedetta oiqqaas; taani eta xaissennan de7aidda guyye simmabeikke."
    },
    {
        "English Sentences": "And moreover, because the preacher was wise, he still taught the people knowledge; yea, he gave good heed, and sought out, and set in order many proverbs.",
        "Wolaitta Sentences": "Taani eta naa77antto denddennaadan shocaas; eti ta tohuwan wullidosona."
    },
    {
        "English Sentences": "The preacher sought to find out acceptable words: and that which was written was upright, even words of truth.",
        "Wolaitta Sentences": "Olau tana wolqqaa gixissadasa; tanaara gaaddetiyaageeta taayyo gulbbatissadasa."
    },
    {
        "English Sentences": "The words of the wise are as goads, and as nails fastened by the masters of assemblies, which are given from one shepherd.",
        "Wolaitta Sentences": "Ta morkketa ta sinttappe guyye baqatissadasa; tana ixxiyaageeta taani xaissaas."
    },
    {
        "English Sentences": "And further, by these, my son, be admonished: of making many books there is no end; and much study is a weariness of the flesh.",
        "Wolaitta Sentences": "Banttana maaddana mala waassidosona, shin ooninne eta ashshibeenna. GODAAKKA eti xeesidosona, shin i etau koyibeenna."
    },
    {
        "English Sentences": "Let us hear the conclusion of the whole matter: Fear God, and keep his commandments: for this is the whole duty of man.",
        "Wolaitta Sentences": "Carkkoi pittidi efiyo baanadan taani eta liiqissaas; ogiyan de7iya urqqaadankka eta yedhdhaas."
    },
    {
        "English Sentences": "For God shall bring every work into judgment, with every secret thing, whether it be good, or whether it be evil.",
        "Wolaitta Sentences": "Makkala asappe tana ashshadasa. Tana kawotettatu bollan sunttadasa; taani erenna asai tau haarettiis."
    }
]