[
    {
        "English Sentences": "The song of songs, which is Solomon's.",
        "Wolaitta Sentences": "Hageeti Israa7eela Kawuwaa Daawita na7aa Solomona leemisota."
    },
    {
        "English Sentences": "Let him kiss me with the kisses of his mouth: for thy love is better than wine.",
        "Wolaitta Sentences": "Leemisoti asai aadhdhida eratettaa, seeraanne era haasayaa akeekanau maaddoosona."
    },
    {
        "English Sentences": "Because of the savour of thy good ointments thy name is as ointment poured forth, therefore do the virgins love thee.",
        "Wolaitta Sentences": "Eti aadhdhida eratettan, de7ana de7uwaa, xillotettaa, suure pirddaanne suuretettaa tamaarissiyaageeta,"
    },
    {
        "English Sentences": "Draw me, we will run after thee: the king hath brought me into his chambers: we will be glad and rejoice in thee, we will remember thy love more than wine: the upright love thee.",
        "Wolaitta Sentences": "hiillaa erennaageeta erissiyaageeta, wodallatussi eratettaanne adussa qofaa immiyaageeta."
    },
    {
        "English Sentences": "I am black, but comely, O ye daughters of Jerusalem, as the tents of Kedar, as the curtains of Solomon.",
        "Wolaitta Sentences": "Aadhdhida eranchchati ha leemisota siyidi, eraa gujjoosona; akeekanchcha asatikka lo77o zoriyaa ekkoosona."
    },
    {
        "English Sentences": "Look not upon me, because I am black, because the sun hath looked upon me: my mother's children were angry with me; they made me the keeper of the vineyards; but mine own vineyard have I not kept.",
        "Wolaitta Sentences": "Hegaadan leemisotanne eta birshshettaa, aadhdhida eranchchatu haasayaanne eta qan77isheta akeekanau danddayettees."
    },
    {
        "English Sentences": "Tell me, O thou whom my soul loveth, where thou feedest, where thou makest thy flock to rest at noon: for why should I be as one that turneth aside by the flocks of thy companions?",
        "Wolaitta Sentences": "Aadhdhida eratettaassi doomettai GODAASSI yayyiyoogaa; shin eeyyati aadhdhida eratettaanne seeraa karoosona."
    },
    {
        "English Sentences": "If thou know not, O thou fairest among women, go thy way forth by the footsteps of the flock, and feed thy kids beside the shepherds' tents.",
        "Wolaitta Sentences": "Ta na7au, ne aawaa zoriyaa ezgga; ne aayyiyaa tamaarissiyoogaakka karoppa."
    },
    {
        "English Sentences": "I have compared thee, O my love, to a company of horses in Pharaoh's chariots.",
        "Wolaitta Sentences": "Hegee ne huuphiyau bonchcho kallachcha; ne qooriyaukka gozdda gidana."
    },
    {
        "English Sentences": "Thy cheeks are comely with rows of jewels, thy neck with chains of gold.",
        "Wolaitta Sentences": "Ta na7au, nena nagaranchchati balettikko, eeno gooppa."
    },
    {
        "English Sentences": "We will make thee borders of gold with studs of silver.",
        "Wolaitta Sentences": "Eti nena, \"Nunaara hindda; asa woranau zuggidi naagoos; gaasoi xayikkonne xillota woranau qosetti uttoos;"
    },
    {
        "English Sentences": "While the king sitteth at his table, my spikenard sendeth forth the smell thereof.",
        "Wolaitta Sentences": "Si7oolee mittiyoogaadan, nuunikka eta paxa de7ishin mittoos; nuuni eta ciimma ollan oliyo asatudan oottana."
    },
    {
        "English Sentences": "A bundle of myrrh is my well-beloved unto me; he shall lie all night betwixt my breasts.",
        "Wolaitta Sentences": "Nuuni al77o miishsha ubbaa demmana; demmidi nu keettaa omooduwan kunttana;"
    },
    {
        "English Sentences": "My beloved is unto me as a cluster of camphire in the vineyards of Engedi.",
        "Wolaitta Sentences": "nunaara zuppeta; demmidobaakka issippe shaakkana\" yaagana."
    },
    {
        "English Sentences": "Behold, thou art fair, my love; behold, thou art fair; thou hast doves' eyes.",
        "Wolaitta Sentences": "Ta na7au, etaara ogiyaa hemettoppa; ne tohuwaa eta loossuwaa yettoppa."
    },
    {
        "English Sentences": "Behold, thou art fair, my beloved, yea, pleasant: also our bed is green.",
        "Wolaitta Sentences": "Aissi giikko, eti iitabaa oottanau woxxoosona; asaa suuttaa gussanau jaamoosona."
    },
    {
        "English Sentences": "The beams of our house are cedar, and our rafters of fir.",
        "Wolaitta Sentences": "Kafoi xeellishin, a oiqqanau gitiyaa yeggiyoogee ainne maaddenna."
    },
    {
        "English Sentences": "I am the rose of Sharon, and the lily of the valleys.",
        "Wolaitta Sentences": "SHin eti bantta suuttaa gussanau zuggoosona; bantta shemppuwaa woranau qosetti uttoosona."
    },
    {
        "English Sentences": "As the lily among thorns, so is my love among the daughters.",
        "Wolaitta Sentences": "Geniyan go77aa demmiya ubbatu wurssettai hegaa mala; he aawu shemppuwaa ekkees."
    },
    {
        "English Sentences": "As the apple tree among the trees of the wood, so is my beloved among the sons. I sat down under his shadow with great delight, and his fruit was sweet to my taste.",
        "Wolaitta Sentences": "Aadhdhida eratettiyaa ogiyan xeesausu; dere gutaran ba qaalaa xoqqu oottada alaahausu."
    },
    {
        "English Sentences": "He brought me to the banqueting house, and his banner over me was love.",
        "Wolaitta Sentences": "Aadhdhida eratettiyaa asai shiiqiyo sohuwan eqqada xeesausu; katamaa geliyo penggiyan eqqada, hagaadan yaagada biddausu;"
    },
    {
        "English Sentences": "Stay me with flagons, comfort me with apples: for I am sick of love.",
        "Wolaitta Sentences": "\"Inttenoo, akeekai paccidoogeetoo, intte akeekaa pacaa aude gakkanaashin dosuuteetii? Qilliicciyaageetoo, qilliicciyoogan aude gakkanaashin ufaittuuteetii? Eeyyatoo, eratettaa aude gakkanaassi ixxuuteetii?"
    },
    {
        "English Sentences": "His left hand is under my head, and his right hand doth embrace me.",
        "Wolaitta Sentences": "Ta seeran simmite; be7ite; taani ta eraa intte bolli gussana; ta qaalaakka inttena tamaarissana."
    },
    {
        "English Sentences": "I charge you, O ye daughters of Jerusalem, by the roes, and by the hinds of the field, that ye stir not up, nor awake my love, till he please.",
        "Wolaitta Sentences": "Taani xeesido wode, intte koyennan ixxideta; taani kushiyaa yeddinkka, ooninne akeekibeenna."
    },
    {
        "English Sentences": "The voice of my beloved! behold, he cometh leaping upon the mountains, skipping upon the hills.",
        "Wolaitta Sentences": "Ta zore ubbaa karideta; ta seeraakka ekkibeekketa."
    },
    {
        "English Sentences": "My beloved is like a roe or a young hart: behold, he standeth behind our wall, he looketh forth at the windows, shewing himself through the lattice.",
        "Wolaitta Sentences": "Hegaa gishshau, inttena metoi gakkiyo wode, taani intte bolli miiccana; intte dagaman kokkoriyo wode, taani inttena qilliiccana."
    },
    {
        "English Sentences": "My beloved spake, and said unto me, Rise up, my love, my fair one, and come away.",
        "Wolaitta Sentences": "Dagamai uushuwaadan intte bolli yiyo wode, metoi gotiyaadan intte bolli yiyo wode, tuggainne waayee intte bolli gakkiyo wode, taani inttena qilliiccana."
    },
    {
        "English Sentences": "For, lo, the winter is past, the rain is over and gone;",
        "Wolaitta Sentences": "\"He wode eti tana xeesana; shin taani koyikke; eti tana minttidi koyana; shin demmokkona."
    },
    {
        "English Sentences": "The flowers appear on the earth; the time of the singing of birds is come, and the voice of the turtle is heard in our land;",
        "Wolaitta Sentences": "Aissi giikko, eti eratettaa ixxidosona; GODAASSI yayyiyoogaa dooribookkona."
    },
    {
        "English Sentences": "The fig tree putteth forth her green figs, and the vines with the tender grape give a good smell. Arise, my love, my fair one, and come away.",
        "Wolaitta Sentences": "Ta zoriyaa ekkibookkona; ta seera ubbaakka karidosona."
    },
    {
        "English Sentences": "O my dove, that art in the clefts of the rock, in the secret places of the stairs, let me see thy countenance, let me hear thy voice; for sweet is thy voice, and thy countenance is comely.",
        "Wolaitta Sentences": "Hegaa gishshau, eti bantta oottido oosuwaa aifiyaa maana; bantta halchchido halchchuwaa aifiyaakka kallana."
    },
    {
        "English Sentences": "Take us the foxes, the little foxes, that spoil the vines: for our vines have tender grapes.",
        "Wolaitta Sentences": "Akeekai paccidoogeeta aadhdhida eratettaappe haakkiyoogee worees; eeyyata shenehoo giyoogee xaissees."
    },
    {
        "English Sentences": "My beloved is mine, and I am his: he feedeth among the lilies.",
        "Wolaitta Sentences": "SHin taani odiyoogaa siyiyaageeti ubbai woppu giidi, saro de7ana; metuwaa hirggaappekka shemppana\" yaagausu."
    },
    {
        "English Sentences": "Until the day break, and the shadows flee away, turn, my beloved, and be thou like a roe or a young hart upon the mountains of Bether.",
        "Wolaitta Sentences": "Ta na7au, neeni ta giyoogaa ekka; ta azazuwaakka ne giddon minjja."
    },
    {
        "English Sentences": "By night on my bed I sought him whom my soul loveth: I sought him, but I found him not.",
        "Wolaitta Sentences": "Aadhdhida eratettaa ezgga; ne wozanaappe akeeka."
    },
    {
        "English Sentences": "I will rise now, and go about the city in the streets, and in the broad ways I will seek him whom my soul loveth: I sought him, but I found him not.",
        "Wolaitta Sentences": "Eratettaa xeesa; akeekaassikka xoqqu oottada alaaha."
    },
    {
        "English Sentences": "The watchmen that go about the city found me: to whom I said, Saw ye him whom my soul loveth?",
        "Wolaitta Sentences": "Asi biraa woikko qosido miishshaa koyiyoogaadan, neeni eratettaa koya."
    },
    {
        "English Sentences": "It was but a little that I passed from them, but I found him whom my soul loveth: I held him, and would not let him go, until I had brought him into my mother's house, and into the chamber of her that conceived me.",
        "Wolaitta Sentences": "He wode neeni GODAASSI yayyiyoogaa giyoogee aibakko akeekana; Xoossaakka loittada erana."
    },
    {
        "English Sentences": "I charge you, O ye daughters of Jerusalem, by the roes, and by the hinds of the field, that ye stir not up, nor awake my love, till he please.",
        "Wolaitta Sentences": "Aissi giikko, GODAI aadhdhida eratettaa immees; appe eratettainne akeekoi beettees."
    },
    {
        "English Sentences": "Who is this that cometh out of the wilderness like pillars of smoke, perfumed with myrrh and frankincense, with all powders of the merchant?",
        "Wolaitta Sentences": "I suuretussi maaddiya zoriyaa minjjees; boree bainnan hemettiyaageetassikka i gonddalle."
    },
    {
        "English Sentences": "Behold his bed, which is Solomon's; threescore valiant men are about it, of the valiant of Israel.",
        "Wolaitta Sentences": "Tumaa pirddiyaageetu ogiyaa naagees; ba ammanettiyaageetu ogiyaakka naagees."
    },
    {
        "English Sentences": "They all hold swords, being expert in war: every man hath his sword upon his thigh because of fear in the night.",
        "Wolaitta Sentences": "He wode neeni xillotettaa, suure pirddaa, suuretettaanne lo77o ooso ubbaa erana."
    },
    {
        "English Sentences": "King Solomon made himself a chariot of the wood of Lebanon.",
        "Wolaitta Sentences": "Aissi giikko, neeni aadhdhida eranchcha gidana; ne eratettaikka nena ufaissana."
    },
    {
        "English Sentences": "He made the pillars thereof of silver, the bottom thereof of gold, the covering of it of purple, the midst thereof being paved with love, for the daughters of Jerusalem.",
        "Wolaitta Sentences": "Nena adussi qoppiyoogee naagana; akeekoikka nena saro ashshana."
    },
    {
        "English Sentences": "Go forth, O ye daughters of Zion, and behold king Solomon with the crown wherewith his mother crowned him in the day of his espousals, and in the day of the gladness of his heart.",
        "Wolaitta Sentences": "Aadhdhida eratettai nena iita asatu balaappe naagana; geellabaa haasayiyaageetuppekka ashshana."
    },
    {
        "English Sentences": "Behold, thou art fair, my love; behold, thou art fair; thou hast doves' eyes within thy locks: thy hair is as a flock of goats, that appear from mount Gilead.",
        "Wolaitta Sentences": "Eti nagaraa xuman de7anau, xillotettaa ogiyaa aggoosona."
    },
    {
        "English Sentences": "Thy teeth are like a flock of sheep that are even shorn, which came up from the washing; whereof every one bear twins, and none is barren among them.",
        "Wolaitta Sentences": "Iitaa oottiyoogan ufaittoosona; geellaban hashshu goosona."
    },
    {
        "English Sentences": "Thy lips are like a thread of scarlet, and thy speech is comely: thy temples are like a piece of a pomegranate within thy locks.",
        "Wolaitta Sentences": "Eti oottiyoogee mirqqetta; eta de7oikka geella."
    },
    {
        "English Sentences": "Thy neck is like the tower of David builded for an armoury, whereon there hang a thousand bucklers, all shields of mighty men.",
        "Wolaitta Sentences": "Aadhdhida eratettai shaaramuxa maccaaseeppenne sheleeshshiya qaalan haasayiya laggetteeppe nena ashshana."
    },
    {
        "English Sentences": "Thy two breasts are like two young roes that are twins, which feed among the lilies.",
        "Wolaitta Sentences": "A ba naatettaa azinaa aggaagausu; ba Xoossaa sinttan maacettido maachchaakka dogausu."
    },
    {
        "English Sentences": "Until the day break, and the shadows flee away, I will get me to the mountain of myrrh, and to the hill of frankincense.",
        "Wolaitta Sentences": "I soo biyoogee haiqqanau biyoogaa; ikko biyoogee haiqqida asai biidosaa kaalettees."
    },
    {
        "English Sentences": "Thou art all fair, my love; there is no spot in thee.",
        "Wolaitta Sentences": "Ikko biya oonikka guyye simmenna; de7uwaa ogiyaakka demmenna."
    },
    {
        "English Sentences": "Come with me from Lebanon, my spouse, with me from Lebanon: look from the top of Amana, from the top of Shenir and Hermon, from the lions' dens, from the mountains of the leopards.",
        "Wolaitta Sentences": "Hegaa aggada, neeni lo77o asatu leemisuwaa kaalla; xillo asatu de7uwaakka qulla."
    },
    {
        "English Sentences": "Thou hast ravished my heart, my sister, my spouse; thou hast ravished my heart with one of thine eyes, with one chain of thy neck.",
        "Wolaitta Sentences": "Aissi giikko, suure asatinne boree bainna asati biittan gam77idi de7ana."
    },
    {
        "English Sentences": "How fair is thy love, my sister, my spouse! how much better is thy love than wine! and the smell of thine ointments than all spices!",
        "Wolaitta Sentences": "SHin iitati biittaappe xoqollettana; ammanttennaageetikka shodettidi xayana."
    },
    {
        "English Sentences": "Thy lips, O my spouse, drop as the honeycomb: honey and milk are under thy tongue; and the smell of thy garments is like the smell of Lebanon.",
        "Wolaitta Sentences": "Ta na7au, taani nena tamaarissiyoogaa dogoppa; ta azazotakka ne wozanan wotta."
    },
    {
        "English Sentences": "A garden inclosed is my sister, my spouse; a spring shut up, a fountain sealed.",
        "Wolaitta Sentences": "Aissi giikko, eti ne bariyaa adussana; ishalo de7uwaakka neeyyo gujjana."
    },
    {
        "English Sentences": "Thy plants are an orchard of pomegranates, with pleasant fruits; camphire, with spikenard,",
        "Wolaitta Sentences": "Aggenna siiqoinne tumatettai neeppe haakkoppona; eta ne qooriyan qachcha; ne wozanankka eta xaafa."
    },
    {
        "English Sentences": "Spikenard and saffron; calamus and cinnamon, with all trees of frankincense; myrrh and aloes, with all the chief spices:",
        "Wolaitta Sentences": "Yaatikko, neeni Xoossaanne asaa sinttan sabettananne nashettana."
    },
    {
        "English Sentences": "A fountain of gardens, a well of living waters, and streams from Lebanon.",
        "Wolaitta Sentences": "Ne polo wozanan GODAA ammanetta; ne akeekan zemppoppa."
    },
    {
        "English Sentences": "Awake, O north wind; and come, thou south; blow upon my garden, that the spices thereof may flow out. Let my beloved come into his garden, and eat his pleasant fruits.",
        "Wolaitta Sentences": "Neeni oottiyo ooso ubban a sinttaya; i nena likke ogiyaa kaalettana."
    },
    {
        "English Sentences": "I am come into my garden, my sister, my spouse: I have gathered my myrrh with my spice; I have eaten my honeycomb with my honey; I have drunk my wine with my milk: eat, O friends; drink, yea, drink abundantly, O beloved.",
        "Wolaitta Sentences": "Nena ne huuphen aadhdhida eranchcha kessoppa; GODAASSI yayya; iitaappekka haakka."
    },
    {
        "English Sentences": "I sleep, but my heart waketh: it is the voice of my beloved that knocketh, saying, Open to me, my sister, my love, my dove, my undefiled: for my head is filled with dew, and my locks with the drops of the night.",
        "Wolaitta Sentences": "Hegee ne bollaa payya wottana; ne meqettaakka xallana."
    },
    {
        "English Sentences": "I have put off my coat; how shall I put it on? I have washed my feet; how shall I defile them?",
        "Wolaitta Sentences": "GODAA ne duretettan bonchcha; koiro aifida katta ubbaappekka xeeraa ayyo immiyoogan a bonchcha."
    },
    {
        "English Sentences": "My beloved put in his hand by the hole of the door, and my bowels were moved for him.",
        "Wolaitta Sentences": "Yaatikko, ne gootaratun kattai kumana; ne baattaakka aife woine eessai kumidi palahana."
    },
    {
        "English Sentences": "I rose up to open to my beloved; and my hands dropped with myrrh, and my fingers with sweet smelling myrrh, upon the handles of the lock.",
        "Wolaitta Sentences": "Ta na7au, GODAA seeraa karoppa; i nena qaxxayiyo wodekka lanccoppa."
    },
    {
        "English Sentences": "I opened to my beloved; but my beloved had withdrawn himself, and was gone: my soul failed when he spake: I sought him, but I could not find him; I called him, but he gave me no answer.",
        "Wolaitta Sentences": "Aissi giikko, aawai ba siiqiyo na7aa seeriyoogaadan, GODAI ba ufaittiyo uraa seerees."
    },
    {
        "English Sentences": "The watchmen that went about the city found me, they smote me, they wounded me; the keepers of the walls took away my veil from me.",
        "Wolaitta Sentences": "Aadhdhida eratettaa demmiya urai, akeekaakka babaa oottiya urai anjjettidaagaa."
    },
    {
        "English Sentences": "I charge you, O daughters of Jerusalem, if ye find my beloved, that ye tell him, that I am sick of love.",
        "Wolaitta Sentences": "Aissi giikko, appe demmiyo go77ai biraappe demmiyo go77aappe aadhdhees; appe beettiya go77ai worqqaappe beettiya go77aappe kehees."
    },
    {
        "English Sentences": "What is thy beloved more than another beloved, O thou fairest among women? what is thy beloved more than another beloved, that thou dost so charge us?",
        "Wolaitta Sentences": "Aadhdhida eratettai inqquwaappe keehi al77o; neeni demmanau amottiyo ubbai aadhdhida eratettaara likkettenna."
    },
    {
        "English Sentences": "My beloved is white and ruddy, the chiefest among ten thousand.",
        "Wolaitta Sentences": "Aadhdhida eratettai ne bariyaa adussees; i neeyyo duretettaanne bonchchuwaa gujjees."
    },
    {
        "English Sentences": "His head is as the most fine gold, his locks are bushy, and black as a raven.",
        "Wolaitta Sentences": "A ogeti ufaissiya ogeta; a loosso ubbaikka saro."
    },
    {
        "English Sentences": "His eyes are as the eyes of doves by the rivers of waters, washed with milk, and fitly set.",
        "Wolaitta Sentences": "I bana oiqqiyaageetussi de7o mitta; a mintti oiqqiya ubbatikka anjjettidaageeta."
    },
    {
        "English Sentences": "His cheeks are as a bed of spices, as sweet flowers: his lips like lilies, dropping sweet smelling myrrh.",
        "Wolaitta Sentences": "GODAI ba aadhdhida eratettan sa7aa medhdhiis; ba akeekankka salota minttiis."
    },
    {
        "English Sentences": "His hands are as gold rings set with the beryl: his belly is as bright ivory overlaid with sapphires.",
        "Wolaitta Sentences": "A eratettan shaafati goggoosona; shaaratuppekka irai bukkees."
    },
    {
        "English Sentences": "His legs are as pillars of marble, set upon sockets of fine gold: his countenance is as Lebanon, excellent as the cedars.",
        "Wolaitta Sentences": "Ta na7au, lo77o aadhdhida eratettaanne adussi qoppiyoogaa naaga; eti neeppe shaahettoppona."
    },
    {
        "English Sentences": "His mouth is most sweet: yea, he is altogether lovely. This is my beloved, and this is my friend, O daughters of Jerusalem.",
        "Wolaitta Sentences": "Eti neeyyo de7o gidana; eti neeyyo ishalonne ufaissa de7uwaa immana."
    },
    {
        "English Sentences": "Whither is thy beloved gone, O thou fairest among women? whither is thy beloved turned aside? that we may seek him with thee.",
        "Wolaitta Sentences": "He wode neeni ne ogiyan hirggi bainnan hemettana; ne tohoikka xubettenna."
    },
    {
        "English Sentences": "My beloved is gone down into his garden, to the beds of spices, to feed in the gardens, and to gather lilies.",
        "Wolaitta Sentences": "Neeni zin77ido wode, yayyakka; zin77adakka mal77o xiskkuwaa xiskkana."
    },
    {
        "English Sentences": "I am my beloved's, and my beloved is mine: he feedeth among the lilies.",
        "Wolaitta Sentences": "Akeekennan gakkiya bashshau, woikko iitati xayiyo xayuwau yayyakka."
    },
    {
        "English Sentences": "Thou art beautiful, O my love, as Tirzah, comely as Jerusalem, terrible as an army with banners.",
        "Wolaitta Sentences": "Aissi giikko, GODAI neeyyo ammanettiyaagaa gidana; ne gedeekka piriyan oiqettennaadan, i nena naagana."
    },
    {
        "English Sentences": "Turn away thine eyes from me, for they have overcome me: thy hair is as a flock of goats that appear from Gilead.",
        "Wolaitta Sentences": "Neeyyo wolqqai de7ishin, metootidaagau lo77obaa oottiyoogaa aggoppa."
    },
    {
        "English Sentences": "Thy teeth are as a flock of sheep which go up from the washing, whereof every one beareth twins, and there is not one barren among them.",
        "Wolaitta Sentences": "Ha77i neeyyo de7ishin, ne shooruwaayyo, \"Simmada ya; taani neeyyo wontto immana\" yaagoppa."
    },
    {
        "English Sentences": "As a piece of a pomegranate are thy temples within thy locks.",
        "Wolaitta Sentences": "Nenan ammanettidi, ne matan de7ishin, ne shooruwaa bolli iitabaa oottanau halchchoppa."
    },
    {
        "English Sentences": "There are threescore queens, and fourscore concubines, and virgins without number.",
        "Wolaitta Sentences": "Nena naaqqibeenna asa, coo mootoppa."
    },
    {
        "English Sentences": "My dove, my undefiled is but one; she is the only one of her mother, she is the choice one of her that bare her. The daughters saw her, and blessed her; yea, the queens and the concubines, and they praised her.",
        "Wolaitta Sentences": "Sugetta oottiya asata qulloppa; eta iita oosuwaakka kaalloppa."
    },
    {
        "English Sentences": "Who is she that looketh forth as the morning, fair as the moon, clear as the sun, and terrible as an army with banners?",
        "Wolaitta Sentences": "Aissi giikko, GODAI iitaa oottiyaageeta ixxees; shin suuretuyyo i ulottees."
    },
    {
        "English Sentences": "I went down into the garden of nuts to see the fruits of the valley, and to see whether the vine flourished, and the pomegranates budded.",
        "Wolaitta Sentences": "GODAA qanggettai iitaa oottiyaageetu soona; shin a anjjoi suurebaa haniyaageetu soona."
    },
    {
        "English Sentences": "Or ever I was aware, my soul made me like the chariots of Amminadib.",
        "Wolaitta Sentences": "Otorettidi qilliicciyaageeta GODAIKKA qilliiccees; shin banttana kaushshiyaageeta nashshees."
    },
    {
        "English Sentences": "Return, return, O Shulamite; return, return, that we may look upon thee. What will ye see in the Shulamite? As it were the company of two armies.",
        "Wolaitta Sentences": "Aadhdhida eranchchati bonchchuwaa demmana; shin eeyyati kauyyana."
    },
    {
        "English Sentences": "How beautiful are thy feet with shoes, O prince's daughter! the joints of thy thighs are like jewels, the work of the hands of a cunning workman.",
        "Wolaitta Sentences": "Ta naatoo, intte aawaa zoriyaa siyite; loitti ezggite; yaatikko, intte akeekana."
    },
    {
        "English Sentences": "Thy navel is like a round goblet, which wanteth not liquor: thy belly is like an heap of wheat set about with lilies.",
        "Wolaitta Sentences": "Taani intteyyo lo77o timirttiyaa immiyo gishshau, ta timirttiyaa yeggoppite."
    },
    {
        "English Sentences": "Thy two breasts are like two young roes that are twins.",
        "Wolaitta Sentences": "Taani ta huuphenkka ta aawaassi na7a; ta aayeessikka a siiqiyo mexi issi na7a."
    },
    {
        "English Sentences": "Thy neck is as a tower of ivory; thine eyes like the fishpools in Heshbon, by the gate of Bathrabbim: thy nose is as the tower of Lebanon which looketh toward Damascus.",
        "Wolaitta Sentences": "Ta aawai tana tamaarissiiddi, hagaadan yaagiis; \"Taani odiyoogee neeyyo gelo; ta azazuwaa naaga; yaatikko, neeni paxa de7ana."
    },
    {
        "English Sentences": "Thine head upon thee is like Carmel, and the hair of thine head like purple; the king is held in the galleries.",
        "Wolaitta Sentences": "Aadhdhida eratettaanne akeekaa demmanau minna; taani neeyyo odidobaa dogoppa; ta qaalaappe kiyoppa."
    },
    {
        "English Sentences": "How fair and how pleasant art thou, O love, for delights!",
        "Wolaitta Sentences": "Aadhdhida eratettaayyo zokkuwaa zaaroppa; aissi giikko, i nena ashshana; a siiqa; siiqikko i nena naagana."
    },
    {
        "English Sentences": "This thy stature is like to a palm tree, and thy breasts to clusters of grapes.",
        "Wolaitta Sentences": "Aadhdhida eratettai ubbaappe aadhdhiyo gishshau, aadhdhida eratettaa demma. Akeekai ne aquwaa ubbaa wurssi ekkikkokka a demma."
    },
    {
        "English Sentences": "I said, I will go up to the palm tree, I will take hold of the boughs thereof: now also thy breasts shall be as clusters of the vine, and the smell of thy nose like apples;",
        "Wolaitta Sentences": "Neeni a bonchcha; ikka nena xoqqu xoqqu oottana; neeni a oiqqikko, i nena bonchchana."
    },
    {
        "English Sentences": "And the roof of thy mouth like the best wine for my beloved, that goeth down sweetly, causing the lips of those that are asleep to speak.",
        "Wolaitta Sentences": "I ne huuphiyan sabaa akiliiliyaa wottana; bonchcho kallachchaakka immana\" yaagiis."
    },
    {
        "English Sentences": "I am my beloved's, and his desire is toward me.",
        "Wolaitta Sentences": "Ta na7au, siya; taani giyoogaakka ekka; ne bareekka aduqqana."
    },
    {
        "English Sentences": "Come, my beloved, let us go forth into the field; let us lodge in the villages.",
        "Wolaitta Sentences": "Taani nena aadhdhida eratettaa ogiyaa kaalettana; suure loossuwaarakka efaana."
    },
    {
        "English Sentences": "Let us get up early to the vineyards; let us see if the vine flourish, whether the tender grape appear, and the pomegranates bud forth: there will I give thee my loves.",
        "Wolaitta Sentences": "Neeni hemettiyo wode, ne hemettiyoosan xubbiyaabi de7enna; woxxikkokka xubettakka."
    },
    {
        "English Sentences": "The mandrakes give a smell, and at our gates are all manner of pleasant fruits, new and old, which I have laid up for thee, O my beloved.",
        "Wolaitta Sentences": "Tamaaridoogaa hassaya; timirttee neeyyo de7o gidido gishshau, loitta naaga; yeddoppa."
    },
    {
        "English Sentences": "O that thou wert as my brother, that sucked the breasts of my mother! when I should find thee without, I would kiss thee; yea, I should not be despised.",
        "Wolaitta Sentences": "Nagaranchchatu ogiyaa yedhdhoppa; iita asatu ogiyankka hemettoppa;"
    },
    {
        "English Sentences": "I would lead thee, and bring thee into my mother's house, who would instruct me: I would cause thee to drink of spiced wine of the juice of my pomegranate.",
        "Wolaitta Sentences": "appe haakka; an hemettoppa; appe guyye simma; yaatada ne ogiyan ba."
    },
    {
        "English Sentences": "His left hand should be under my head, and his right hand should embrace me.",
        "Wolaitta Sentences": "Aissi giikko, eti iitabaa oottana gakkanaashin, xiskkanau danddayokkona; eti asa xubbennan eta xiskkoi efeenna."
    },
    {
        "English Sentences": "I charge you, O daughters of Jerusalem, that ye stir not up, nor awake my love, until he please.",
        "Wolaitta Sentences": "Eti nagaraa oittadan moosona; sugettaa oosuwaakka ushshadan uyoosona."
    },
    {
        "English Sentences": "Who is this that cometh up from the wilderness, leaning upon her beloved? I raised thee up under the apple tree: there thy mother brought thee forth: there she brought thee forth that bare thee.",
        "Wolaitta Sentences": "Xillotu ogee gallassai seetana gakkanaashin, gujji gujji poo7iya maallado xalqqiyaa mala."
    },
    {
        "English Sentences": "Set me as a seal upon thine heart, as a seal upon thine arm: for love is strong as death; jealousy is cruel as the grave: the coals thereof are coals of fire, which hath a most vehement flame.",
        "Wolaitta Sentences": "SHin nagaranchchatu ogee sakkanaa xumaa mala; eti aibin xubettiyaakkokka erokkona."
    },
    {
        "English Sentences": "Many waters cannot quench love, neither can the floods drown it: if a man would give all the substance of his house for love, it would utterly be contemned.",
        "Wolaitta Sentences": "Ta na7au, taani yootiyoogaa siya; taani odiyoogaakka loittada ezgga."
    },
    {
        "English Sentences": "We have a little sister, and she hath no breasts: what shall we do for our sister in the day when she shall be spoken for?",
        "Wolaitta Sentences": "Taani odidobati ne baazzaappe deshoppona; eta ne wozanan wotta."
    },
    {
        "English Sentences": "If she be a wall, we will build upon her a palace of silver: and if she be a door, we will inclose her with boards of cedar.",
        "Wolaitta Sentences": "Aissi giikko, etabai geliyo asau ubbau eti de7uwaa immoosona; eta bollaukka payyatettaa immoosona."
    },
    {
        "English Sentences": "I am a wall, and my breasts like towers: then was I in his eyes as one that found favour.",
        "Wolaitta Sentences": "Ubbabaappekka ne wozanaa minttada naaga; aissi giikko, de7oi appe pulttees."
    },
    {
        "English Sentences": "Solomon had a vineyard at Baalhamon; he let out the vineyard unto keepers; every one for the fruit thereof was to bring a thousand pieces of silver.",
        "Wolaitta Sentences": "Ne doonaappe gene haasayaa digga; wordduwaa haasayiyaageetu achchappekka kichcha."
    },
    {
        "English Sentences": "My vineyard, which is mine, is before me: thou, O Solomon, must have a thousand, and those that keep the fruit thereof two hundred.",
        "Wolaitta Sentences": "Sitti gaada sinttau xeella; ne aifee ne sinttan de7iyaabaa tishshi oottidi xeello."
    },
    {
        "English Sentences": "Thou that dwellest in the gardens, the companions hearken to thy voice: cause me to hear it.",
        "Wolaitta Sentences": "Ne gediyaassi ogiyaa salallissa; suure oge xalaalan hemetta."
    },
    {
        "English Sentences": "Make haste, my beloved, and be thou like to a roe or to a young hart upon the mountains of spices.",
        "Wolaitta Sentences": "Suure ogiyaappe ushachchi haddirssi baqqoppa; ne tohoi iitasaa beennaadan naaga."
    }
]