[
    {
        "English Sentences": "The vision of Isaiah the son of Amoz, which he saw concerning Judah and Jerusalem in the days of Uzziah, Jotham, Ahaz, and Hezekiah, kings of Judah.",
        "Wolaitta Sentences": "Mazamure ubbaappe aadhdhiya Solomona mazamuree hagaa."
    },
    {
        "English Sentences": "Hear, O heavens, and give ear, O earth: for the LORD hath spoken, I have nourished and brought up children, and they have rebelled against me.",
        "Wolaitta Sentences": "\"Ne siiqoi woiniyaa eessaappe aadhdhi ufaissiyo gishshau, ne menttershshan zaara zaaradakka tana yera."
    },
    {
        "English Sentences": "The ox knoweth his owner, and the ass his master's crib: but Israel doth not know, my people doth not consider.",
        "Wolaitta Sentences": "Ne tiyettiyo shittoi aiba sawii! Ne sunttai xeesettiyo wodekka aiba ufaissii! Geela7oti nena siiqiyoogee hegaassa."
    },
    {
        "English Sentences": "Ah sinful nation, a people laden with iniquity, a seed of evildoers, children that are corrupters: they have forsaken the LORD, they have provoked the Holy One of Israel unto anger, they are gone away backward.",
        "Wolaitta Sentences": "Tana nenaara ekkada ba. Haaya, ane naa77ai issippe woxxoos! Ta kawuwau, tana ne siirixaa gelissa\" yaagaasu. \"Aban nuuni ai keenaa ufaittidonii! Nuuni a siiquwaa woiniyaa eessaappekka aattidi nashshoos. Tumukka maccaasai ubbai nena siiqanau bessees\" yaagidosona."
    },
    {
        "English Sentences": "Why should ye be stricken any more? ye will revolt more and more: the whole head is sick, and the whole heart faint.",
        "Wolaitta Sentences": "\"Inttenoo, Yerusalaame maccaasatoo, siyite, taani karetta; gidikkonne, malanchcha. Ta karettatettai Qeedaare dunkkaaniyaa mala; shin ta merai Solomona kawo keettaa magalashotu mala."
    },
    {
        "English Sentences": "From the sole of the foot even unto the head there is no soundness in it; but wounds, and bruises, and putrifying sores: they have not been closed, neither bound up, neither mollified with ointment.",
        "Wolaitta Sentences": "\"Ta meraa karexissidaagee xuuggiya awaa; taani karetta gidido gishshau, tana karoppa. Ta ishantti, ta aayee naati tanaara ooyettidi, tana woiniyaa turaa naaganchcha oottidosona; yaatin, taani tana naagabeikke."
    },
    {
        "English Sentences": "Your country is desolate, your cities are burned with fire: your land, strangers devour it in your presence, and it is desolate, as overthrown by strangers.",
        "Wolaitta Sentences": "\"Ta siiquwau, ane taayyo oda; ne dorssaa wudiyaa neeni heemmiyoi awaanee? Gallassi awaappe ne eta allaxissiyoi awaanee? Nena demmanau ne laggetu wudiyaa kaallaidda, aibissi yuushshanchcha maccaasa gidoo?\" yaagaasu."
    },
    {
        "English Sentences": "And the daughter of Zion is left as a cottage in a vineyard, as a lodge in a garden of cucumbers, as a besieged city.",
        "Wolaitta Sentences": "\"Bii, maccaasa ubbaappe aadhdha lo77iya malanchchee! Sohuwaa erana xayikko, dorssai biidosaa kaallada ba; ne deeshsha maratakka henttanchchatu dunkkaaniyaa matan heemma."
    },
    {
        "English Sentences": "Except the LORD of hosts had left unto us a very small remnant, we should have been as Sodom, and we should have been like unto Gomorrah.",
        "Wolaitta Sentences": "Ta siiqee! Gibxxe kawuwaa paraa gaariyaa goochchiya paratu giddon de7iya maggaayeedan lo77aasa."
    },
    {
        "English Sentences": "Hear the word of the LORD, ye rulers of Sodom; give ear unto the law of our God, ye people of Gomorrah.",
        "Wolaitta Sentences": "Abeet, ne haittan goolattiya alleequwaara shiiqidi, ne gacoi aiba lo77ii! Ne ziizzeekka inqquwan alleeqettidaagaa."
    },
    {
        "English Sentences": "To what purpose is the multitude of your sacrifices unto me? saith the LORD: I am full of the burnt offerings of rams, and the fat of fed beasts; and I delight not in the blood of bullocks, or of lambs, or of he goats.",
        "Wolaitta Sentences": "Nuuni neeyyo biran alleeqettida, worqqa alleequwaa ootissana\" yaagiis."
    },
    {
        "English Sentences": "When ye come to appear before me, who hath required this at your hand, to tread my courts?",
        "Wolaitta Sentences": "\"Kawoi maaddan uttidaashin, ta shittuwaa sawoi keettaa giddo ubban tonggu giis."
    },
    {
        "English Sentences": "Bring no more vain oblations; incense is an abomination unto me; the new moons and sabbaths, the calling of assemblies, I cannot away with; it is iniquity, even the solemn meeting.",
        "Wolaitta Sentences": "Ta siiqoi ta xanttatuppe gidduwan shemppiyo wode, a peenoi qarcciitaara de7iya karbbiyaadan sawees."
    },
    {
        "English Sentences": "Your new moons and your appointed feasts my soul hateth: they are a trouble unto me; I am weary to bear them.",
        "Wolaitta Sentences": "Ta siiqoi Enggaada geetettiya woiniyaa sohuwan mokkida bazzo ciishshaa mala\" yaagaasu."
    },
    {
        "English Sentences": "And when ye spread forth your hands, I will hide mine eyes from you: yea, when ye make many prayers, I will not hear: your hands are full of blood.",
        "Wolaitta Sentences": "\"Ta siiqee, neeni aiba lo77ai! Neeni aiba lo77ai! Ne aifeti haraphphiyaa aifiyaadan lo77oosona\" yaagiis. Geela7iyaa:"
    },
    {
        "English Sentences": "Wash you, make you clean; put away the evil of your doings from before mine eyes; cease to do evil;",
        "Wolaitta Sentences": "\"Ta siiquwau, neeni aiba lo77ai! Aiba ufaissai; nu arssaikka aacida maataadan ufaissiyaagaa."
    },
    {
        "English Sentences": "Learn to do well; seek judgment, relieve the oppressed, judge the fatherless, plead for the widow.",
        "Wolaitta Sentences": "Nu keettaa zaaroi zigaa; kaaraikka xiiddan dadettidaagaa\" yaagaasu."
    },
    {
        "English Sentences": "Come now, and let us reason together, saith the LORD: though your sins be as scarlet, they shall be as white as snow; though they be red like crimson, they shall be as wool.",
        "Wolaitta Sentences": "\"Taani Saaroona giyo sohuwan mokkiya ciishshaanne wombban mokkiya lo77o ciishshaa mala\" yaagaasu."
    },
    {
        "English Sentences": "If ye be willing and obedient, ye shall eat the good of the land:",
        "Wolaitta Sentences": "\"Ee ta siiqiyaa maccaasaa giddon xeelliyo wode, agunttaa giddon beettiya lo77o ciishshaa milatausu\" yaagiis."
    },
    {
        "English Sentences": "But if ye refuse and rebel, ye shall be devoured with the sword: for the mouth of the LORD hath spoken it.",
        "Wolaitta Sentences": "\"Ta siiqoi hara wodallatu giddon xeelliyo wode, woran de7iya appiliyaa giyo mittaa milatees; tana keehi ufaissin, a kuwaa giddon uttaas; a aifee min, tana keehi mal77ees."
    },
    {
        "English Sentences": "How is the faithful city become an harlot! it was full of judgment; righteousness lodged in it; but now murderers.",
        "Wolaitta Sentences": "I tana kattaa miyo aaho wuigiyaa gelissiis; ba siiquwaa banddiraadan ta bolli xoqqu xoqqu oottiis."
    },
    {
        "English Sentences": "Thy silver is become dross, thy wine mixed with water:",
        "Wolaitta Sentences": "Taani a siiquwan ohettada harggido gishshau, zabiibiyaa aifiyaa tana mizidi gasttissite; appiliyaa tana mizidi, ta wolqqaa kunttite."
    },
    {
        "English Sentences": "Thy princes are rebellious, and companions of thieves: every one loveth gifts, and followeth after rewards: they judge not the fatherless, neither doth the cause of the widow come unto them.",
        "Wolaitta Sentences": "Ba haddirssa kushiyaa tana borkkotissiis; ba ushachcha kushiyan tana qoommiis."
    },
    {
        "English Sentences": "Therefore saith the LORD, the LORD of hosts, the mighty One of Israel, Ah, I will ease me of mine adversaries, and avenge me of mine enemies:",
        "Wolaitta Sentences": "Inttenoo Yerusalaame yelaga maccaasau, siiqoi bau dosidi denddana gakkanaashin, a intte beegottenna mala, taani inttena genessatuuninne bazzo wushatun callais."
    },
    {
        "English Sentences": "And I will turn my hand upon thee, and purely purge away thy dross, and take away all thy tin:",
        "Wolaitta Sentences": "\"Siyite, hegee ta siiquwaa cenggurssaa! Be7ite deriyaara piriiddi, keratu bollaara xonggettiiddi gakkiis!"
    },
    {
        "English Sentences": "And I will restore thy judges as at the first, and thy counsellors as at the beginning: afterward thou shalt be called, The city of righteousness, the faithful city.",
        "Wolaitta Sentences": "Ta siiqoi wushaa mala; woikko genessa maraa milatees. Be7ite, i nu keettaa dirssaa matan eqqiis; eqqidi maskkootiyaara soo xeellees; magalashuwaa garssaarakka luuxxidi xeellees."
    },
    {
        "English Sentences": "Zion shall be redeemed with judgment, and her converts with righteousness.",
        "Wolaitta Sentences": "Ta siiqoi tana hagaadan yaagees; Ta siiqee, dendda! Ta malanchchee, haaya! Issippe ane boos."
    },
    {
        "English Sentences": "And the destruction of the transgressors and of the sinners shall be together, and they that forsake the LORD shall be consumed.",
        "Wolaitta Sentences": "Be7a, balggoi aadhdhiis; iraikka eqqiis."
    },
    {
        "English Sentences": "For they shall be ashamed of the oaks which ye have desired, and ye shall be confounded for the gardens that ye have chosen.",
        "Wolaitta Sentences": "Biittan ciishshai ciyyiis; yettaa yexxiyo aginaikka gakkiis; haraphphiyaa yettai nu biittan siyettees."
    },
    {
        "English Sentences": "For ye shall be as an oak whose leaf fadeth, and as a garden that hath no water.",
        "Wolaitta Sentences": "Balasee aifiyaa doommiis; woinee ciyyiis; a ciishshaa sawoi biittan tonggu gees. Hegaa gishshau, ta siiqee, dendda; ta malanchchee, haaya; ane issippe boos yaagees\" yaagaasu."
    },
    {
        "English Sentences": "And the strong shall be as tow, and the maker of it as a spark, and they shall both burn together, and none shall quench them.",
        "Wolaitta Sentences": "\"Neeni aafuwaa doona zaallaa za7an qosettida haraphphee mala; ane issitoo tana ne som77uwaa bessa; ne cenggurssaakka sissa. Aissi giikko, ne cenggurssai tana qarettees; ne som77oikka daro lo77ees\" yaagiis."
    },
    {
        "English Sentences": "The word that Isaiah the son of Amoz saw concerning Judah and Jerusalem.",
        "Wolaitta Sentences": "\"Nu woinee ciyyiis; hegaa gishshau, nu woiniyaa gidduwaa bashshiya worakanata, he qeeri worakanata piriyaa wottidi oiqqite\" yaagidosona."
    },
    {
        "English Sentences": "And it shall come to pass in the last days, that the mountain of the LORD's house shall be established in the top of the mountains, and shall be exalted above the hills; and all nations shall flow unto it.",
        "Wolaitta Sentences": "\"Ta siiqoi taagaa; taanikka aaro; ciishshaa giddon i ba wudiyaa heemmees."
    },
    {
        "English Sentences": "And many people shall go and say, Come ye, and let us go up to the mountain of the LORD, to the house of the God of Jacob; and he will teach us of his ways, and we will walk in his paths: for out of Zion shall go forth the law, and the word of the LORD from Jerusalem.",
        "Wolaitta Sentences": "Qamma xumai qaarettanaashin, maallado carkkoi carkkanaashin, ta siiquwau, genessaadan woikko yelaga wushaadan, aafotiya deriyaara woxxaidda haa simma\" yaagaasu."
    },
    {
        "English Sentences": "And he shall judge among the nations, and shall rebuke many people: and they shall beat their swords into plowshares, and their spears into pruninghooks: nation shall not lift up sword against nation, neither shall they learn war any more.",
        "Wolaitta Sentences": "\"Qamma kumettaa ta hiixan zin77ada, ta siiquwaa demmanau amottaas; minttada koyaas; shin demmanau danddayabeikke."
    },
    {
        "English Sentences": "O house of Jacob, come ye, and let us walk in the light of the LORD.",
        "Wolaitta Sentences": "Katamaa giddon de7iya aahonne xuntta ogetu ubban yuuyaas; ta siiquwaa demmanau koyaas; minttada koyaas; shin demmanau danddayabeikke."
    },
    {
        "English Sentences": "Therefore thou hast forsaken thy people the house of Jacob, because they be replenished from the east, and are soothsayers like the Philistines, and they please themselves in the children of strangers.",
        "Wolaitta Sentences": "Katamaa yuuyi naagiyaageeti tana demmidosona; taanikka, Ta siiquwaa be7idetii? yaagada eta oichchaas."
    },
    {
        "English Sentences": "Their land also is full of silver and gold, neither is there any end of their treasures; their land is also full of horses, neither is there any end of their chariots:",
        "Wolaitta Sentences": "Etappe yaa kanttanne ta siiquwaa demmaagaas. I taappe kessi ekkennaadan, minttada oiqqaas; oiqqada taayee soo ekka efaas; ta yelettido kifiliyaa gelissaas."
    },
    {
        "English Sentences": "Their land also is full of idols; they worship the work of their own hands, that which their own fingers have made:",
        "Wolaitta Sentences": "Inttenoo Yerusalaame yelaga maccaasau, siiqoi bau dosidi denddana gakkanaashin, a intte beegottenna mala, taani inttena genessatuuninne bazzo wushatun callais\" yaagaasu."
    },
    {
        "English Sentences": "And the mean man boweth down, and the great man humbleth himself: therefore forgive them not.",
        "Wolaitta Sentences": "\"Hagee bazzoora yiyaagee, cuwaa tuussaa milatiyaagee, peenoikka zal77anchchaa ixaanaadaaninne karbbiyaadan sawiyoogee i aibee?"
    },
    {
        "English Sentences": "Enter into the rock, and hide thee in the dust, for fear of the LORD, and for the glory of his majesty.",
        "Wolaitta Sentences": "Hegaa be7ite, Solomona paraa gaaree yees; he paraa gaaree Israa7eelappe doorettida wolqqaamati, usuppun tammu tooranchchati ajabidosona."
    },
    {
        "English Sentences": "The lofty looks of man shall be humbled, and the haughtiness of men shall be bowed down, and the LORD alone shall be exalted in that day.",
        "Wolaitta Sentences": "Eti ubbaikka bisuwaa ohettaa meezetidaageetanne olankka paacettidaageeta. Qamman gakkana metuwaa eqettanau, eti issoi issoi bisuwaa gixxidi giigidaageeta."
    },
    {
        "English Sentences": "For the day of the LORD of hosts shall be upon every one that is proud and lofty, and upon every one that is lifted up; and he shall be brought low:",
        "Wolaitta Sentences": "Kawuwaa Solomoni paraa gaariyaa giddon baayyo uttiyo kawotaa araataa giigissiis. I araataa Liibaanoosa deriyaappe ehiido mittaappe ootissiis."
    },
    {
        "English Sentences": "And upon all the cedars of Lebanon, that are high and lifted up, and upon all the oaks of Bashan,",
        "Wolaitta Sentences": "Araataa tuussati biran sheeshettidosona; gedee worqqan alleeqettiis; uttiyoosai Yerusalaame geela7oti ochchaa teeraa milatiya qacinan, siiquwan daddido afalan kamettiis\" yaagidosona."
    },
    {
        "English Sentences": "And upon all the high mountains, and upon all the hills that are lifted up,",
        "Wolaitta Sentences": "\"Inttenoo, Xiyoone geela7otoo, Kawuwaa Solomona be7anau haayite! I keehi ufaittido, a bullachchaa gallassi a aayyiyaa a huuphiyan wottido kallachchaa goxxi uttiis\" yaagaasu."
    },
    {
        "English Sentences": "And upon every high tower, and upon every fenced wall,",
        "Wolaitta Sentences": "\"Ta siiqee, neeni aiba malanchchee! Neeni aiba lo77ai! Ne aifeti ne som77uwaa kammiyo sharbbe giddoora be7iyo wode, haraphphiyaadan lo77oosona. Ne binnaanai Gala7aade Deriyaappe wodhdhiya deeshshaa wudiyaa mala."
    },
    {
        "English Sentences": "And upon all the ships of Tarshish, and upon all pleasant pictures.",
        "Wolaitta Sentences": "Ne achchai meedettidi, haattan meecettida ubbaikka menttiyaa yeliya, eta giddon mainee bainna dorssaa wudiyaa mala."
    },
    {
        "English Sentences": "And the loftiness of man shall be bowed down, and the haughtiness of men shall be made low: and the LORD alone shall be exalted in that day.",
        "Wolaitta Sentences": "Ne menttershshati zo7o qacinaa mala; ne haasayiyo wode daro ufaissoosona. Ne naa77u gacota sharbbiyaa giddoora xeelliyo wode, issi roomaaniyaa naa77u kessi phalqqidoogaa milatoosona."
    },
    {
        "English Sentences": "And the idols he shall utterly abolish.",
        "Wolaitta Sentences": "Ne ziizzee ola miishshaa kaqqanau gimbbido, Daawita adussa gimbbiyaa milatees; he gimbbee sha7u mino olanchchatu gonddallee kaqettin, alleeqetti uttiis."
    },
    {
        "English Sentences": "And they shall go into the holes of the rocks, and into the caves of the earth, for fear of the LORD, and for the glory of his majesty, when he ariseth to shake terribly the earth.",
        "Wolaitta Sentences": "Ne xanttati naa77ai mentte yelettida, woraa ciishshaa giddon miya genessa marata milatoosona."
    },
    {
        "English Sentences": "In that day a man shall cast his idols of silver, and his idols of gold, which they made each one for himself to worship, to the moles and to the bats;",
        "Wolaitta Sentences": "Qammai wonttanaashin, kuwai kichchanaashin, karbbiyaa deriyaanne ixaanaa keraa baada shemppashshana."
    },
    {
        "English Sentences": "To go into the clefts of the rocks, and into the tops of the ragged rocks, for fear of the LORD, and for the glory of his majesty, when he ariseth to shake terribly the earth.",
        "Wolaitta Sentences": "Ta siiqee, ne asatettai muleekka malanchcha; nenan wottiyoobi aibinne baawa."
    },
    {
        "English Sentences": "Cease ye from man, whose breath is in his nostrils: for wherein is he to be accounted of ?",
        "Wolaitta Sentences": "\"Ta mishiree, Liibaanoosa Deriyaappe wodhdha. Gaammoinne maahee geessiyo Amaana Deriyaappe, Saniira Deriyaappenne Hermmoone kiikiyaappe wodhdha."
    },
    {
        "English Sentences": "For, behold, the Lord, the LORD of hosts, doth take away from Jerusalem and from Judah the stay and the staff, the whole stay of bread, and the whole stay of water.",
        "Wolaitta Sentences": "Ta siiqo michcho gidiya ta mishiree! Ne aifiyaa xeeloinne ne qooriyaa alleeqoi, ta wozanaa ufaissan gooshshiis."
    },
    {
        "English Sentences": "The mighty man, and the man of war, the judge, and the prophet, and the prudent, and the ancient,",
        "Wolaitta Sentences": "Ta siiqo michcho gidiya ta mishiree! Ne siiqoi tana aiba ufaissii! Ne siiqoi woiniyaa eessaappe aadhdhi ufaissees; ne shittoi ubbabaappekka aadhdhidi sawees."
    },
    {
        "English Sentences": "The captain of fifty, and the honourable man, and the counsellor, and the cunning artificer, and the eloquent orator.",
        "Wolaitta Sentences": "Ta mishiree, ne menttershshaara eessaa ililoi xokkees. Ne doonaappe eessainne maattai pulttees; ne maayoi Liibaanoosa xiiddai sawiyoogaadan sawees."
    },
    {
        "English Sentences": "And I will give children to be their princes, and babes shall rule over them.",
        "Wolaitta Sentences": "Ta siiqo michcho gidiya ta mishiriyaa yuushoi direttidi naagettiyo ataakilttiyaa sohuwaa mala. Yuushoi gimbbettido pulttuwaa, maatafai attamettida goggiya haattaa mala."
    },
    {
        "English Sentences": "And the people shall be oppressed, every one by another, and every one by his neighbour: the child shall behave himself proudly against the ancient, and the base against the honourable.",
        "Wolaitta Sentences": "Ne ataakilttetu giddon: roomaanee, doorettida ataakilttiyaa aifeti, heenainne narddoosiyaa giyoogeeti de7oosona."
    },
    {
        "English Sentences": "When a man shall take hold of his brother of the house of his father, saying, Thou hast clothing, be thou our ruler, and let this ruin be under thy hand:",
        "Wolaitta Sentences": "Hegaadankka qassi narddoosee, laadee, sawo maatainne qarafai, hegaadankka ixaanadan sawiyaabati de7oosona; hegaadankka qassi karbbee, godare uuttaa ciishshainne dumma dumma qimamiyaa ataakiltteti mokkoosona."
    },
    {
        "English Sentences": "In that day shall he swear, saying, I will not be an healer; for in my house is neither bread nor clothing: make me not a ruler of the people.",
        "Wolaitta Sentences": "Neeni ataakilttiyaa sohuwaa aliya pulttuwaa mala; de7o haattai beettiyo ollaa mala; Liibaanoosa Deriyaappe goggiya shaafaa mala\" yaagiis."
    },
    {
        "English Sentences": "For Jerusalem is ruined, and Judah is fallen: because their tongue and their doings are against the LORD, to provoke the eyes of his glory.",
        "Wolaitta Sentences": "\"Huuphessa bagga carkkuwau, dendda! Tohossa bagga carkkuwau, haa ya! Ta ataakilttiyaa bolli carkka! A sawoi hegan tonggu go. Ta siiqoi ba ataakilttiyaa giddo yo. Daro mal77iya teerata mo\" yaagaasu."
    },
    {
        "English Sentences": "The shew of their countenance doth witness against them; and they declare their sin as Sodom, they hide it not. Woe unto their soul! for they have rewarded evil unto themselves.",
        "Wolaitta Sentences": "\"Ta siiqo michchiyo gidiya ta mishiree, be7a; taani ta ataakilttiyaa giddo gelaas. Ta karbbiyaanne ta shitto ciishshaa qorais. Eessaa oittaa yolttayada mais. Ta woiniyaa eessaanne ta maattaa uyais\" yaagiis. \"Inttenoo, a laggetoo, siiquwaa alana gakkanaashin uyite\" yaagidosona."
    },
    {
        "English Sentences": "Say ye to the righteous, that it shall be well with him: for they shall eat the fruit of their doings.",
        "Wolaitta Sentences": "\"Taani qammi xiskkaas; shin ta wozanai beegotti uttiis. Ta aimuwan ta siiqoi hagaadan yaagiiddi, penggiyaa qoxxishin siyaas; Ta mishiree, ta siiqee, nenan wottiyoobi bainna ta haraphphee, tau kariyaa dooya; ta huuphee akkan ka77iis. Ta binnaanaikka qamma diifiyan narkkakkiis yaagees."
    },
    {
        "English Sentences": "Woe unto the wicked! it shall be ill with him: for the reward of his hands shall be given him.",
        "Wolaitta Sentences": "\"Taani, Ta maayuwaa qaararggaas; zaara maayooyye? Ta gediyaa meecettaichchaas; zaarada urqqayooyye? yaagaas."
    },
    {
        "English Sentences": "As for my people, children are their oppressors, and women rule over them. O my people, they which lead thee cause thee to err, and destroy the way of thy paths.",
        "Wolaitta Sentences": "\"Ta siiqoi ifittaa xoo7iyaara ba kushiyaa soo yeddiis; ta wozanai a gishshau poddi poddees."
    },
    {
        "English Sentences": "The LORD standeth up to plead, and standeth to judge the people.",
        "Wolaitta Sentences": "Yaatin, ta siiquwaassi kariyaa dooyanau denddaas. Kariyaa dooyiyo hiraquwaa taani oiqqiyo wode, ta kushiyaappe karbbee, ta biradhdhiyaappe shittoi xokkees."
    },
    {
        "English Sentences": "The LORD will enter into judgment with the ancients of his people, and the princes thereof: for ye have eaten up the vineyard; the spoil of the poor is in your houses.",
        "Wolaitta Sentences": "Ta siiquwaassi kariyaa dooyaas; shin dooyiyo wode i baawa biichchiis. A cenggurssaa siyanau keehi amottaas. Minttada a koyaas; shin demmanau danddayabeikke. Xeegaas; shin tau koyibeenna."
    },
    {
        "English Sentences": "What mean ye that ye beat my people to pieces, and grind the faces of the poor? saith the Lord GOD of hosts.",
        "Wolaitta Sentences": "\"Yuuyidi katamaa naagiyaageeti tana demmidi, wadhdhidosonanne masunxxissidosona; katamaa dirssaa naagiyaageeti ta qumaashaa qaari ekkidosona."
    },
    {
        "English Sentences": "Moreover the LORD saith, Because the daughters of Zion are haughty, and walk with stretched forth necks and wanton eyes, walking and mincing as they go, and making a tinkling with their feet:",
        "Wolaitta Sentences": "\"Inttenoo Yerusalaame geela7otoo, ta siiquwaa demmikko, taani a siiquwaappe denddidaagan harggiyoogaa, hadara, au yootite\" yaagaasu."
    },
    {
        "English Sentences": "Therefore the LORD will smite with a scab the crown of the head of the daughters of Zion, and the LORD will discover their secret parts.",
        "Wolaitta Sentences": "\"Nenoo, maccaasa ubbaappe aadhdhida malanchchee! Ne siiqoi tumu haratuppe waani dummatii? Neeni hagaa peeshi nuna calliyoogee, i haratuppe dummatiyoi aibiinee?\" yaagidosona."
    },
    {
        "English Sentences": "In that day the Lord will take away the bravery of their tinkling ornaments about their feet, and their cauls, and their round tires like the moon,",
        "Wolaitta Sentences": "\"Ta siiqoi daro lo77iyaagaanne mino; tammu sha7u attumaasaa giddon a mali baawa."
    },
    {
        "English Sentences": "The chains, and the bracelets, and the mufflers,",
        "Wolaitta Sentences": "A huuphee worqqaa luliyaa milatees; a binnaanaikka lo77onne quuro mala karetta."
    },
    {
        "English Sentences": "The bonnets, and the ornaments of the legs, and the headbands, and the tablets, and the earrings,",
        "Wolaitta Sentences": "A aifee shaafaa lanqqiyan eqqidanne maattan meecettidabaa milatiya haraphpheta milatees."
    },
    {
        "English Sentences": "The rings, and nose jewels,",
        "Wolaitta Sentences": "A gacotikka sawo maatainne qimamee tokettido madabaadan lo77oosona; a menttershshati karbbiyaa shittoi xokkiyo wora ciishshaadan lo77oosona."
    },
    {
        "English Sentences": "The changeable suits of apparel, and the mantles, and the wimples, and the crisping pins,",
        "Wolaitta Sentences": "A kusheti inqquwan alleeqettida worqqa xam77aadan lo77oosona; a asatettai sampperiyaa giyo inqquwan alleeqettida danggarssaa achchaa mala."
    },
    {
        "English Sentences": "The glasses, and the fine linen, and the hoods, and the vails.",
        "Wolaitta Sentences": "A gedeti worqqaa baasuwan tokettida, ibinabaradiyaa tuussaa milatoosona; a merai zigan alleeqettida Liibaanoosa Deriyaa mala."
    },
    {
        "English Sentences": "And it shall come to pass, that instead of sweet smell there shall be stink; and instead of a girdle a rent; and instead of well set hair baldness; and instead of a stomacher a girding of sackcloth; and burning instead of beauty.",
        "Wolaitta Sentences": "A doonai eessaadan mal77ees. I muleerakka lo77iyaagaa. Inttenoo Yerusalaame geela7otoo, ta siiqoinne ta laggee hagaa milatees\" yaagaasu."
    },
    {
        "English Sentences": "Thy men shall fall by the sword, and thy mighty in the war.",
        "Wolaitta Sentences": "\"Maccaasa ubbaappe malanchchee! Ne laggee awa biidee? Nuunikka nenaara issippe koyanau, i biido ginaa nuuyyo yoota\" yaagidosona."
    },
    {
        "English Sentences": "And her gates shall lament and mourn; and she being desolate shall sit upon the ground.",
        "Wolaitta Sentences": "\"Ta siiqoi dorssaa wudiyaa heemmanaunne lo77iya ciishshaa shiishshanau, shittuwaa sawo maatai de7iyo ataakilttiyaa giddo wodhdhiis."
    },
    {
        "English Sentences": "And in that day seven women shall take hold of one man, saying, We will eat our own bread, and wear our own apparel: only let us be called by thy name, to take away our reproach.",
        "Wolaitta Sentences": "Taani ta siiquwaaro; ta siiqoikka taagaa. I ciishshaa giddon wudiyaa heemmees\" yaagaasu."
    },
    {
        "English Sentences": "In that day shall the branch of the LORD be beautiful and glorious, and the fruit of the earth shall be excellent and comely for them that are escaped of Israel.",
        "Wolaitta Sentences": "\"Ta siiqee! Neeni Tirxxa katamai lo77iyoogaadan lo77aasa; Yerusalaamedan daro lo77aasa; banddiraa oiqqidi, salppiyan biya olanchchai yashshiyoogaadan yashshaasa."
    },
    {
        "English Sentences": "And it shall come to pass, that he that is left in Zion, and he that remaineth in Jerusalem, shall be called holy, even every one that is written among the living in Jerusalem:",
        "Wolaitta Sentences": "Hayyanaa ne aifiyaa taappe wora zaararkkii, aissi giikko, eti tana waissoosona. Ne binnaanai Gala7aade Deriyaappe wodhdhiya deeshshaa wudiyaa milatees."
    },
    {
        "English Sentences": "When the Lord shall have washed away the filth of the daughters of Zion, and shall have purged the blood of Jerusalem from the midst thereof by the spirit of judgment, and by the spirit of burning.",
        "Wolaitta Sentences": "Ne achchai meecettidi kiyiya, ubbaikka menttiyaa yeliya, eta giddon mainee bainna dorssaa wudiyaa mala."
    },
    {
        "English Sentences": "And the LORD will create upon every dwelling place of mount Zion, and upon her assemblies, a cloud and smoke by day, and the shining of a flaming fire by night: for upon all the glory shall be a defence.",
        "Wolaitta Sentences": "Ne naa77u gacota sharbbiyaa giddoora xeelliyo wode, naa77u kessido roomaaniyaa teeraa milatoosona."
    },
    {
        "English Sentences": "And there shall be a tabernacle for a shadow in the day time from the heat, and for a place of refuge, and for a covert from storm and from rain.",
        "Wolaitta Sentences": "Usuppun tammu macca kawotinne usuppun tammu baakkoti, qassi qoodai bainna geela7oti tau de7oosona."
    },
    {
        "English Sentences": "Now will I sing to my wellbeloved a song of my beloved touching his vineyard. My wellbeloved hath a vineyard in a very fruitful hill:",
        "Wolaitta Sentences": "SHin ta haraphphiyaa, ta boree bainnaara, a tau dumma. A ba aayeessikka mexi issinno; o yelida aayyiyaakka aibippenne aattada o siiqausu. Geela7otikka o xeellidi, Hanna anjjettidaaro yaagoosona. Macca kawotikka baakkotikka o sabboosona;"
    },
    {
        "English Sentences": "And he fenced it, and gathered out the stones thereof, and planted it with the choicest vine, and built a tower in the midst of it, and also made a winepress therein: and he looked that it should bring forth grapes, and it brought forth wild grapes.",
        "Wolaitta Sentences": "Hanna maallado xalqqiyaadan doliyaara, aginaadan poo7iyaara, awaadan caddiyaara, banddiraa oiqqidi salppiyan biya olanchchaadan yashshiyaara a oonee? yaagoosona."
    },
    {
        "English Sentences": "And now, O inhabitants of Jerusalem, and men of Judah, judge, I pray you, betwixt me and my vineyard.",
        "Wolaitta Sentences": "\"Taani wombban tokettida mittatu licuwaa be7anau, woiniyaa turai aacidaakkonne qassi roomaaneekka ciyyidaakkonne xeellanau, duge ataakilttiyaa sohuwaa wodhdhais."
    },
    {
        "English Sentences": "What could have been done more to my vineyard, that I have not done in it? wherefore, when I looked that it should bring forth grapes, brought it forth wild grapes?",
        "Wolaitta Sentences": "Taani akeekennan de7ishin, ta amoi tana efiidi, ta kawuwaa lanqqen, paraa gaariyan tana utissiis\" yaagiis."
    },
    {
        "English Sentences": "And now go to; I will tell you what I will do to my vineyard: I will take away the hedge thereof, and it shall be eaten up; and break down the wall thereof, and it shall be trodden down:",
        "Wolaitta Sentences": "\"Nenoo SHulaame biittaappe yiidaaree, haaya; haa simma! Nena nu loittidi xeellana; haa simma!\" yaagidosona. \"Daro asaa sinttan yexxiya asaadan, taakko aissi xeelleetii?\" yaagaasu."
    },
    {
        "English Sentences": "And I will lay it waste: it shall not be pruned, nor digged; but there shall come up briers and thorns: I will also command the clouds that they rain no rain upon it.",
        "Wolaitta Sentences": "\"Kawo na7adan lo77iyaaree! Ne gedeti neeni naxala caammaa wottidaashin be7iyo wode aiba lo77iyoonaa! Ne sheechchee eranchcha wogaacee qoxxidi, loitti alleeqissido inqquwaa milatees."
    },
    {
        "English Sentences": "For the vineyard of the LORD of hosts is the house of Israel, and the men of Judah his pleasant plant: and he looked for judgment, but behold oppression; for righteousness, but behold a cry.",
        "Wolaitta Sentences": "Ne gul77ai woiniyaa eessai kumido birilliyaa milatees; ne xeessaa yuushoi ciishshan qashettida gisttiyaa mirqqiyaa milatees."
    },
    {
        "English Sentences": "Woe unto them that join house to house, that lay field to field, till there be no place, that they may be placed alone in the midst of the earth!",
        "Wolaitta Sentences": "Ne naa77u xanttati mentte yelettida, genessee marata milatoosona."
    },
    {
        "English Sentences": "In mine ears said the LORD of hosts, Of a truth many houses shall be desolate, even great and fair, without inhabitant.",
        "Wolaitta Sentences": "Ne ziizzee danggarssaa zaaliyan alleeqettida adussa gimbbiyaa mala. Ne aifee gita Haseboona katamaa penggiyaa matan de7iya zeero haattaa milatees. Ne siiree Damasqqo xeelissidi gimbbido Liibaanoosa gimbbiyaa milatees."
    },
    {
        "English Sentences": "Yea, ten acres of vineyard shall yield one bath, and the seed of an homer shall yield an ephah.",
        "Wolaitta Sentences": "Ne huuphee Qarmmeloosa Deriyaa milatees; ne lose binnaanai qacinaa xaattaa milatees; kawuwaakka ne huuphiyaa dattai ufaissiis."
    },
    {
        "English Sentences": "Woe unto them that rise up early in the morning, that they may follow strong drink; that continue until night, till wine inflame them!",
        "Wolaitta Sentences": "Ta siiqee, ne aiba lo77ai! Ne aiba malanchchee! Ne siiqoi tana aiba ufaissii!"
    },
    {
        "English Sentences": "And the harp, and the viol, the tabret, and pipe, and wine, are in their feasts: but they regard not the work of the LORD, neither consider the operation of his hands.",
        "Wolaitta Sentences": "Ne geesai zambbaa geesaa milatees. Ne xanttai zambbaa aifiyaa wurccuwaa milatees."
    },
    {
        "English Sentences": "Therefore my people are gone into captivity, because they have no knowledge: and their honourable men are famished, and their multitude dried up with thirst.",
        "Wolaitta Sentences": "Taani, Ha zambbaa gi77ana; gi77ada a marata oiqqana yaagaas. Ne xanttai woiniyaa teeraa wurccuwaa mala; qassi ne siiriyaara kiyiya peenoi appiliyaa aifiyaadan sawees."
    },
    {
        "English Sentences": "Therefore hell hath enlarged herself, and opened her mouth without measure: and their glory, and their multitude, and their pomp, and he that rejoiceth, shall descend into it.",
        "Wolaitta Sentences": "Ne yeroi menttershshatuppenne achchaappe gidduwaara yalalattiiddi geliya, ubbaappe aadhdhidi mal77iya woine eessaa mala\" yaagiis."
    },
    {
        "English Sentences": "And the mean man shall be brought down, and the mighty man shall be humbled, and the eyes of the lofty shall be humbled:",
        "Wolaitta Sentences": "\"Taani ta al77o siiquwaaro; ikka tana amottees."
    },
    {
        "English Sentences": "But the LORD of hosts shall be exalted in judgment, and God that is holy shall be sanctified in righteousness.",
        "Wolaitta Sentences": "Ta siiquwau, haaya; naa77ai katamaappe kiyidi biidi, gaxariyan aqoos; qammaa naa77ai hegan aattana."
    },
    {
        "English Sentences": "Then shall the lambs feed after their manner, and the waste places of the fat ones shall strangers eat.",
        "Wolaitta Sentences": "Maallado guuran ane woiniyaa turaa giddo boos; biidi woine turai ciyyidaakko, ciyyidi aifiyaa herxxexxidaakkonne, qassi roomaaneekka aifidaakko ane be7oos. Taani ta siiquwaa nena hegan bessana."
    },
    {
        "English Sentences": "Woe unto them that draw iniquity with cords of vanity, and sin as it were with a cart rope:",
        "Wolaitta Sentences": "Inkkoyiyaa aifiyaa sawoinne hara ufaissiyaa ataakilttiyaa aifee nu karen bessiis; ta siiquwau! Ha aifetuppe teeridaageetanne ooratta maxidoogeeta neeyyo ashsha wottaas."
    },
    {
        "English Sentences": "That say, Let him make speed, and hasten his work, that we may see it: and let the counsel of the Holy One of Israel draw nigh and come, that we may know it!",
        "Wolaitta Sentences": "\"Ne tau allaga gidennan taayee xanttaa xammida ta ishaa gidarkkiishsha! Yaatiyaakko taani nena ogiyan demmada shiishsha ekka yerin, tana ooninne borennashin."
    },
    {
        "English Sentences": "Woe unto them that call evil good, and good evil; that put darkness for light, and light for darkness; that put bitter for sweet, and sweet for bitter!",
        "Wolaitta Sentences": "Taani nena kaalettada, taayee qol77o gelissaagin, hegan tana ne siiquwaabaa tamaarissidabaa gidarkkii; roomaaniyaa gum77ido mal77iyaagaa lo77iya woiniyaa eessaa taani nena hegan ushsharkkinaa."
    },
    {
        "English Sentences": "Woe unto them that are wise in their own eyes, and prudent in their own sight!",
        "Wolaitta Sentences": "Tana hegan ne haddirssa qeesiyaa borkkotissada, ne ushachcha kushiyan tana qoommidabaa gidarkkii."
    },
    {
        "English Sentences": "Woe unto them that are mighty to drink wine, and men of strength to mingle strong drink:",
        "Wolaitta Sentences": "\"Inttenoo Yerusalaame geela7otoo, Siiqoi ba wodiyan denddanaashin, qaasetti denttennaadan, ta intteyyo hadara gais\" yaagaasu."
    },
    {
        "English Sentences": "Which justify the wicked for reward, and take away the righteousness of the righteous from him!",
        "Wolaitta Sentences": "\"Ba siiquwaa hashiyan zemppada, bazzoppe yiyaara hanna oonee?\" yaagidosona. \"Beni ne aayyiyaa nena bannakka yelido, appiliyaa lanqqiyan ne zin77idaashin, nena ta qaaserettada denttaas."
    },
    {
        "English Sentences": "Therefore as the fire devoureth the stubble, and the flame consumeth the chaff, so their root shall be as rottenness, and their blossom shall go up as dust: because they have cast away the law of the LORD of hosts, and despised the word of the Holy One of Israel.",
        "Wolaitta Sentences": "Merinaa siiquwan tana ne wozanaa bolli attama; ne qesiyankka maatafaadan, ta xallaa oiqqa. Aissi giikko, siiqoi haiquwaa mala mino; mishoikka duufuwaa mala meqettaa iita; a lacoikka Xoossaa tamaa lacuwaa mala."
    },
    {
        "English Sentences": "Therefore is the anger of the LORD kindled against his people, and he hath stretched forth his hand against them, and hath smitten them: and the hills did tremble, and their carcases were torn in the midst of the streets. For all this his anger is not turned away, but his hand is stretched out still.",
        "Wolaitta Sentences": "Haattaa daroi siiquwaa tamaa toissanau danddayenna; di7oikka meeccidi efaanau danddayenna. Asi siiquwaa shammanau bau de7iya aqo ubbaa immikkokka, siiqoi miishshan shamettenna gishshau, asai hegaa karees\" yaagaasu."
    },
    {
        "English Sentences": "And he will lift up an ensign to the nations from far, and will hiss unto them from the end of the earth: and, behold, they shall come with speed swiftly:",
        "Wolaitta Sentences": "\"Nuuyyo tiran xanttai uttibeenna michchiyaa de7ausu; azini o oichchikko, nuuni iyyo oottanabi aibee?"
    },
    {
        "English Sentences": "None shall be weary nor stumble among them; none shall slumber nor sleep; neither shall the girdle of their loins be loosed, nor the latchet of their shoes be broken:",
        "Wolaitta Sentences": "A gimbbe dirssa gidiyaakko, nuuni i bolli wochchiyo adussa, bira gimbbiyaa gimbbana; a dirssaa pengge gidiyaakko, zigaa xaulan o doodissana\" yaagidosona."
    },
    {
        "English Sentences": "Whose arrows are sharp, and all their bows bent, their horses' hoofs shall be counted like flint, and their wheels like a whirlwind:",
        "Wolaitta Sentences": "\"Hekko taani dirssa gimbbe; ta xanttaikka gimbbiyaa bolli gimbbettida wochchiyoosaa; hegaa gishshau, taani ta siiquwaara de7iyo wode, i tanan ufaittees."
    },
    {
        "English Sentences": "Their roaring shall be like a lion, they shall roar like young lions: yea, they shall roar, and lay hold of the prey, and shall carry it away safe, and none shall deliver it.",
        "Wolaitta Sentences": "\"Solomonassi Ba7aali-Hamoonan woinee tokettido shooqai de7ees; he woiniyaa gidduwaa oottiyaageetussi keraa immiis. Keraa ekkidaageeti teeran go7ettidoogaa gishshaa huuphiyan huuphiyan sha7u biraa ayyo ehoosona."
    },
    {
        "English Sentences": "And in that day they shall roar against them like the roaring of the sea: and if one look unto the land, behold darkness and sorrow, and the light is darkened in the heavens thereof.",
        "Wolaitta Sentences": "SHin taayyo ta buzo woinee tokettido shooqai de7ees; Solomonaa, neeni sha7u biraa ekka; ataakilttiyaa oottiyaageeti naa77u xeetu biraa ekkona\" yaagaasu."
    },
    {
        "English Sentences": "In the year that king Uzziah died I saw also the LORD sitting upon a throne, high and lifted up, and his train filled the temple.",
        "Wolaitta Sentences": "\"Nenoo, ataakilttiyaa giddon de7iya ta siiqee, ne cenggurssaa laggeta sissanau koyoosona; ne cenggurssaa tana sissa\" yaagiis."
    },
    {
        "English Sentences": "Above it stood the seraphims: each one had six wings; with twain he covered his face, and with twain he covered his feet, and with twain he did fly.",
        "Wolaitta Sentences": "\"Ta siiquwau, taakko eesuwan haaya! Sawo maatai mokkiyo deretu bollaara, guppiya genessaa woikko wushaa marata milata\" yaagaasu."
    }
]