[
    {
        "English Sentences": "How doth the city sit solitary, that was full of people! how is she become as a widow! she that was great among the nations, and princess among the provinces, how is she become tributary!",
        "Wolaitta Sentences": "Biniyaama biittan Anatoota kataman de7iya qeesetuppe issuwaa gidiya Hilqqiyaa na7aa Ermmaasa qaalai hagaa."
    },
    {
        "English Sentences": "She weepeth sore in the night, and her tears are on her cheeks: among all her lovers she hath none to comfort her: all her friends have dealt treacherously with her, they are become her enemies.",
        "Wolaitta Sentences": "Amoona na7ai, Yihudaa Kawoi Yoosiyaasi kawotido tammanne heezzantto laittan GODAA qaalai Ermmaasayyo yiis."
    },
    {
        "English Sentences": "Judah is gone into captivity because of affliction, and because of great servitude: she dwelleth among the heathen, she findeth no rest: all her persecutors overtook her between the straits.",
        "Wolaitta Sentences": "Qassi Yoosiyaasa na7ai, Yihudaa Kawoi Yo7aqeemi kawotido laittatun GODAA qaalai Ermmaasayyo yiis. Qassikka Yoosiyaasa na7ai, Sedeqiyaasi kawotin, tammanne isiini laittaa gakkanaashin, GODAA qaalai daroton ayyo yiis. He laitti ichchashantta aginan Yerusalaame asai omoodettidi biis."
    },
    {
        "English Sentences": "The ways of Zion do mourn, because none come to the solemn feasts: all her gates are desolate: her priests sigh, her virgins are afflicted, and she is in bitterness.",
        "Wolaitta Sentences": "GODAA qaalai taakko hagaadan yaagiiddi yiis;"
    },
    {
        "English Sentences": "Her adversaries are the chief, her enemies prosper; for the LORD hath afflicted her for the multitude of her transgressions: her children are gone into captivity before the enemy.",
        "Wolaitta Sentences": "\"Taani nena ne aayee uluwan tilanaappe kase eraas. Neeni uluwaappe yelettanaappe kase taani nena geeshshada dummaya wottaas. Qassi kawotettatuyyo hananabaa yootiyaagaa oottada nena sunttaas\" yaagiis."
    },
    {
        "English Sentences": "And from the daughter of Zion all her beauty is departed: her princes are become like harts that find no pasture, and they are gone without strength before the pursuer.",
        "Wolaitta Sentences": "Yaagin taani, \"Hai Ubbaa Haariya GODAU, taani na7a. Taani waati haasayiyaakko erikke\" yaagaas."
    },
    {
        "English Sentences": "Jerusalem remembered in the days of her affliction and of her miseries all her pleasant things that she had in the days of old, when her people fell into the hand of the enemy, and none did help her: the adversaries saw her, and did mock at her sabbaths.",
        "Wolaitta Sentences": "SHin GODAI tana hagaadan yaagiis; \"Taani na7a gooppa. Taani nena kiittiyo asa ubbaakko ba. Taani azaziyoogaa ubbaakka yoota."
    },
    {
        "English Sentences": "Jerusalem hath grievously sinned; therefore she is removed: all that honoured her despise her, because they have seen her nakedness: yea, she sigheth, and turneth backward.",
        "Wolaitta Sentences": "Etau yayyoppa. Aissi giikko, taani nena ashshanau nenaara issippe de7ana. Taani GODAI hagaa odaas\" yaagiis."
    },
    {
        "English Sentences": "Her filthiness is in her skirts; she remembereth not her last end; therefore she came down wonderfully: she had no comforter. O LORD, behold my affliction: for the enemy hath magnified himself.",
        "Wolaitta Sentences": "GODAI ba kushiyaa yeddidi, ta doonaa bochchiis. Bochchidi, \"Be7a; taani ta qaalaa ne doonan wottaas."
    },
    {
        "English Sentences": "The adversary hath spread out his hand upon all her pleasant things: for she hath seen that the heathen entered into her sanctuary, whom thou didst command that they should not enter into thy congregation.",
        "Wolaitta Sentences": "Neeni shoddanaunne qolanau, xaissanaunne aatta yegganau, keexxanaunne tokkanau, dere asaa bollinne kawotettatu bolli taani hachchi nena sunttaas\" yaagiis."
    },
    {
        "English Sentences": "All her people sigh, they seek bread; they have given their pleasant things for meat to relieve the soul: see, O LORD, and consider; for I am become vile.",
        "Wolaitta Sentences": "GODAA qaalai taakko yiidi, \"Ermmaasaa, neeyyo aibi beettii?\" yaagiis. Yaagin taani zaarada, \"Lauze giyo mittaappe kiyida gatimai beettees\" yaagaas."
    },
    {
        "English Sentences": "Is it nothing to you, all ye that pass by? behold, and see if there be any sorrow like unto my sorrow, which is done unto me, wherewith the LORD hath afflicted me in the day of his fierce anger.",
        "Wolaitta Sentences": "GODAI tana, \"Neeni likke be7adasa. Aissi giikko, taanikka ta qaalai polettin, hegaadan be7anau naagais\" yaagiis."
    },
    {
        "English Sentences": "From above hath he sent fire into my bones, and it prevaileth against them: he hath spread a net for my feet, he hath turned me back: he hath made me desolate and faint all the day.",
        "Wolaitta Sentences": "Naa77anttuwaakka GODAA qaalai taakko yiidi, \"Harabai qassi aibi beettii?\" yaagiis. Yaagin taani zaarada, \"Issi penttiya xaaroi huuphessa baggappe haa simmidi, geddi gi uttidaagee beettees\" yaagaas."
    },
    {
        "English Sentences": "The yoke of my transgressions is bound by his hand: they are wreathed, and come up upon my neck: he hath made my strength to fall, the LORD hath delivered me into their hands, from whom I am not able to rise up.",
        "Wolaitta Sentences": "GODAI tana, \"Huuphessa baggappe bashshai poridi, biittan de7iya asaa ubbaa bolli gukkana."
    },
    {
        "English Sentences": "The LORD hath trodden under foot all my mighty men in the midst of me: he hath called an assembly against me to crush my young men: the LORD hath trodden the virgin, the daughter of Judah, as in a winepress.",
        "Wolaitta Sentences": "Taani huuphessa bagga kawotettatun de7iya asaa ubbaa xeesana hanais. Taani GODAI hagaa odaas. Eta kawoti yiidi, Yerusalaame geliyo penggetun, dirssaa yuushuwaa ubbaaninne Yihudaa katamatu ubban bantta araatata wottana."
    },
    {
        "English Sentences": "For these things I weep; mine eye, mine eye runneth down with water, because the comforter that should relieve my soul is far from me: my children are desolate, because the enemy prevailed.",
        "Wolaitta Sentences": "Yihudaa asai tana aggidi, hara xoossatuyyo yarshshiiddinne bantta kushiyan eti oottidobaayyo goinniiddi, oottido eta iitatettaa ubbaa gishshau, taani ta pirddaa eta bolli yootana."
    },
    {
        "English Sentences": "Zion spreadeth forth her hands, and there is none to comfort her: the LORD hath commanded concerning Jacob, that his adversaries should be round about him: Jerusalem is as a menstruous woman among them.",
        "Wolaitta Sentences": "\"SHin neeni ne huuphiyau giiga! Dendda eqqada, taani nena azaziyoogaa ubbaa etayyo oda. Etayyo yayyoppa. Neeni etayyo yayyikko, taani nena eta sinttan gujja yashissana."
    },
    {
        "English Sentences": "The LORD is righteous; for I have rebelled against his commandment: hear, I pray you, all people, and behold my sorrow: my virgins and my young men are gone into captivity.",
        "Wolaitta Sentences": "Hachchi taani nena ha biittaa ubbaa bolli, Yihudaa kawotu bolli, halaqatu bolli, qeesetu bollinne ha biittaa asaa bolli gimbbettida katamadan, birata tuussadaaninne nahaase biratan dirido dirssadan oottada minttaas."
    },
    {
        "English Sentences": "I called for my lovers, but they deceived me: my priests and mine elders gave up the ghost in the city, while they sought their meat to relieve their souls.",
        "Wolaitta Sentences": "Eti nenaara olettana. SHin taani ashshanau nenaara issippe de7iyo gishshau, nena xoonokkona. Taani GODAI hagaa odaas\" yaagiis."
    },
    {
        "English Sentences": "Behold, O LORD; for I am in distress: my bowels are troubled; mine heart is turned within me; for I have grievously rebelled: abroad the sword bereaveth, at home there is as death.",
        "Wolaitta Sentences": "GODAA qaalai taayyo yiidi,"
    },
    {
        "English Sentences": "They have heard that I sigh: there is none to comfort me: all mine enemies have heard of my trouble; they are glad that thou hast done it: thou wilt bring the day that thou hast called, and they shall be like unto me.",
        "Wolaitta Sentences": "\"Ba; baada Yerusalaame asaa haittan hagaadan yaagada awaajja; Neeni yelagatettan taayyo ai keena ammanettidaakko, qassi neeni biron mishiran de7iyo wode, tana ai keena siiqidaakko, taani GODAI hassayais. Neeni bazzo gidduwaara, zeretti zeretti erenna biittaara tana kaalladasa."
    },
    {
        "English Sentences": "Let all their wickedness come before thee; and do unto them, as thou hast done unto me for all my transgressions: for my sighs are many, and my heart is faint.",
        "Wolaitta Sentences": "He wode Israa7eeli GODAAYYO geeshsha. I shiishshiyo baira katta; appe miida ubbati mooranchcha gididosona. Yaatin, eta bolli iitabai yiis. Taani GODAI hagaa odaas yaaga\" yaagees."
    },
    {
        "English Sentences": "How hath the LORD covered the daughter of Zion with a cloud in his anger, and cast down from heaven unto the earth the beauty of Israel, and remembered not his footstool in the day of his anger!",
        "Wolaitta Sentences": "Inttenoo, Yaaqooba asatoo, Israa7eela zaretoo, ubbaikka GODAA qaalaa siyite!"
    },
    {
        "English Sentences": "The LORD hath swallowed up all the habitations of Jacob, and hath not pitied: he hath thrown down in his wrath the strong holds of the daughter of Judah; he hath brought them down to the ground: he hath polluted the kingdom and the princes thereof.",
        "Wolaitta Sentences": "GODAI hagaadan yaagees; \"Kase intte aawati tanan ai mooro demmidi, taappe haakkidi biidonaa? Eti pattenna eeqatuyyo goinniiddi, pattennabaa gididosona."
    },
    {
        "English Sentences": "He hath cut off in his fierce anger all the horn of Israel: he hath drawn back his right hand from before the enemy, and he burned against Jacob like a flaming fire, which devoureth round about.",
        "Wolaitta Sentences": "Eti, Nuna Gibxxeppe kessidaagee, qa77enne aafo gidida bazzuwaara, koshainne sakkana xumai de7iyo biittaara, ai asinne aadhdhenna woikko de7enna sohuwaara kaalettida GODAI awan de7ii? yaagibookkona."
    },
    {
        "English Sentences": "He hath bent his bow like an enemy: he stood with his right hand as an adversary, and slew all that were pleasant to the eye in the tabernacle of the daughter of Zion: he poured out his fury like fire.",
        "Wolaitta Sentences": "Intte appe teeraanne lo77obaa maana mala, taani inttena aradda biittau ehaas; shin intte yiidi, ta biittaa tunissidetanne tana sheneyiyaabaa oottideta."
    },
    {
        "English Sentences": "The LORD was as an enemy: he hath swallowed up Israel, he hath swallowed up all her palaces: he hath destroyed his strong holds, and hath increased in the daughter of Judah mourning and lamentation.",
        "Wolaitta Sentences": "Qeesetikka, GODAI awan de7ii? yaagibookkona. Ta higgee eta kushiyan de7iyo asatikka tana eribookkona. Deriyaa haariyaageetikka ta bolli makkalidosona. Hananabaa yootiyaageetikka Ba7aala sunttan hananabaa yootidi, pattenna eeqatuyyo goinnidosona\" yaagees."
    },
    {
        "English Sentences": "And he hath violently taken away his tabernacle, as if it were of a garden: he hath destroyed his places of the assembly: the LORD hath caused the solemn feasts and sabbaths to be forgotten in Zion, and hath despised in the indignation of his anger the king and the priest.",
        "Wolaitta Sentences": "Qassikka GODAI hagaadan yaagees; \"Hegaa gishshau, taani inttena bironkka mootana; intte naatu naatakka mootana."
    },
    {
        "English Sentences": "The LORD hath cast off his altar, he hath abhorred his sanctuary, he hath given up into the hand of the enemy the walls of her palaces; they have made a noise in the house of the LORD, as in the day of a solemn feast.",
        "Wolaitta Sentences": "Ane arggo baggi biidi, Qophphiroosa giyo haruuruwaa xeellite. Woikko arshsho baggi Qeedaare giyo biittaa asa kiittidi xomoosissite. Yaatidi ane hagaa malabai hagaappe kase baggan hanidaakkonne be7ite."
    },
    {
        "English Sentences": "The LORD hath purposed to destroy the wall of the daughter of Zion: he hath stretched out a line, he hath not withdrawn his hand from destroying: therefore he made the rampart and the wall to lament; they languished together.",
        "Wolaitta Sentences": "Eti tumu xoossata gidana xayikkonne, deree ba xoossata laammibeenna. SHin ta asai tana ba bonchchuwaa pattenna eeqatun laammiis\" yaagees."
    },
    {
        "English Sentences": "Her gates are sunk into the ground; he hath destroyed and broken her bars: her king and her princes are among the Gentiles: the law is no more; her prophets also find no vision from the LORD.",
        "Wolaitta Sentences": "Qassikka GODAI hagaadan yaagees; \"Salotoo, Poora! giite; dagammidi kokkorite!"
    },
    {
        "English Sentences": "The elders of the daughter of Zion sit upon the ground, and keep silence: they have cast up dust upon their heads; they have girded themselves with sackcloth: the virgins of Jerusalem hang down their heads to the ground.",
        "Wolaitta Sentences": "Aissi giikko, ta asai naa77u iitabata oottiis; hegeetinne, de7o haattaa pulttuwaa tana aggiis; haattaa oiqqanau danddayenna, xoo7etiichchida ollaa baayyo bookkiis."
    },
    {
        "English Sentences": "Mine eyes do fail with tears, my bowels are troubled, my liver is poured upon the earth, for the destruction of the daughter of my people; because the children and the sucklings swoon in the streets of the city.",
        "Wolaitta Sentences": "\"Israa7eeli ashkkaranne gidenna; son yelettida aillenne gidenna. Yaatin, i aissi do7i oiqqiyoobaa gididee?"
    },
    {
        "English Sentences": "They say to their mothers, Where is corn and wine? when they swooned as the wounded in the streets of the city, when their soul was poured out into their mothers' bosom.",
        "Wolaitta Sentences": "A morkketi gaammodan, a bollan gudidosona. Eti bantta qaalaa xoqqu oottidi daaridosona; eti a biittaa booddila kessidosona; a katamatikka laalettidi, de7iyaabaa xayidosona."
    },
    {
        "English Sentences": "What thing shall I take to witness for thee? what thing shall I liken to thee, O daughter of Jerusalem? what shall I equal to thee, that I may comfort thee, O virgin daughter of Zion? for thy breach is great like the sea: who can heal thee?",
        "Wolaitta Sentences": "Hegaa bollikka Memppisanne Xaafinaasa asati a liiphiyaa meedidosona."
    },
    {
        "English Sentences": "Thy prophets have seen vain and foolish things for thee: and they have not discovered thine iniquity, to turn away thy captivity; but have seen for thee false burdens and causes of banishment.",
        "Wolaitta Sentences": "Nenoo Israa7eelaa, i nena ogiyan kaalettishin, GODAA ne Xoossaa aggidoogan hagaa ne bolli ehiidai nena gidikkii?"
    },
    {
        "English Sentences": "All that pass by clap their hands at thee; they hiss and wag their head at the daughter of Jerusalem, saying, Is this the city that men call The perfection of beauty, The joy of the whole earth?",
        "Wolaitta Sentences": "Naile SHaafaappe haattaa uyanau Gibxxe biyoogee nena ai maaddanee? Woikko Efiraaxiisa SHaafaappe haattaa uyanau Asoore biittaa biyoogee nena ai go77anee?"
    },
    {
        "English Sentences": "All thine enemies have opened their mouth against thee: they hiss and gnash the teeth: they say, We have swallowed her up: certainly this is the day that we looked for; we have found, we have seen it.",
        "Wolaitta Sentences": "Simmi ne iitatettai nena qaxxayana; neeni tana aggidoogee ne bolli pirddana\" yaagees. Godai, Ubbaappe Wolqqaama GODAI hagaadan yaagees; \"Neeni tana GODAA ne Xoossaa aggidoogee ai keena iitanne camo gidiyaakko, ane eranne be7a. Neeni taayyo yayyiyo yashshi nenan baawa."
    },
    {
        "English Sentences": "The LORD hath done that which he had devised; he hath fulfilled his word that he had commanded in the days of old: he hath thrown down, and hath not pitied: and he hath caused thine enemy to rejoice over thee, he hath set up the horn of thine adversaries.",
        "Wolaitta Sentences": "\"Taani ne qambbaraa beni menttaas; ne qashuwaakka duuttaas. Yaatinkka, Taani neeyyo oottikke yaagadasa. Yaagada dere ubbaa bollinne daashsha mittaa ubbaa garssan shaaramuxadan zin77adasa."
    },
    {
        "English Sentences": "Their heart cried unto the LORD, O wall of the daughter of Zion, let tears run down like a river day and night: give thyself no rest; let not the apple of thine eye cease.",
        "Wolaitta Sentences": "Taani nena muruta zerettaappe ekkada, lo77o woine turadan tokkaas. Yaatin, waana guyye simmada, woran mokkida, moorettida woine tura gidadii?\" yaagees."
    },
    {
        "English Sentences": "Arise, cry out in the night: in the beginning of the watches pour out thine heart like water before the face of the LORD: lift up thy hands toward him for the life of thy young children, that faint for hunger in the top of every street.",
        "Wolaitta Sentences": "Qassikka Ubbaa Haariya GODAI hagaadan yaagees; \"Neeni hancciiciyan meecettiyaakkokka, saamunaa darissada gorppettiyaakkokka, ne mooruwaa qitai ha77ikka ta sinttaana."
    },
    {
        "English Sentences": "Behold, O LORD, and consider to whom thou hast done this. Shall the women eat their fruit, and children of a span long? shall the priest and the prophet be slain in the sanctuary of the Lord?",
        "Wolaitta Sentences": "Neeni waanada, Taani tunabeikke; taani Ba7aala eeqatuyyo goinnanau woxxabeikke gaanau danddayai? Ane neeni wombban hanidobaa xeella; neeni oottidobaanne akeeka. Neeni yaanne haanne wottaa jaamiya gaameelee mala."
    },
    {
        "English Sentences": "The young and the old lie on the ground in the streets: my virgins and my young men are fallen by the sword; thou hast slain them in the day of thine anger; thou hast killed, and not pitied.",
        "Wolaitta Sentences": "Neeni bazzuwaa meezetida, ba ziitaa wode carkkuwaa singgettiya haree mala. A birassau eqqaichchin, ooni o teqqanau danddayii? O ziittiya ai wodala hareenne daafurenna; i i ceggenan o demmi aggees."
    },
    {
        "English Sentences": "Thou hast called as in a solemn day my terrors round about, so that in the day of the LORD's anger none escaped nor remained: those that I have swaddled and brought up hath mine enemy consumed.",
        "Wolaitta Sentences": "Nenoo, Israa7eelaa, ne caammai wurana gakkanaashiininne ne kookkee melana gakkanaashin, hara xoossatu geeduwaa hagaadan woxxoppa. SHin neeni, Ixxisi, hegee tana ainne maaddenna. Aissi giikko, taani imatta xoossata siiqarggaas; taani etau goinnana yaagadasa."
    },
    {
        "English Sentences": "I AM the man that hath seen affliction by the rod of his wrath.",
        "Wolaitta Sentences": "\"Kaisoi ohettido wode yeellatiyoogaadan, Israa7eela asai yeellatees; etikka, eta kawoti, eta halaqati, eta qeesetinne eta hananabaa yootiyaageeti ubbai yeellatoosona."
    },
    {
        "English Sentences": "He hath led me, and brought me into darkness, but not into light.",
        "Wolaitta Sentences": "Eti mittaa, Neeni ta aawaa yaagoosona; qassi shuchchaa, Neeni tana yeladasa yaagoosona. Eti taayyo bantta som77uwaa aggidi, bantta zokkuwaa zaaridosona. SHin eti metootiyo wode tana, Dendda! Denddada nuna ashsha! yaagoosona."
    },
    {
        "English Sentences": "Surely against me is he turned; he turneth his hand against me all the day.",
        "Wolaitta Sentences": "SHin anee, intte intteyyo medhdhido xoossati awan de7iyoonaa? Intte metootiyo wode inttena ashshanau danddayikko, ane denddona! Inttenoo, Yihudaa asatoo, intte xoossati intte katamatu keena cora\" yaagees."
    },
    {
        "English Sentences": "My flesh and my skin hath he made old; he hath broken my bones.",
        "Wolaitta Sentences": "GODAI hagaadan yaagees; \"Intte tanaara aissi mootetteetii? Intte ubbaikka taayyo makkalideta."
    },
    {
        "English Sentences": "He hath builded against me, and compassed me with gall and travail.",
        "Wolaitta Sentences": "Taani inttena coo mela qaxxayaas; qaxxayinkka intte baayibeekketa. Namisettida gaammuwaadan, intte bisoi intte hananabaa yootiyaageeta mirggiis\" yaagees."
    },
    {
        "English Sentences": "He hath set me in dark places, as they that be dead of old.",
        "Wolaitta Sentences": "Inttenoo, ha wodiyaa yeletatoo, GODAA qaalaa siyite! I hagaadan yaagees; \"Taani intteyyo, Israa7eelatuyyo bazzo mala woi sakkana xuma biittaa mala gididanaayye? Yaatin, aissi ta asai, Nuuni nu shenedan baana; naa77antto mulekka neekko simmokko yaagii?"
    },
    {
        "English Sentences": "He hath hedged me about, that I cannot get out: he hath made my chain heavy.",
        "Wolaitta Sentences": "Geela7iyaa ba alleequwaa woikko bullashettiyaara ba bullachchaa maayuwaa dogai? SHin ta asai tana qoodi bainna gallassaa dogiis."
    },
    {
        "English Sentences": "Also when I cry and shout, he shutteth out my prayer.",
        "Wolaitta Sentences": "Neeni ne laggettotu geeduwaa woxxiyoogaa aiba meezetadii! Keehi iita maccaasatikka ne ogiyaappe tamaaranau danddayoosona."
    },
    {
        "English Sentences": "He hath inclosed my ways with hewn stone, he hath made my paths crooked.",
        "Wolaitta Sentences": "Qassi menttidi gelishin oiqqido asaa suuttan gidennan, xillo hiyyeesatu suuttaa xacan ne maayoi mooretti uttiis. \"Neeni hagaa ubbaa oottadakka,"
    },
    {
        "English Sentences": "He was unto me as a bear lying in wait, and as a lion in secret places.",
        "Wolaitta Sentences": "Taani xillo; tumuppe GODAI ta bolli hanqqettenna yaagaasa. Neeni, Taani nagara oottabeikke giyo gishshau, taani ne bollan pirddana."
    },
    {
        "English Sentences": "He hath turned aside my ways, and pulled me in pieces: he hath made me desolate.",
        "Wolaitta Sentences": "Yaanin neeni ne ogiyaa laammanau aissi bichchaarai? Kase nena Asoore biittai yeellayidoogaadan, Gibxxe biittaikka yeellayana."
    },
    {
        "English Sentences": "He hath bent his bow, and set me as a mark for the arrow.",
        "Wolaitta Sentences": "Neeni hagaappekka ne huuphiyaa oiqqada kiyana. Aissi giikko, GODAI neeni ammanettiyoogeeta ixxiis. Neeni etan maadettakka\" yaagees."
    },
    {
        "English Sentences": "He hath caused the arrows of his quiver to enter into my reins.",
        "Wolaitta Sentences": "GODAI hagaadan yaagees; \"Issi asi ba keettaayyiyo yeddin, a baada hara azinaa gelikko, he bitanee naa77antto o zaarii? Zaarikko he biittai aadhdhida tunaa tunees! SHin neeni shaaramuxadan, cora laggettotuura de7adasa; yaanadakka ha77i neeni taakko simmuutee!"
    },
    {
        "English Sentences": "I was a derision to all my people; and their song all the day.",
        "Wolaitta Sentences": "Ane xoqqu gaada, aibinne bainna dereta xeella. Neeni shaaramuxadan zin77abeennasi hegan de7ii? Arabai bazzon bonqqanau uttidi naagiyoogaadan, neeni laggettota naagaidda ogiyaa xaphon uttadasa. Yaatada ne shaaramuxaaninne ne iitatettan biittaa tunissadasa."
    },
    {
        "English Sentences": "He hath filled me with bitterness, he hath made me drunken with wormwood.",
        "Wolaitta Sentences": "Hegaa gishshau, badhdheesai teqettiis; silaa iraikka bukkennan aggiis. Hegaa hanikkokka, neeyyo shaaramuxiyo merai de7ees; neeni yeellatennan ixxadasa."
    },
    {
        "English Sentences": "He hath also broken my teeth with gravel stones, he hath covered me with ashes.",
        "Wolaitta Sentences": "\"Ha77i neeni tana, Ta aawau, ta naatettaasappe doommin, neeni tana siiqaasa."
    },
    {
        "English Sentences": "And thou hast removed my soul far off from peace: I forgat prosperity.",
        "Wolaitta Sentences": "Neeni ubbaton ta bolli yiillotuutee? Ne hanqqoi merinaukka aggennee? yaagaasa. Ee, neeni hagaa yaagaasa; shin neeni oottanau danddayiyo iitaa ubbaa oottaasa\" yaagees."
    },
    {
        "English Sentences": "And I said, My strength and my hope is perished from the LORD:",
        "Wolaitta Sentences": "Kawoi Yoosiyaasi kawotido laitti, GODAI tana hagaadan yaagiis; \"Hanna ammanoi bainna Israa7eela oottidobaa neeni be7adii? A dere ubbaa bollinne daashsha mittatu ubbaa garssi baada, yan shaaramuxaasu."
    },
    {
        "English Sentences": "Remembering mine affliction and my misery, the wormwood and the gall.",
        "Wolaitta Sentences": "A hagaa ubbaa oottadakka, taakko simmausu gaada qoppaas, shin simmabeikku. Qassi i michchiyaa, ammanettenna Yihudakka hegaa be7aasu."
    },
    {
        "English Sentences": "My soul hath them still in remembrance, and is humbled in me.",
        "Wolaitta Sentences": "Ammanoi bainna Israa7eela daroton shaaramuxido gishshau, paramaa immada o yeddaas. Hegaa gidinkka Israa7eeli michchiyaa, ammanettenna Yihuda yayyennaagaa taani be7aas; akka kiyada shaaramuxaasu."
    },
    {
        "English Sentences": "This I recall to my mind, therefore have I hope.",
        "Wolaitta Sentences": "SHaaramuxiyoogee iyyo qii laafabaa gidiyo gishshau, mittaaranne shuchchaara shaaramuxada biittaa tunissaasu."
    },
    {
        "English Sentences": "It is of the LORD's mercies that we are not consumed, because his compassions fail not.",
        "Wolaitta Sentences": "Hegan ubbankka i michchiyaa, ammanettenna Yihuda, coo simmidabaa milatausuppe attin, kumetta wozanaappe taakko simmabeikku. Taani GODAI hagaa odaas\" yaagiis."
    },
    {
        "English Sentences": "They are new every morning: great is thy faithfulness.",
        "Wolaitta Sentences": "GODAI taayyo hagaadan yaagiis; \"Ammanettenna Yihudippe ammanoi bainna Israa7eela xillo."
    },
    {
        "English Sentences": "The LORD is my portion, saith my soul; therefore will I hope in him.",
        "Wolaitta Sentences": "Ba; baada huuphessa baggaassi hagaadan yaagada awaajja; GODAI hagaadan yaagees; \"Bii, ammanoi bainna Israa7eelee, simma! Taani maarotai kumidoogaa gidiyo gishshau, taani nena iita aifiyan xeellikke. Merinau hanqqettikke."
    },
    {
        "English Sentences": "The LORD is good unto them that wait for him, to the soul that seeketh him.",
        "Wolaitta Sentences": "Gidikkonne, neeni, Taani GODAA ta Xoossaa bolli makkalaas. Allaga xoossatuura daashsha mittaa ubbaa garssan shaaramuxaas. Ne qaalaayyo azazettabeikke gaada ne mooruwaa ammananau koshshees. Taani GODAI hagaa odaas\" yaagees yaaga\" yaagiis."
    },
    {
        "English Sentences": "It is good that a man should both hope and quietly wait for the salvation of the LORD.",
        "Wolaitta Sentences": "Qassikka GODAI hagaadan yaagees; \"Inttenoo, ammanettenna asatoo, simmite; aissi giikko, taani intte azinaa. Taani inttena issuwaa issi katamaappe, naa77aa issi yaraappe doorada ekkana; ekkada inttena Xiyoone ehaana."
    },
    {
        "English Sentences": "It is good for a man that he bear the yoke in his youth.",
        "Wolaitta Sentences": "Hegaappe guyyiyan, taani ta wozanaadan, inttena heemmiya henttanchchata intteyyo immana. Eti inttena eratettaaninne akeekan heemmana\" yaagees."
    },
    {
        "English Sentences": "He sitteth alone and keepeth silence, because he hath borne it upon him.",
        "Wolaitta Sentences": "Qassikka GODAI, \"He gallassatun intte he biittan corattiyo wode, asati, GODAA Maachchaa Taabootaa giidi haasayokkona. I etayyo karihinne geenna, woikko hassayettenna, woikko bainnaageekka etau qofettenna; qassi harai oosettenna."
    },
    {
        "English Sentences": "He putteth his mouth in the dust; if so be there may be hope.",
        "Wolaitta Sentences": "He wodiyan eti Yerusalaame GODAA Kawotaa Araataa giidi xeesana. Kawotetta ubbaappe asai GODAA sunttaa bonchchanau Yerusalaame shiiqana. Hegaappe sinttan eti ixxisi giidi, bantta iita qofaa kaallokkona."
    },
    {
        "English Sentences": "He giveth his cheek to him that smiteth him: he is filled full with reproach.",
        "Wolaitta Sentences": "He gallassatun Yihudaa asati Israa7eela asatuura issippe gaittidi, huuphessa bagga biittaappe taani kase intte aawata laatissido biittaa issippe yaana\" yaagees."
    },
    {
        "English Sentences": "For the LORD will not cast off for ever:",
        "Wolaitta Sentences": "GODAI hagaadan yaagees; \"Taani inttena attuma naatudan waata wottanaakkonne,"
    },
    {
        "English Sentences": "But though he cause grief, yet will he have compassion according to the multitude of his mercies.",
        "Wolaitta Sentences": "payya biittaa, kawotetta ubbaappe aadhdhidi, lo77iya biittaa waata laatissanaakkonne qoppaas. Qassi tana, Ta aawau giidi xeesananne tana kaalliyoosaappe guyye simmokkona gaada qoppaas. SHin Israa7eela asatoo, intte ba azinaayyo ammanettenna maccaaseedan taayyo ammanettibeekketa\" yaagees."
    },
    {
        "English Sentences": "For he doth not afflict willingly nor grieve the children of men.",
        "Wolaitta Sentences": "Aibakko bainna xoqqa deretu bollan cenggurssai siyettees; hegeenne, Israa7eela asaa yeehuwaanne watiwatuwaa. Aissi giikko, eti bantta ogiyaa geellayidosonanne GODAA bantta Xoossaa dogidosona."
    },
    {
        "English Sentences": "To crush under his feet all the prisoners of the earth,",
        "Wolaitta Sentences": "GODAI eta, \"Inttenoo, ammanoi bainna asatoo, taakko simmite. Intte ammanettana mala, taani inttena pattana\" yaagiis. Yaagin eti, \"Eeno, nuuni neekko simmana. Aissi giikko, neeni GODAA nu Xoossaa."
    },
    {
        "English Sentences": "To turn aside the right of a man before the face of the most High,",
        "Wolaitta Sentences": "Nuuni keratu huuphiyaaninne deretu huuphiyan eeqau goinniyoogee tumuppe cimo. Tumuppe nuuyyo, Israa7eelatuyyo atotettai GODAANA, nu Xoossaana."
    },
    {
        "English Sentences": "To subvert a man in his cause, the LORD approveth not.",
        "Wolaitta Sentences": "Nu yelagatettaasappe doommin, nu aawati daafuridi demmidobaa, eta dorssaanne miizzaa, eta maccanne attuma naata, yeellayiya eeqati mi xaissidosona."
    },
    {
        "English Sentences": "Who is he that saith, and it cometh to pass, when the Lord commandeth it not?",
        "Wolaitta Sentences": "Nu yelagatettaasappe doommidi, hachchi gakkanaassi, nuunikka nu aawatikka GODAA nu Xoossaa bolli nagaraa oottida. GODAA nu Xoossaa qaalaassi azazettibookko. Hegaa gishshau, ane nuuni yeellau duge gufannoos; qassi kaushshai nuna afaladan kammo\" yaagoosona."
    },
    {
        "English Sentences": "Out of the mouth of the most High proceedeth not evil and good?",
        "Wolaitta Sentences": "GODAI hagaadan yaagees; \"Israa7eela asau, simmikko, haa taakko simmite. Intte taani shenetiyo intte eeqata ta sinttappe diggikko, taappe wora baana xayikkonne"
    },
    {
        "English Sentences": "Wherefore doth a living man complain, a man for the punishment of his sins?",
        "Wolaitta Sentences": "intte tuman, suuretettaaninne xillotettan, GODAI ero! giidi caaqqikko, he wode kawotettati an anjjettananne an ceeqqana\" yaagees."
    },
    {
        "English Sentences": "Let us search and try our ways, and turn again to the LORD.",
        "Wolaitta Sentences": "GODAI Yihudaa asaayyoonne Yerusalaamen de7iyaageetuyyoo hagaadan yaagees; \"Intte otta biittaa goyite; agunttaa bolli zeroppite."
    },
    {
        "English Sentences": "Let us lift up our heart with our hands unto God in the heavens.",
        "Wolaitta Sentences": "Inttenoo, Yihudaa asatoo, Yerusalaamen de7iyaageetoo, intte intte huuphen Xoossaayyo qaxxarettite; intte wozanaa shoohuwaa diggite. Hegee xayikko, intte oottido iitatettaa gishshau, ta hanqqoi tamaadan eexxi kiyana. A ooninne toissanau danddayenna\" yaagees."
    },
    {
        "English Sentences": "We have transgressed and have rebelled: thou hast not pardoned.",
        "Wolaitta Sentences": "GODAI hagaadan yaagees; \"Yihudan yootite. Yerusalaamen, Biitta ubban malkkataa punnite! yaagidi awaajjite. Intte qaalaa xoqqissidi, hagaadan giidi waassite! Issippe shiiqite! Ane gimbbee yuuyi aadhdhido katamaa hinddite! yaagite."
    },
    {
        "English Sentences": "Thou hast covered with anger, and persecuted us: thou hast slain, thou hast not pitied.",
        "Wolaitta Sentences": "Asai Xiyoone baana mala malaatite! Intteyyo saro attanau baqatite! Gam77oppite! Aissi giikko, taani huuphessa bagga biittaappe iitabaanne gita bashshaa ehais."
    },
    {
        "English Sentences": "Thou hast covered thyself with a cloud, that our prayer should not pass through.",
        "Wolaitta Sentences": "Gaammoi ba de7iyo buuraappe kiyiyoogaadan, kawotettata xaissiyaagee ba sohuwaappe denddiis. Denddidi intte biittaa xaissanau yiis. Intte katamati moorettidi ona gidana."
    },
    {
        "English Sentences": "Thou hast made us as the offscouring and refuse in the midst of the people.",
        "Wolaitta Sentences": "Hegaa gishshau, waaruwaa maayidi, Aayyee! Aayyee! yaagidi zilaalitenne yeekkite. Aissi giikko, GODAA hanqqoi suulliyaagee nu bollappe kichchiichchibeenna\" yaagees."
    },
    {
        "English Sentences": "All our enemies have opened their mouths against us.",
        "Wolaitta Sentences": "Qassikka GODAI, \"He gallassi, kawuwaa wozanainne halaqatu wozanai taahana. Qeesetikka dagammana. Hananabaa yootiyaageetikka, Poora! giidi doonaa oiqqana\" yaagees."
    },
    {
        "English Sentences": "Fear and a snare is come upon us, desolation and destruction.",
        "Wolaitta Sentences": "Yaagin taani, \"Hai Ubbaa Haariya GODAU, bisoi eta qooriyan wodhdhiyo wode, Intteyyo sa7i saro gidana yaagada, ha asaanne Yerusalaame pala cimo cimmadasa\" yaagaas."
    },
    {
        "English Sentences": "Mine eye runneth down with rivers of water for the destruction of the daughter of my people.",
        "Wolaitta Sentences": "He wodiyan ha asaassinne Yerusalaamessi, GODAI hagaadan yaagees geetettana; \"Bazzuwan de7iya aibinne bainna xoqqa deretuppe michchiyaa carkkoi ta asaa bolli carkkana; shin hegee kattaa suragganaassanne geeshshanaassa gidenna."
    },
    {
        "English Sentences": "Mine eye trickleth down, and ceaseth not, without any intermission,",
        "Wolaitta Sentences": "Hegaappe keehi wolqqaamiya carkkoi ta azazuwan carkkana; ha77i taani eta bolli pirddana\" gees geetettana."
    },
    {
        "English Sentences": "Till the LORD look down, and behold from heaven.",
        "Wolaitta Sentences": "Be7ite, morkkee shaaraadan kiyees. A paraa gaaretikka gote mala; a parati argganttaappekka aadhdhi eesotoosona. Aayye7ana nunoo! Baa xayida!"
    },
    {
        "English Sentences": "Mine eye affecteth mine heart because of all the daughters of my city.",
        "Wolaitta Sentences": "Nenoo Yerusalaamee, attana mala, ne wozanaa meeccada iitatettaappe geeshshargga! Iita qofai ne wozanan aude gakkanaashin gam77anee?"
    },
    {
        "English Sentences": "Mine enemies chased me sore, like a bird, without cause.",
        "Wolaitta Sentences": "Daana katamaappenne Efireema Deriyaappe yiidaageeti iitabaa awaajjoosona."
    },
    {
        "English Sentences": "They have cut off my life in the dungeon, and cast a stone upon me.",
        "Wolaitta Sentences": "GODAI hagaadan yaagees; \"Kawotettatuyyo yootite; Yerusalaameyyookka hagaadan yaagidi awaajjite; Haaho biittaappe olai yees; yiidi Yihudaa katamatu bollan alaahees."
    },
    {
        "English Sentences": "Waters flowed over mine head; then I said, I am cut off.",
        "Wolaitta Sentences": "I ta bolli makkalido gishshau, gaden de7iya kattaa naagiyaageetuugaadan, he olanchchati Yihudaa yuushuwan yuuyi aadhdhoosona yaagite\" yaagees."
    },
    {
        "English Sentences": "I called upon thy name, O LORD, out of the low dungeon.",
        "Wolaitta Sentences": "Yihudaa asatoo, intte hanoinne intte oosoi hagaa ubbaa intte bolli ehiis. Hagee intteyyo qixaate. I ai keesa cammiyaabee! Intte wozanaa ai keesa caddiyaabee!"
    },
    {
        "English Sentences": "Thou hast heard my voice: hide not thine ear at my breathing, at my cry.",
        "Wolaitta Sentences": "Aayyee tanoo! Taani hagaa waata danddayanee! Aayyee ta wozanau! Ta wozanai diddiqees; taani co77u gaanau danddayikke. Aissi giikko, taani malkkataa punettaanne olaa alaassaa siyaas."
    },
    {
        "English Sentences": "Thou drewest near in the day that I called upon thee: thou saidst, Fear not.",
        "Wolaitta Sentences": "Iitabai iitabaa kaallees; mule biittai moorettiis. Ta dunkkaanetinne magalashoti eesuwan xayidosona."
    },
    {
        "English Sentences": "O LORD, thou hast pleaded the causes of my soul; thou hast redeemed my life.",
        "Wolaitta Sentences": "Taani aude gakkanau olaa malaataa xeellaneenne malkkataa punettaa siyanee?"
    },
    {
        "English Sentences": "O LORD, thou hast seen my wrong: judge thou my cause.",
        "Wolaitta Sentences": "GODAI hagaadan yaagees; \"Ta asai eeyya; eti tana erokkona. Eti qofi bainna naata; etayyo akeeki baawa. Eti iitabaa oottanau eranchcha; shin lo77obaa oottanau erokkona\" yaagees."
    },
    {
        "English Sentences": "Thou hast seen all their vengeance and all their imaginations against me.",
        "Wolaitta Sentences": "Taani sa7aa xeellaas; xeellada sa7ai giigiichchibeennaagaanne aibinne bainna mela gidiyoogaa be7aas. Qassi salota xeellaas; xeellada etan poo7oi bainnaagaa be7aas."
    },
    {
        "English Sentences": "Thou hast heard their reproach, O LORD, and all their imaginations against me;",
        "Wolaitta Sentences": "Taani dereta xeellaas; xeellada eti qaaxxiyoogaanne kerati ubbai guyyenne sinttau gajigajiyoogaa be7aas."
    },
    {
        "English Sentences": "The lips of those that rose up against me, and their device against me all the day.",
        "Wolaitta Sentences": "Taani xeellaas; shin aiba asanne be7abeikke; saluwaa kafotikka ubbai paallidi baqatidosona."
    },
    {
        "English Sentences": "Behold their sitting down, and their rising up; I am their musick.",
        "Wolaitta Sentences": "Taani xeellaas; xeellada aradda biittai qa77e gididoogaa be7aas; GODAA sinttan, a suulo hanqquwaa sinttan he biittaa katamatikka yoodettidosona."
    },
    {
        "English Sentences": "Render unto them a recompence, O LORD, according to the work of their hands.",
        "Wolaitta Sentences": "GODAI hagaadan yaagees; \"Mule biittai moorettana; shin taani a wurssa xaissikke."
    },
    {
        "English Sentences": "Give them sorrow of heart, thy curse unto them.",
        "Wolaitta Sentences": "Hegaa gishshau, sa7ai yeekkana; salotikka bollan xumana. Aissi giikko, taani garggaas; marssettikke. Taani qofaa qachchaichchaas; aggikke\" yaagees."
    },
    {
        "English Sentences": "Persecute and destroy them in anger from under the heavens of the LORD.",
        "Wolaitta Sentences": "Paraasatunne wonddafiyaasatu garmmaamuwan, asai katama ubbaappe goossiis. Baggati woxxidi woraa garssi gelin, baggati qassi zaallaa shibboosona. Katamai ubbai onidi, de7iya asa xayiis."
    },
    {
        "English Sentences": "How is the gold become dim! how is the most fine gold changed! the stones of the sanctuary are poured out in the top of every street.",
        "Wolaitta Sentences": "Nenoo, moorettaichchidaaree, neeni ai oottai? Ne zo7o maayuwaanne aissi maayai? Worqqa alleeqonne aissi wottai? Ne aifiyaa ciruwaanne aissi tiyai? Neeni coo mela nena loittaasa. Ne laggettoti nena karidosona; eti nena woranau koyoosona."
    },
    {
        "English Sentences": "The precious sons of Zion, comparable to fine gold, how are they esteemed as earthen pitchers, the work of the hands of the potter!",
        "Wolaitta Sentences": "Taani maareta ohettida maccaasiyaa waassiyoogaa mala waasuwaa siyaas. I waasoi koiro na7a yeliya maccaasee ooliyaa mala. He waasoi, Yerusalaama shemppuwaa teqettada, ba kushiyaa zohaidda, \"Aayyee tanoo! Hekko tana woranau hanoosona!\" yaagada waassiyo waasuwaa."
    },
    {
        "English Sentences": "Even the sea monsters draw out the breast, they give suck to their young ones: the daughter of my people is become cruel, like the ostriches in the wilderness.",
        "Wolaitta Sentences": "GODAI hagaadan yaagees; \"Ane Yerusalaame ogiyaa pudenne duge hemettite; ane yuuyi aadhdhidi xeellitenne akeekite; a gutarankka koyite. Xillo pirddiyaanne tumaa koyiya issi asa intte demmikko, taani Yerusalaame maarana."
    },
    {
        "English Sentences": "The tongue of the sucking child cleaveth to the roof of his mouth for thirst: the young children ask bread, and no man breaketh it unto them.",
        "Wolaitta Sentences": "SHin eti, GODAI ero giikkokka, eti tumuppe wordduwan caaqqoosona\" yaagees."
    },
    {
        "English Sentences": "They that did feed delicately are desolate in the streets: they that were brought up in scarlet embrace dunghills.",
        "Wolaitta Sentences": "Abeet GODAU, ne aifeti tumaa xeellokkonaayye? Neeni eta dechchadasa, shin eta sakkibeenna. Neeni eta kinchcherettadasa, shin eti seeraa ekkennan ixxidosona. Eti bantta som77uwaa zaallaappe aatti minttidi, bantta nagaraappe simmennan ixxidosona."
    },
    {
        "English Sentences": "For the punishment of the iniquity of the daughter of my people is greater than the punishment of the sin of Sodom, that was overthrown as in a moment, and no hands stayed on her.",
        "Wolaitta Sentences": "Hegaappe guyyiyan, taani hagaadan yaagada qoppaas; \"Hageeti hiyyeesa kanchche; hageeti eeyya. Aissi giikko, eti GODAA ogiyaa, bantta Xoossaa higgiyaa erokkona."
    },
    {
        "English Sentences": "Her Nazarites were purer than snow, they were whiter than milk, they were more ruddy in body than rubies, their polishing was of sapphire:",
        "Wolaitta Sentences": "Simmi taani gita asatukko baananne etau odana. Aissi giikko, eti GODAA ogiyaa, bantta Xoossaa higgiyaa eroosona\" yaagada qoppaas. SHin eti ubbaikka issippe a qambbaraa menttidosonanne qashuwaakka duuttidosona."
    },
    {
        "English Sentences": "Their visage is blacker than a coal; they are not known in the streets: their skin cleaveth to their bones; it is withered, it is become like a stick.",
        "Wolaitta Sentences": "Hegaa gishshau, gaammoi ba woraappe kiyidi, eta worana. Suilaalee bazzoppe kiyidi, eta mi xaissana. Maahee eta katamata zuggidi naagana. He katamatuppe kiyiya ubbai puuzetti wurana. Aissi giikko, eta makkalai dalggiis; eta hereecaikka dariis."
    },
    {
        "English Sentences": "They that be slain with the sword are better than they that be slain with hunger: for these pine away, stricken through for want of the fruits of the field.",
        "Wolaitta Sentences": "GODAI hagaadan yaagees; \"Taani intte nagaraa aissi atto goo? Intte naati tana aggidi, worddo xoossatun caaqqidosona. Taani eta mizada kalissaas; shin eti shaaramuxidosonanne shaaramuxatu keettaa ziiridosona."
    },
    {
        "English Sentences": "The hands of the pitiful women have sodden their own children: they were their meat in the destruction of the daughter of my people.",
        "Wolaitta Sentences": "Eti xiikettida korima paradan ziittiiddi, hara asa machcho laggettanau jaamoosona."
    },
    {
        "English Sentences": "The LORD hath accomplished his fury; he hath poured out his fierce anger, and hath kindled a fire in Zion, and it hath devoured the foundations thereof.",
        "Wolaitta Sentences": "Tumu taani ha yohotu gishshau, eta qaxxayanau bessikkinaa? Hagaa mala kawotettaassi ta haluwaa kessikkinaa?\" yaagees."
    },
    {
        "English Sentences": "The kings of the earth, and all the inhabitants of the world, would not have believed that the adversary and the enemy should have entered into the gates of Jerusalem.",
        "Wolaitta Sentences": "Qassikka GODAI hagaadan yaagees; \"I woiniyaa turaa maaraa giddoora biiddi bashshite; shin wurssi xaissoppite."
    },
    {
        "English Sentences": "For the sins of her prophets, and the iniquities of her priests, that have shed the blood of the just in the midst of her,",
        "Wolaitta Sentences": "I tasheta kari olite; aissi giikko, eti GODAASSA gidokkona. Israa7eela asatinne Yihudaa asati mulekka ammanettibookkona\" yaagees."
    },
    {
        "English Sentences": "They have wandered as blind men in the streets, they have polluted themselves with blood, so that men could not touch their garments.",
        "Wolaitta Sentences": "Eti hagaadan giidi, GODAA bolli wordduwaa haasayidosona; \"I ainne oottenna; qohiyaabi aibinne nu bolli yeenna. Morkkiyaa bisuwaa woikko koshaa nuuni mulekka be7okko."
    },
    {
        "English Sentences": "They cried unto them, Depart ye; it is unclean; depart, depart, touch not: when they fled away and wandered, they said among the heathen, They shall no more sojourn there.",
        "Wolaitta Sentences": "Hananabaa yootiyaageeti carkko mala; etan Xoossaa qaalai baawa. Hegaa gishshau, eti giyoobai ubbai eta gakko\" yaagoosona."
    },
    {
        "English Sentences": "The anger of the LORD hath divided them; he will no more regard them: they respected not the persons of the priests, they favoured not the elders.",
        "Wolaitta Sentences": "Hegaa gishshau, GODAI, Ubbaappe Wolqqaama Xoossai Israa7eela asaa hagaadan yaagees; \"Eti ha qaalaa haasayido gishshau, taani ta qaalaa ne doonan tama kessana. Ha asaakka mitta kessana; he tamai eta mi xaissana\" yaagees."
    },
    {
        "English Sentences": "As for us, our eyes as yet failed for our vain help: in our watching we have watched for a nation that could not save us.",
        "Wolaitta Sentences": "GODAI inttena hagaadan yaagees; \"Inttenoo, Israa7eela asatoo, taani intte bolli haaho biittaappe issi kawotettaa ehais. Inne wolqqaamanne beni kawotetta. Eta qaalaa intte erenna, eta haasayaikka intteyyo gelenna kawotetta."
    },
    {
        "English Sentences": "They hunt our steps, that we cannot go in our streets: our end is near, our days are fulfilled; for our end is come.",
        "Wolaitta Sentences": "Eta zubbiyaa shoohoi dooya de7iya duufo mala. Eti ubbaikka wolqqaama asa."
    },
    {
        "English Sentences": "Our persecutors are swifter than the eagles of the heaven: they pursued us upon the mountains, they laid wait for us in the wilderness.",
        "Wolaitta Sentences": "Eti intte kattaanne qumaa dafidi maana. Intte attuma naatakka macca naatakka worana. Intte dorssaakka miizzaakka dafidi maana. Intte woiniyaa turaa teeraakka balasiyaa giyo mittaa teeraakka dafidi maana. Intte ammanettiyo, gimbbettida katamatakka eti bantta bisuwan olidi bashshana\" yaagees."
    },
    {
        "English Sentences": "The breath of our nostrils, the anointed of the LORD, was taken in their pits, of whom we said, Under his shadow we shall live among the heathen.",
        "Wolaitta Sentences": "GODAI Ermmaasa hagaadan yaagees; \"SHin he gallassatun gidikkokka, taani ta asaa muleera wurssa xaissikke."
    },
    {
        "English Sentences": "Rejoice and be glad, O daughter of Edom, that dwellest in the land of Uz; the cup also shall pass through unto thee: thou shalt be drunken, and shalt make thyself naked.",
        "Wolaitta Sentences": "Asai nena, GODAI nu Xoossai nu bolli hagaa ubbaa aissi oottidee? giidi oichchiyo wode, neeni etayyo, Intte tana, GODAA aggidi, inttesan imatta xoossatussi oottidoogaadan, hegaadan inttekka asasan imatta asatussi oottana yaaga\" yaagiis."
    },
    {
        "English Sentences": "The punishment of thine iniquity is accomplished, O daughter of Zion; he will no more carry thee away into captivity: he will visit thine iniquity, O daughter of Edom; he will discover thy sins.",
        "Wolaitta Sentences": "Qassikka GODAI, \"Hagaa Yaaqooba asatuyyo oda; Yihudaa biittankka hagaadan yaagada awaajja;"
    },
    {
        "English Sentences": "Remember, O LORD, what is come upon us: consider, and behold our reproach.",
        "Wolaitta Sentences": "Inttenoo, aifee de7ishin xeellennaageetoo, haittai de7ishin siyennaageetoo, eeyyanne damma asatoo, hagaa siyite!"
    },
    {
        "English Sentences": "Our inheritance is turned to strangers, our houses to aliens.",
        "Wolaitta Sentences": "Laa intte taayyo aissi yayyekketii? Intte ta sinttan aissi kokkorekketii? Aissi giikko, taani shaaheetaa abbaayyo zawa, merinau a pinttenna dirssa oottaas. Beetati pushakettikkokka xoonanau danddayokkona. Eti guummikkokka pinnanau danddayokkona."
    },
    {
        "English Sentences": "We are orphans and fatherless, our mothers are as widows.",
        "Wolaitta Sentences": "SHin ha asatuyyo muumenne makkala wozanai de7ees. Eti issi baggi simmidi, wora biidosona."
    },
    {
        "English Sentences": "We have drunken our water for money; our wood is sold unto us.",
        "Wolaitta Sentences": "Eti bantta wozanan, \"Nuussi silaa iraara gabbaa iraara wodiyan wodiyan immiya, nuna nu kattaa dabarssissennan shiishissiya GODAASSI, nu Xoossaassi, ane yayyoos\" gibookkona."
    },
    {
        "English Sentences": "Our necks are under persecution: we labour, and have no rest.",
        "Wolaitta Sentences": "Intte iita oosoi hageeta teqqiis. Intte nagarai inttena lo77obaappe ashshiis yaaga\" yaagees."
    },
    {
        "English Sentences": "We have given the hand to the Egyptians, and to the Assyrians, to be satisfied with bread.",
        "Wolaitta Sentences": "GODAI hagaadan yaagees; \"Ta asaa giddon iita asati de7oosona. Kafota oiqqanau naagiya asatudan zuggidi naagoosona. Eti gitiyaa yeggoosona; yeggidi asata oiqqoosona."
    },
    {
        "English Sentences": "Our fathers have sinned, and are not; and we have borne their iniquities.",
        "Wolaitta Sentences": "Koottan kafoi kumidoogaadan, eta keettan cimoi kumiis. Hegaa gishshau, eti gitanne dure gididosona."
    },
    {
        "English Sentences": "Servants have ruled over us: there is none that doth deliver us out of their hand.",
        "Wolaitta Sentences": "Eti orddenne modhdho gididi diccidosona. Eta iita oosuwaassi zawai baawa. Eti aawi bainna naata shatinttanau eta gishshaa mootettokkona; hiyyeesatu maataakka naagibookkona."
    },
    {
        "English Sentences": "We gat our bread with the peril of our lives because of the sword of the wilderness.",
        "Wolaitta Sentences": "Yaatin, taani GODAI eta hegaa gishshau, qaxxayanau bessikkinaa? Hagaa mala kawotettaa bolli ta haluwaa kessanau bessikkinaa?\" yaagees."
    },
    {
        "English Sentences": "Our skin was black like an oven because of the terrible famine.",
        "Wolaitta Sentences": "Qassikka GODAI hagaadan yaagees; \"Daro iitabainne daganttiyaabai biittaa bollan haniis."
    },
    {
        "English Sentences": "They ravished the women in Zion, and the maids in the cities of Judah.",
        "Wolaitta Sentences": "Hananabaa yootiyaageeti wordduwaa yootoosona; qeesetikka eta zoriyan aissoosona. Ta asaikka hegaa malabaa dosees! SHin wurssettan waanuuteetii?\" yaagees."
    },
    {
        "English Sentences": "Princes are hanged up by their hand: the faces of elders were not honoured.",
        "Wolaitta Sentences": "Qassikka GODAI, \"Inttenoo, Biniyaama asatoo, intte shemppuwaa ashshanau baqatite! Yerusalaameppe kiyite! Taqo7a kataman malkkataa punnite! Beeti-Hakkareema giyoosan malaataa bessite! Aissi giikko, huuphessa baggappe iitabainne hanttaara bashshai yaana hanees."
    },
    {
        "English Sentences": "They took the young men to grind, and the children fell under the wood.",
        "Wolaitta Sentences": "Taani lo77iyaanne ufaissiya Xiyoone katamata xaissana."
    },
    {
        "English Sentences": "The elders have ceased from the gate, the young men from their musick.",
        "Wolaitta Sentences": "Morkketi henttanchchatudan bantta wudiyaa ekkidi, a bolli yaana. Yiidi a yuushuwan bantta dunkkaaniyaa dunkkaanana; bantta wudiyaanne bantta sohuwan sohuwan heemmana."
    },
    {
        "English Sentences": "The joy of our heart is ceased; our dance is turned into mourning.",
        "Wolaitta Sentences": "Eti issoi issuwaa, Yerusalaameera olettanau giigite! Denddite! Ane nuuni a seeta gallassi oloos. SHin aayye7ana! Sa7ai qammees; omarssaa kuwai aduqqi aduqqi bees."
    },
    {
        "English Sentences": "The crown is fallen from our head: woe unto us, that we have sinned!",
        "Wolaitta Sentences": "Hegaa gishshau, denddite! Denddidi ane qamma oloos; olidi a qatuwaa laaloos yaagidi maqettoosona\" yaagees."
    },
    {
        "English Sentences": "For this our heart is faint; for these things our eyes are dim.",
        "Wolaitta Sentences": "Ubbaappe Wolqqaama GODAI hagaadan yaagees; \"Mittata qanxxite. Yerusalaame gimbbiyaa lanqqen biittaa dooridi diddiqite. He kataman naaqoi kumido gishshau, i qaxxayettanau bessees."
    },
    {
        "English Sentences": "Because of the mountain of Zion, which is desolate, the foxes walk upon it.",
        "Wolaitta Sentences": "Ollai ba haattaa pulttiyoogaadan, ikka ba iitatettaa pulttees. Makkalabainne bashshabai a giddon siyettees. Muletoo a sahoinne masunttai ta sinttan beettees."
    },
    {
        "English Sentences": "Thou, O LORD, remainest for ever; thy throne from generation to generation.",
        "Wolaitta Sentences": "Nenoo Yerusalaamee, taani nena seeriyoogaa ekka. Ekkennan ixxikko, taani neeppe shaahettananne ne biittaa issi asinne de7enna baadine biitta kessana\" yaagees."
    },
    {
        "English Sentences": "Wherefore dost thou forget us for ever, and forsake us so long time?",
        "Wolaitta Sentences": "Ubbaappe Wolqqaama GODAI hagaadan yaagees; \"Woiniyaa teeraa poshiliyoogaadan, Israa7eela asaa atettata loittidi poshilite. Woiniyaa teeraa qoriya asadan, intte kushiyaa daashshatu giddo naa77anttuwaakka yeddite\" yaagees."
    },
    {
        "English Sentences": "Turn thou us unto thee, O LORD, and we shall be turned; renew our days as of old.",
        "Wolaitta Sentences": "Taani oossi odooshsha? Oona seerooshsha? Ooni siyanddeeshsha? Be7ite, eti siyenna mala, eta haittai baretti uttiis. Be7ite, GODAA qaalai etayyo qilliicciyoobaa gidiis; eti an ufaittokkona."
    },
    {
        "English Sentences": "But thou hast utterly rejected us; thou art very wroth against us.",
        "Wolaitta Sentences": "Hegaa gishshau, GODAA hanqqoi tanan kumi uttiis. Taani ha hanqquwaa teqqanau danddayikke. Yaatin, GODAI tana hagaadan yaagees; \"Ta hanqquwaa ogiyan de7iya naatu bollinne shiiqida yelaga asaa bolli tiga. Maccaasiyookka azinaakka, ceeggi wurida asaakka i ekki baana."
    }
]