[
    {
        "English Sentences": "Now it came to pass in the thirtieth year, in the fourth month, in the fifth day of the month, as I was among the captives by the river of Chebar, that the heavens were opened, and I saw visions of God.",
        "Wolaitta Sentences": "Kase asai kumido Yerusalaame katamiyaa ha77i waanada mela attadee! Kase kawotettatu giddon gita gididaara ha77i azini haiqqido maccaaseedan, waanada barkka attadee! Katamatu ubbaa giddon kawiyo gididaara ha77i waanada aille gidadee!"
    },
    {
        "English Sentences": "In the fifth day of the month, which was the fifth year of king Jehoiachin's captivity,",
        "Wolaitta Sentences": "Qamma ubban afuttai i gacuwaara holssattishin, yeekkaidda aqaasu. Kase o dosiyaageetuppe ha77i o minttettiyaabi issoinne baawa. I laggeti o kaddidi, iyyo morkke gididosona."
    },
    {
        "English Sentences": "The word of the LORD came expressly unto Ezekiel the priest, the son of Buzi, in the land of the Chaldeans by the river Chebar; and the hand of the LORD was there upon him.",
        "Wolaitta Sentences": "Yihudiyaa naaqettaiddanne ailletaidda omoodettada baasu. A ha77i kawotettatu giddon de7ausu; shin shemppiyo soho demmabeikku. O yedettidaageeti a metoota uttidaashin gakkidi demmidosona."
    },
    {
        "English Sentences": "And I looked, and, behold, a whirlwind came out of the north, a great cloud, and a fire infolding itself, and a brightness was about it, and out of the midst thereof as the colour of amber, out of the midst of the fire.",
        "Wolaitta Sentences": "Laittaa giddon bonchchiyo baalata yiyaabi bainna gishshau, Xiyooni ogeti azzanoosona. Katamaa penggeti baisa attidosona; i qeesetikka ooloosona. I geela7o naatikka tuggatidosona; qassi a ba huuphiyaukka iita tuggaa tuggata uttaasu."
    },
    {
        "English Sentences": "Also out of the midst thereof came the likeness of four living creatures. And this was their appearance; they had the likeness of a man.",
        "Wolaitta Sentences": "I morkketi iyyo goda gididosona; etau injjetin de7idosona. Aissi giikko, i nagaraa daruwaa gaasuwan GODAI o tuggayiis; i guutta naati morkkiyan omoodettidi biidosona."
    },
    {
        "English Sentences": "And every one had four faces, and every one had four wings.",
        "Wolaitta Sentences": "Xiyooni puulai ubbai ippe qaarettiichchiis; i halaqatikka maataa miyo sohuwaa xayida gaaraa mala gididosona. Eti wolqqa xayidi, banttana yedettiyaageetu sinttappe baqatidosona."
    },
    {
        "English Sentences": "And their feet were straight feet; and the sole of their feet was like the sole of a calf's foot: and they sparkled like the colour of burnished brass.",
        "Wolaitta Sentences": "Yerusalaama ha77i ba tuggaanne ba un77uwaa gallassatun beni ba bonchcho buquraa hassayausu. I asai ubbai morkketu kushiyan aadhdhidi imettido wode, o maaddiyaabi issoinne attibeenna. I morkketi o xeellidi, i bashshan miiccidosona."
    },
    {
        "English Sentences": "And they had the hands of a man under their wings on their four sides; and they four had their faces and their wings.",
        "Wolaitta Sentences": "Yerusalaama gita nagaraa oottaasu; hegaa gishshau, a tunabaa gidausu. Kase o bonchchida ubbai ha77i i kalluwaa be7ido gishshau, o karees. Akka oolausunne guyye simmausu."
    },
    {
        "English Sentences": "Their wings were joined one to another; they turned not when they went; they went every one straight forward.",
        "Wolaitta Sentences": "I tunatettai i afalaa xeeraa baqqi oiqqiis. Sinttappe ba bolli hananabaa a qoppabeikku. Hegaa gishshau, i kunddettai daganttiyaagaa. A, \"Abeet GODAU, ta tuggaa be7a! Ta morkketi tana xoonidosona\" ginkka, o minttettiyaabi issoinne baawa."
    },
    {
        "English Sentences": "As for the likeness of their faces, they four had the face of a man, and the face of a lion, on the right side: and they four had the face of an ox on the left side; they four also had the face of an eagle.",
        "Wolaitta Sentences": "Morkketi i bonchcho buquraa ubbaa bollan bantta kushiyaa yeddidosona. Dere kawotettati, kase neeni GODAI maabaraa giddo gelissennan diggido asati, i Beeta Maqidasiyaa gelishin be7aasu."
    },
    {
        "English Sentences": "Thus were their faces: and their wings were stretched upward; two wings of every one were joined one to another, and two covered their bodies.",
        "Wolaitta Sentences": "I asati namisettidi, qumaa demmanau ooloosona. Eti paxa de7ana gishshau giidi, bantta bonchcho buquraa ubbaa quman laammoosona. Yerusalaama hagaadan yaagausu; \"Abeet GODAU, xeella; taani karettidoogaa be7a!"
    },
    {
        "English Sentences": "And they went every one straight forward: whither the spirit was to go, they went; and they turned not when they went.",
        "Wolaitta Sentences": "Inttenoo, hagaara aadhdhiyaageetoo, hagee inttessi ubbaassi aibanne gidennee? Metoi ubbi GODAI ba eexxiya hanqquwaa gallassi ta bolli ehiido metuwaa malee?"
    },
    {
        "English Sentences": "As for the likeness of the living creatures, their appearance was like burning coals of fire, and like the appearance of lamps: it went up and down among the living creatures; and the fire was bright, and out of the fire went forth lightning.",
        "Wolaitta Sentences": "GODAI bolla xoqqaappe tamaa duge yeddiis; he tamai ta meqettaa giddo geliis. Ta gediyaa oiqqanau piriyaa wottiis; tana guyye zaariis. I tana gallassa ubban labbanttidi, yeggi bayiis."
    },
    {
        "English Sentences": "And the living creatures ran and returned as the appearance of a flash of lightning.",
        "Wolaitta Sentences": "Taani oottido nagaraa ubbaa shiishshi qachchidi, qambbaraadan ta morggiyan wottiis. Yaatidi ta wolqqaa wurssiis. Taani eqettanau danddayennaageetussi Godai tana aattidi immiis."
    },
    {
        "English Sentences": "Now as I beheld the living creatures, behold one wheel upon the earth by the living creatures, with his four faces.",
        "Wolaitta Sentences": "Godai ta giddon de7iya wolqqaama olanchchata ubbaa ixxiis. Ta yelagatakka xaissanau olanchchata ta bollan xeegiis. Woiniyaa teeraa gum77iyo sohuwan yedhdhiyoogaadan, Godai Yihudaa asaa yedhdhiis."
    },
    {
        "English Sentences": "The appearance of the wheels and their work was like unto the colour of a beryl: and they four had one likeness: and their appearance and their work was as it were a wheel in the middle of a wheel.",
        "Wolaitta Sentences": "Taani yeekkiyoogeenne ta aifee afuttaa holssayiyoogee hegaassa. Tana minttettanaunne ta wolqqaa kunttanau issi asinne baawa. Morkkee goobiis; ta naatinne mela attidosona\" yaagausu."
    },
    {
        "English Sentences": "When they went, they went upon their four sides: and they turned not when they went.",
        "Wolaitta Sentences": "Xiyoona ba kushiyaa miccaasu; shin o minttettiyaabi baawa. I yuushuwan de7iyaageeti o morkkanaadan, GODAI oottiis. Yerusalaama eta giddon tunabaa gidaasu."
    },
    {
        "English Sentences": "As for their rings, they were so high that they were dreadful; and their rings were full of eyes round about them four.",
        "Wolaitta Sentences": "A hagaadan yaagausu; \"GODAI xillo; a qaalau azazettennan makkalidaara tana. Inttenoo, asatoo ubbaikka siyite! Ta metuwaakka be7ite. Ta wodallatinne ta geela7oti omoodettidi biidosona."
    },
    {
        "English Sentences": "And when the living creatures went, the wheels went by them: and when the living creatures were lifted up from the earth, the wheels were lifted up.",
        "Wolaitta Sentences": "Taani tana dosiyaageeta xeegaas; shin eti tana cimmidosona. Ta qeesetinne ta cimati bantta akataa gasttissanau qumaa koyiiddi, katamaa giddon haiqqi wuridosona."
    },
    {
        "English Sentences": "Whithersoever the spirit was to go, they went, thither was their spirit to go; and the wheels were lifted up over against them: for the spirit of the living creature was in the wheels.",
        "Wolaitta Sentences": "Abeet GODAU, ta waayiyaa be7a! Ta garssai shabbirettiis. Taani keehippe makkalido gishshau, ta wozanai meqqiis. Karen bisoi wurssees; soonikka haiqo xalaalai de7ees."
    },
    {
        "English Sentences": "When those went, these went; and when those stood, these stood; and when those were lifted up from the earth, the wheels were lifted up over against them: for the spirit of the living creature was in the wheels.",
        "Wolaitta Sentences": "Asai taani zilaaliyoogaa siyiis; shin tana minttettiya issi asinne baawa. Ta morkketi ubbai taani metootiyoogaa siyidosona; siyidi neeni oottidoban ufaittidosona. Etikka tanadan hanana mala, eta bolli neeni awaajjido gallassaa eha!"
    },
    {
        "English Sentences": "And the likeness of the firmament upon the heads of the living creature was as the colour of the terrible crystal, stretched forth over their heads above.",
        "Wolaitta Sentences": "Eta iitatettai ubbai ne sintti gakko; ta nagaraa ubbaa gishshau, neeni tana qaxxayidoogaadan, etakka qaxxaya! Aissi giikko, ta zilaassai dariis; ta wozanaikka meqqiis\" yaagausu."
    },
    {
        "English Sentences": "And under the firmament were their wings straight, the one toward the other: every one had two, which covered on this side, and every one had two, which covered on that side, their bodies.",
        "Wolaitta Sentences": "Godai ba hanqquwan Xiyoono dulkka shaaraappe garssaara waati wottidee! I Israa7eela puulaa saluwaappe duge sa7aa oliis. I ba hanqquwaa gallassan ba Beeta Maqidasiyaakka qoppibeenna."
    },
    {
        "English Sentences": "And when they went, I heard the noise of their wings, like the noise of great waters, as the voice of the Almighty, the voice of speech, as the noise of an host: when they stood, they let down their wings.",
        "Wolaitta Sentences": "Godai Yihudan de7iya keettata ubbaa qarettennan xaissiis. Qassi ba hanqquwan he biittaa qatota ubbaa koliis. He kawotettaanne a halaqata sa7an duge wottidi kaushshiis."
    },
    {
        "English Sentences": "And there was a voice from the firmament that was over their heads, when they stood, and had let down their wings.",
        "Wolaitta Sentences": "Ba suulliya hanqquwan Israa7eela wolqqaa ubbaa mentterettiis. Morkkee a olanau yiyo wode, Godai ba ushachcha kushiyaa eta bollappe diggirggiis. Lacottiya tamaadan, Israa7eela biittan eexxi kiyidi, ba yuushuwan de7iyaabaa ubbaa mi xaissiis."
    },
    {
        "English Sentences": "And above the firmament that was over their heads was the likeness of a throne, as the appearance of a sapphire stone: and upon the likeness of the throne was the likeness as the appearance of a man above upon it.",
        "Wolaitta Sentences": "Morkkiyaadan i ba wonddafiyaa eta bolli dafiis. Huqqunniyaageetudan i ba kushiyaa minttidi, xeellin lo77iya asaa ubbaa woriis. Xiyoone keettatu bolli ba hanqquwaa suuluwaa tamaadan qoliis."
    },
    {
        "English Sentences": "And I saw as the colour of amber, as the appearance of fire round about within it, from the appearance of his loins even upward, and from the appearance of his loins even downward, I saw as it were the appearance of fire, and it had brightness round about.",
        "Wolaitta Sentences": "Godai morkkedan hanidi, Israa7eela xaissiis. I kawo keettatanne qatota ubbaa qoliis. Yihudaa asaa bollan kayyuwaanne yeehuwaa gujjiis."
    },
    {
        "English Sentences": "As the appearance of the bow that is in the cloud in the day of rain, so was the appearance of the brightness round about. This was the appearance of the likeness of the glory of the LORD. And when I saw it, I fell upon my face, and I heard a voice of one that spake.",
        "Wolaitta Sentences": "I ba Beeta Maqidasiyaa ataakiltte giddon de7iya daasiyaadan, shoddi oliis. Laittaa giddon bonchchiyo baalatinne Sambbatati mule dogettanaadan, GODAI oottiis. Ba gita hanqquwan kawuwaanne qeesiyaa kariis."
    },
    {
        "English Sentences": "And he said unto me, Son of man, stand upon thy feet, and I will speak unto thee.",
        "Wolaitta Sentences": "Godai baayyo yarshshuwaa yarshshiyo sohuwaa ixxiis; ba Beeta Maqidasiyaakka aggi bayiis. Kawo keettatu gimbbiyaa morkketu kushiyan aattidi immiis. Asai laittaa baalaa bonchchiiddi wocamiyoogaadan, morkketi GODAA Beeta Maqidasiyan wocamidosona."
    },
    {
        "English Sentences": "And the spirit entered into me when he spake unto me, and set me upon my feet, that I heard him that spake unto me.",
        "Wolaitta Sentences": "GODAI Xiyooni gimbbiyaa qolanau qachchiis; o likkiyo wodoruwaa micciis; o xaissennan de7iiddi, ba kushiyaa zaarenna. Hegaa gishshau, gimbbeenne qatoi issippe kunddanaadan oottiis."
    },
    {
        "English Sentences": "And he said unto me, Son of man, I send thee to the children of Israel, to a rebellious nation that hath rebelled against me: they and their fathers have transgressed against me, even unto this very day.",
        "Wolaitta Sentences": "Yerusalaame penggiyaa sanqqati biittan duge moogettidosona; eta hiraqotakka i mentterettidi xaissiis. I kawoinne halaqati omoodettidi, kawotettatu giddo biidosona. Higgiyaa tamaarissiyaabikka baawa; i hananabaa yootiyaageetussikka GODAAPPE ajjuutai yiyoogaa aggiis."
    },
    {
        "English Sentences": "For they are impudent children and stiffhearted. I do send thee unto them; and thou shalt say unto them, Thus saith the Lord GOD.",
        "Wolaitta Sentences": "Xiyooni cimati co77u giidi, biittan utti aggidosona; bantta huuphiyan baanaa qolidi, waaruwaakka maayidosona. Yerusalaame geela7oti sa7au duge hokkidosona."
    },
    {
        "English Sentences": "And they, whether they will hear, or whether they will forbear, (for they are a rebellious house,) yet shall know that there hath been a prophet among them.",
        "Wolaitta Sentences": "Ta aifee afuxxii afuxxidi galjjiis; ta wozanaikka azzanuwan shabbirettiis. Aissi giikko, ta asai xayiis; guutta naatinne yiira naati katamaa ogiyan labbanidi kunddidosona."
    },
    {
        "English Sentences": "And thou, son of man, be not afraid of them, neither be afraid of their words, though briers and thorns be with thee, and thou dost dwell among scorpions: be not afraid of their words, nor be dismayed at their looks, though they be a rebellious house.",
        "Wolaitta Sentences": "Eti bantta aayeta, \"Qumaa imma! Woine eessaa imma!\" yaagidi waassoosona. Katamaa ogiyan deshettidi labbaniya asatudan eti labbanin, eta aayetu kiyuwan eta shemppoi kiyees."
    },
    {
        "English Sentences": "And thou shalt speak my words unto them, whether they will hear, or whether they will forbear: for they are most rebellious.",
        "Wolaitta Sentences": "Nenoo, Yerusalaamee, taani nebaa ai gaanau danddayiyaanaa? Woi qassi ne qohuwaa taani aibiira likkanau danddayiyaanaa? Nenoo, dosettida Xiyoonee, qassi taani nena waata minttettanau danddayiyaanaa? Ne masunttai abbaa keena ciimma. Yaatin, nena ooni pattanau danddayii?"
    },
    {
        "English Sentences": "But thou, son of man, hear what I say unto thee; Be not thou rebellious like that rebellious house: open thy mouth, and eat that I give thee.",
        "Wolaitta Sentences": "Ne hananabaa yootiyaageeti neeyyo worddonne pattenna ajjuutaa be7idosona; eti neeni omooduwau beenna mala, ne nagaraa qonccissidi yootibookkona. Eti balettiya worddo ajjuutaa neeyyo be7idosona."
    },
    {
        "English Sentences": "And when I looked, behold, an hand was sent unto me; and, lo, a roll of a book was therein;",
        "Wolaitta Sentences": "Ne mataara aadhdhiya ubbai ba biradhdhiyaa ne bollan dukkees. Qassi, \"Biittan sa7an ubbaappe aadhdhada lo77iya katamiyaa hannii? Kumetta biittau ufaissa geetettida katamiyaa hannii?\" yaagidi nena baceessees; ba huuphiyaakka qaattees."
    },
    {
        "English Sentences": "And he spread it before me; and it was written within and without: and there was written therein lamentations, and mourning, and woe.",
        "Wolaitta Sentences": "Ne morkketi ubbai bantta doonaa ne bolli dooyidosona; baceessiiddinne yiilluwan bantta achchaa garcciiddi, \"Nuuni o xaissida! Nuuni naagidi uttido gallassaikka hagaa; ha77i gakkidi be7ida!\" yaagoosona."
    },
    {
        "English Sentences": "Moreover he said unto me, Son of man, eat that thou findest; eat this roll, and go speak unto the house of Israel.",
        "Wolaitta Sentences": "GODAI ba halchchidoogaa oottiis; beni wode i awaajjido ba qaalaakka poliis. Yerusalaamissi qarettennan o qoliis. I morkketakka ufaissiis; o huqqunnidaageetu wolqqaakka xoqqu xoqqu oottiis."
    },
    {
        "English Sentences": "So I opened my mouth, and he caused me to eat that roll.",
        "Wolaitta Sentences": "Nenoo, Xiyoonee, Godaakko ne dirssaa gimbbee waasso! Ne afuttaikka qamminne gallassi shaafaadan goggo! Neeni nena shemppissoppa; ne aifiyaukka shemppuwaa immoppa!"
    },
    {
        "English Sentences": "And he said unto me, Son of man, cause thy belly to eat, and fill thy bowels with this roll that I give thee. Then did I eat it; and it was in my mouth as honey for sweetness.",
        "Wolaitta Sentences": "Dendda; qammi poo7oora denddada waassa. Godaa sinttan ne wozanaa haattaadan gussa. Ogiyaa doonan ubban namisettidi, labbanida ne naatu shemppuwaassi ne kushiyaa akko pude denttada woossa!"
    },
    {
        "English Sentences": "And he said unto me, Son of man, go, get thee unto the house of Israel, and speak with my words unto them.",
        "Wolaitta Sentences": "Abeet GODAU, be7a! Neeni o bolli kase hagaadan oottidaakko, ane qoppa. Aayeti bantta kiyuwan ishalissidi dichchido bantta naata moona gai? Qassi qeesetinne hananabaa yootiyaageeti Godaa Beeta Maqidasiyaa giddon haiqqona gai?"
    },
    {
        "English Sentences": "For thou art not sent to a people of a strange speech and of an hard language, but to the house of Israel;",
        "Wolaitta Sentences": "Cimai naatoi katama giddo ogiyaa buhiyan zin77iis; ta geela7otinne ta wodallati bisuwan wuridosona. Neeni ne hanqquwaa gallassi eta woradasa; etau qarettennan eta siifadasa."
    },
    {
        "English Sentences": "Not to many people of a strange speech and of an hard language, whose words thou canst not understand. Surely, had I sent thee to them, they would have hearkened unto thee.",
        "Wolaitta Sentences": "Gibiraa gallassau xeegiyoogaadan, neeni tana daganttiyaageeta ubbasaappe xeegadasa. GODAA hanqquwaa gallassan kessi ekki paxa attidai issoinne baawa. Taani ta kiyuwan ishalissada dichchido naata ubbaa morkkee wori xaissiis."
    },
    {
        "English Sentences": "But the house of Israel will not hearken unto thee; for they will not hearken unto me: for all the house of Israel are impudent and hardhearted.",
        "Wolaitta Sentences": "GODAA hanqquwaa gatiman metuwaa be7ida asi tana."
    },
    {
        "English Sentences": "Behold, I have made thy face strong against their faces, and thy forehead strong against their foreheads.",
        "Wolaitta Sentences": "I tana laaggi kessidi, poo7oi bainna xumau efiis."
    },
    {
        "English Sentences": "As an adamant harder than flint have I made thy forehead: fear them not, neither be dismayed at their looks, though they be a rebellious house.",
        "Wolaitta Sentences": "I zaari zaaridikka gallassa muliyaa tana shocanau ba kushiyaa ta bollan denttiis."
    },
    {
        "English Sentences": "Moreover he said unto me, Son of man, all my words that I shall speak unto thee receive in thine heart, and hear with thine ears.",
        "Wolaitta Sentences": "I ta galbbaanne ta ashuwaa ceegissiis; ta meqettaakka menttiis."
    },
    {
        "English Sentences": "And go, get thee to them of the captivity, unto the children of thy people, and speak unto them, and tell them, Thus saith the Lord GOD; whether they will hear, or whether they will forbear.",
        "Wolaitta Sentences": "I tana diriis; metuwaaninne daafuran i tana dooddiis."
    },
    {
        "English Sentences": "Then the spirit took me up, and I heard behind me a voice of a great rushing, saying, Blessed be the glory of the LORD from his place.",
        "Wolaitta Sentences": "Beni aidekko haiqqida asadan, tana xumaa giddon wottiis."
    },
    {
        "English Sentences": "I heard also the noise of the wings of the living creatures that touched one another, and the noise of the wheels over against them, and a noise of a great rushing.",
        "Wolaitta Sentences": "Taani kiyennaadan, ta yuushuwaa diriis; deexo sanssalatankka tana qachchiis."
    },
    {
        "English Sentences": "So the spirit lifted me up, and took me away, and I went in bitterness, in the heat of my spirit; but the hand of the LORD was strong upon me.",
        "Wolaitta Sentences": "Taani a xeegaas; akko waassinkka, i ta woosaa siyennan ixxiis."
    },
    {
        "English Sentences": "Then I came to them of the captivity at Telabib, that dwelt by the river of Chebar, and I sat where they sat, and remained there astonished among them seven days.",
        "Wolaitta Sentences": "Ta ogiyan masettida shuchchaa wottidi gorddiis; ta hemettiyoosaakka geellayiis."
    },
    {
        "English Sentences": "And it came to pass at the end of seven days, that the word of the LORD came unto me, saying,",
        "Wolaitta Sentences": "I taayyo zuggiya maahiyaa mala, woikko qosettidi naagiya gaammuwaa mala gidiis."
    },
    {
        "English Sentences": "Son of man, I have made thee a watchman unto the house of Israel: therefore hear the word at my mouth, and give them warning from me.",
        "Wolaitta Sentences": "I tana ta ogiyaappe kessi oliis; olidi duuterettiis. Yaatidi tana asi bainnasan yeggi bayiis."
    },
    {
        "English Sentences": "When I say unto the wicked, Thou shalt surely die; and thou givest him not warning, nor speakest to warn the wicked from his wicked way, to save his life; the same wicked man shall die in his iniquity; but his blood will I require at thine hand.",
        "Wolaitta Sentences": "Ba wonddafiyaa dafidi, tana dukkanau maliis."
    },
    {
        "English Sentences": "Yet if thou warn the wicked, and he turn not from his wickedness, nor from his wicked way, he shall die in his iniquity; but thou hast delivered thy soul.",
        "Wolaitta Sentences": "I ba wonddafiyaa dafidi, ta wozanaa aifiyaa caddiis."
    },
    {
        "English Sentences": "Again, When a righteous man doth turn from his righteousness, and commit iniquity, and I lay a stumbling-block before him, he shall die: because thou hast not given him warning, he shall die in his sin, and his righteousness which he hath done shall not be remembered; but his blood will I require at thine hand.",
        "Wolaitta Sentences": "Taani asa ubbaassi miicciyoobaanne gallassa kumettaa boridi yexxiyoobaa gidaas."
    },
    {
        "English Sentences": "Nevertheless if thou warn the righteous man, that the righteous sin not, and he doth not sin, he shall surely live, because he is warned; also thou hast delivered thy soul.",
        "Wolaitta Sentences": "I tana camuwan kunttiis; qassi godare uuttaadan cammiya xuu7aa ushshidi, tana kalissiis."
    },
    {
        "English Sentences": "And the hand of the LORD was there upon me; and he said unto me, Arise, go forth into the plain, and I will there talk with thee.",
        "Wolaitta Sentences": "I ta achchaa anccuwan menttiis; buhiyaa giddon i tana yedhdhiis."
    },
    {
        "English Sentences": "Then I arose, and went forth into the plain: and, behold, the glory of the LORD stood there, as the glory which I saw by the river of Chebar: and I fell on my face.",
        "Wolaitta Sentences": "Saroi taappe haakkiis; ufaissaakka taani dogaas."
    },
    {
        "English Sentences": "Then the spirit entered into me, and set me upon my feet, and spake with me, and said unto me, Go, shut thyself within thine house.",
        "Wolaitta Sentences": "Hegaa gishshau, taani, \"Ta wolqqai taappe kichchiis; taani GODAN hidootaa wottidobai ubbaikka xayiis\" yaagaas."
    },
    {
        "English Sentences": "But thou, O son of man, behold, they shall put bands upon thee, and shall bind thee with them, and thou shalt not go out among them:",
        "Wolaitta Sentences": "Ta metuwaanne taani toilattiyoogaa hassayin, de7oi tana cammiis."
    },
    {
        "English Sentences": "And I will make thy tongue cleave to the roof of thy mouth, that thou shalt be dumb, and shalt not be to them a reprover: for they are a rebellious house.",
        "Wolaitta Sentences": "Hegee taani mulekka dogennabaanne ta shemppoikka azzaniyoobaa."
    },
    {
        "English Sentences": "But when I speak with thee, I will open thy mouth, and thou shalt say unto them, Thus saith the Lord GOD; He that heareth, let him hear; and he that forbeareth, let him forbear: for they are a rebellious house.",
        "Wolaitta Sentences": "Gidikkonne, taani ha issibaa ta wozanan qoppiyo wode, taayyo sinttanau hidootai de7ees."
    },
    {
        "English Sentences": "Thou also, son of man, take thee a tile, and lay it before thee, and pourtray upon it the city, even Jerusalem:",
        "Wolaitta Sentences": "Hegeenne, GODAA aggenna siiquwaappe denddidaagan nuuni xayibookko. A qaretaikka mule wuri erenna;"
    },
    {
        "English Sentences": "And lay siege against it, and build a fort against it, and cast a mount against it; set the camp also against it, and set battering rams against it round about.",
        "Wolaitta Sentences": "eti maallado maallado ooratta. Neeni keehippe ammanettiyaagaa."
    },
    {
        "English Sentences": "Moreover take thou unto thee an iron pan, and set it for a wall of iron between thee and the city: and set thy face against it, and it shall be besieged, and thou shalt lay siege against it. This shall be a sign to the house of Israel.",
        "Wolaitta Sentences": "Taani taayyo, \"GODAI tana gakkida saama; hegaa gishshau, taani an hidootaa wottais\" yaagaas."
    },
    {
        "English Sentences": "Lie thou also upon thy left side, and lay the iniquity of the house of Israel upon it: according to the number of the days that thou shalt lie upon it thou shalt bear their iniquity.",
        "Wolaitta Sentences": "Bantta hidootaa an wottiyaageetussinne a koyiyaageetussi GODAI lo77o."
    },
    {
        "English Sentences": "For I have laid upon thee the years of their iniquity, according to the number of the days, three hundred and ninety days: so shalt thou bear the iniquity of the house of Israel.",
        "Wolaitta Sentences": "Hegaa gishshau, asi GODAI ashshiyo ashettaa danddayan naagikko lo77o."
    },
    {
        "English Sentences": "And when thou hast accomplished them, lie again on thy right side, and thou shalt bear the iniquity of the house of Judah forty days: I have appointed thee each day for a year.",
        "Wolaitta Sentences": "Qassi asi ba yelagatettan de7iiddi, danddayaa tamaarikko lo77o."
    },
    {
        "English Sentences": "Therefore thou shalt set thy face toward the siege of Jerusalem, and thine arm shall be uncovered, and thou shalt prophesy against it.",
        "Wolaitta Sentences": "GODAI metuwaa ehiyo wode, i co77u giidi, barkka utti aggo."
    },
    {
        "English Sentences": "And, behold, I will lay bands upon thee, and thou shalt not turn thee from one side to another, till thou hast ended the days of thy siege.",
        "Wolaitta Sentences": "I ba som77uwaa biittaa gattidi ziggo. Ooni erii, au sinttanau hidootai de7anaakkonne."
    },
    {
        "English Sentences": "Take thou also unto thee wheat, and barley, and beans, and lentiles, and millet, and fitches, and put them in one vessel, and make thee bread thereof, according to the number of the days that thou shalt lie upon thy side, three hundred and ninety days shalt thou eat thereof.",
        "Wolaitta Sentences": "I ba qinxxalliyaa baqqiyaagaassi besso; ba morkketi cayiyo cashshaakka kallo."
    },
    {
        "English Sentences": "And thy meat which thou shalt eat shall be by weight, twenty shekels a day: from time to time shalt thou eat it.",
        "Wolaitta Sentences": "Aissi giikko, Godai asa merinau olidi aggenna;"
    },
    {
        "English Sentences": "Thou shalt drink also water by measure, the sixth part of an hin: from time to time shalt thou drink.",
        "Wolaitta Sentences": "issi wode azzanuwaa ehiikkonne, i ba aggenna siiquwaa daruwaadan qarettees."
    },
    {
        "English Sentences": "And thou shalt eat it as barley cakes, and thou shalt bake it with dung that cometh out of man, in their sight.",
        "Wolaitta Sentences": "Aissi giikko, i asa tuggayiyoogaaninne metoyiyoogan ufaittenna."
    },
    {
        "English Sentences": "And the LORD said, Even thus shall the children of Israel eat their defiled bread among the Gentiles, whither I will drive them.",
        "Wolaitta Sentences": "A asaa kaalettiyaageeti qashettidaageeta bantta gediyaappe garssa baggaara yedhdhidosona;"
    },
    {
        "English Sentences": "Then said I, Ah Lord GOD! behold, my soul hath not been polluted: for from my youth up even till now have I not eaten of that which dieth of itself, or is torn in pieces; neither came there abominable flesh into my mouth.",
        "Wolaitta Sentences": "qassi Ubbaappe Xoqqiya Xoossaa sinttan asassi de7iya maataa diggoosona;"
    },
    {
        "English Sentences": "Then he said unto me, Lo, I have given thee cow's dung for man's dung, and thou shalt prepare thy bread therewith.",
        "Wolaitta Sentences": "qassikka shilootan pirddaa geellayoosona. Eti Godai hegaa ubbaa be7enna giidi qoppiyoonaayye?"
    },
    {
        "English Sentences": "Moreover he said unto me, Son of man, behold, I will break the staff of bread in Jerusalem: and they shall eat bread by weight, and with care; and they shall drink water by measure, and with astonishment:",
        "Wolaitta Sentences": "Godai azazibeennaagaa azazidi, polissanau danddayiyai oonee?"
    },
    {
        "English Sentences": "That they may want bread and water, and be astonied one with another, and consume away for their iniquity.",
        "Wolaitta Sentences": "Iitabaa gidin lo77obaa gidinkka, haasayidi poliyaagee Ubbaappe Xoqqiya Xoossaa gidenneeyye?"
    },
    {
        "English Sentences": "And thou, son of man, take thee a sharp knife, take thee a barber's razor, and cause it to pass upon thine head and upon thy beard: then take thee balances to weigh, and divide the hair.",
        "Wolaitta Sentences": "Yaatin, nuuni asa gidiyaageeti nu nagaraa gishshau, i nuna qaxxayiyo wode, aibissi zuuzummiyoo?"
    },
    {
        "English Sentences": "Thou shalt burn with fire a third part in the midst of the city, when the days of the siege are fulfilled: and thou shalt take a third part, and smite about it with a knife: and a third part thou shalt scatter in the wind; and I will draw out a sword after them.",
        "Wolaitta Sentences": "Hegaa aggidi, ane nu ogiyaa paaccoosinne qoroos; GODAAKKO ane simmoos."
    },
    {
        "English Sentences": "Thou shalt also take thereof a few in number, and bind them in thy skirts.",
        "Wolaitta Sentences": "Ane nu wozanaanne nu kushiyaa saluwan de7iya Xoossaakko denttidi, hagaadan yaagoos;"
    },
    {
        "English Sentences": "Then take of them again, and cast them into the midst of the fire, and burn them in the fire; for thereof shall a fire come forth into all the house of Israel.",
        "Wolaitta Sentences": "\"Nuuni nena naaqqida; neeyyo makkalida; neenikka nuuyyo atto gabaakka."
    },
    {
        "English Sentences": "Thus saith the Lord GOD; This is Jerusalem: I have set it in the midst of the nations and countries that are round about her.",
        "Wolaitta Sentences": "Ne maaarotettaikka ne hanqquwan kamettiis; qassi neeni nuussi qarettennan nuna siifadasa."
    },
    {
        "English Sentences": "And she hath changed my judgments into wickedness more than the nations, and my statutes more than the countries that are round about her: for they have refused my judgments and my statutes, they have not walked in them.",
        "Wolaitta Sentences": "Nu woosai neekko kanttennaadan, ne huuphiyaa shaaran kammadasa."
    },
    {
        "English Sentences": "Therefore thus saith the Lord GOD; Because ye multiplied more than the nations that are round about you, and have not walked in my statutes, neither have kept my judgments, neither have done according to the judgments of the nations that are round about you;",
        "Wolaitta Sentences": "Asaa giddon nuna pitonne buura oottadasa."
    },
    {
        "English Sentences": "Therefore thus saith the Lord GOD; Behold, I, even I, am against thee, and will execute judgments in the midst of thee in the sight of the nations.",
        "Wolaitta Sentences": "Nu morkketi ubbai nu bollan haasayidosona."
    },
    {
        "English Sentences": "And I will do in thee that which I have not done, and whereunto I will not do any more the like, because of all thine abominations.",
        "Wolaitta Sentences": "Nuuni dagammidanne gitiyan gelida; bayidanne xayida\" yaagoos."
    },
    {
        "English Sentences": "Therefore the fathers shall eat the sons in the midst of thee, and the sons shall eat their fathers; and I will execute judgments in thee, and the whole remnant of thee will I scatter into all the winds.",
        "Wolaitta Sentences": "Ta asai metuwan xayido gishshau, ta aifee shaafaadan afuttaa goggees."
    },
    {
        "English Sentences": "Wherefore, as I live, saith the Lord GOD; Surely, because thou hast defiled my sanctuary with all thy detestable things, and with all thine abominations, therefore will I also diminish thee; neither shall mine eye spare, neither will I have any pity.",
        "Wolaitta Sentences": "Ta aifee GODAI saluwaappe duge xeellidi be7ana gakkanaashin,"
    },
    {
        "English Sentences": "A third part of thee shall die with the pestilence, and with famine shall they be consumed in the midst of thee: and a third part shall fall by the sword round about thee; and I will scatter a third part into all the winds, and I will draw out a sword after them.",
        "Wolaitta Sentences": "mule wode aggennan afuttaa tigees."
    },
    {
        "English Sentences": "Thus shall mine anger be accomplished, and I will cause my fury to rest upon them, and I will be comforted: and they shall know that I the LORD have spoken it in my zeal, when I have accomplished my fury in them.",
        "Wolaitta Sentences": "Ta kataman de7iya maccaasatu ubbaa bollan gakkidabaa ta aifee be7ido wode, ta wozanai azzaniis."
    },
    {
        "English Sentences": "Moreover I will make thee waste, and a reproach among the nations that are round about thee, in the sight of all that pass by.",
        "Wolaitta Sentences": "Coo tana morkkiyaageeti tana kafuwaa shankkatiyoogaadan shankkatidosona."
    },
    {
        "English Sentences": "So it shall be a reproach and a taunt, an instruction and an astonishment unto the nations that are round about thee, when I shall execute judgments in thee in anger and in fury and in furious rebukes. I the LORD have spoken it.",
        "Wolaitta Sentences": "Eti tana paxa de7ishin ollan yeggidi, ollaa doonaa shuchchan gorddidosona."
    },
    {
        "English Sentences": "When I shall send upon them the evil arrows of famine, which shall be for their destruction, and which I will send to destroy you: and I will increase the famine upon you, and will break your staff of bread:",
        "Wolaitta Sentences": "Haattai kumidi, ta huuphiyaara goggiyo wode, taani xayaas gaada qoppaas."
    },
    {
        "English Sentences": "So will I send upon you famine and evil beasts, and they shall bereave thee; and pestilence and blood shall pass through thee; and I will bring the sword upon thee. I the LORD have spoken it.",
        "Wolaitta Sentences": "Abeet GODAU, taani ciimma ollaa giddon de7aidda ne sunttaa xeegaas."
    },
    {
        "English Sentences": "And the word of the LORD came unto me, saying,",
        "Wolaitta Sentences": "Ta waasuwaa siyanaadan taani nena woossiyo wode, neeni taayyo siyadasa."
    },
    {
        "English Sentences": "Son of man, set thy face toward the mountains of Israel, and prophesy against them,",
        "Wolaitta Sentences": "Taani nena xeesido wode, taakko shiiqada, \"Yayyoppa\" yaagadasa."
    },
    {
        "English Sentences": "And say, Ye mountains of Israel, hear the word of the Lord GOD; Thus saith the Lord GOD to the mountains, and to the hills, to the rivers, and to the valleys; Behold, I, even I, will bring a sword upon you, and I will destroy your high places.",
        "Wolaitta Sentences": "Abeet Godau, neeni ta mootuwaa mootettada, tana wozadasa."
    },
    {
        "English Sentences": "And your altars shall be desolate, and your images shall be broken: and I will cast down your slain men before your idols.",
        "Wolaitta Sentences": "Abeet GODAU, neeni ta tuggaa be7adasa. Hegaa gishshau, ta mootuwaa neeni pirdda."
    },
    {
        "English Sentences": "And I will lay the dead carcases of the children of Israel before their idols; and I will scatter your bones round about your altars.",
        "Wolaitta Sentences": "Eti haluwaa kessanau ta bollan maqettiyo maqquwaa ubbaa be7adasa."
    },
    {
        "English Sentences": "In all your dwellingplaces the cities shall be laid waste, and the high places shall be desolate; that your altars may be laid waste and made desolate, and your idols may be broken and cease, and your images may be cut down, and your works may be abolished.",
        "Wolaitta Sentences": "Abeet GODAU, eti tana cayiyo cashshaanne ta bollan maqettiyo maqquwaa ubbaa siyadasa."
    },
    {
        "English Sentences": "And the slain shall fall in the midst of you, and ye shall know that I am the LORD.",
        "Wolaitta Sentences": "Qassi ta morkketi gallassa kumettaa ta bollan zuuzummiyoogaanne saasukkiyoogaa siyadasa."
    },
    {
        "English Sentences": "Yet will I leave a remnant, that ye may have some that shall escape the sword among the nations, when ye shall be scattered through the countries.",
        "Wolaitta Sentences": "Be7a, eti uttiiddinne eqqiiddi, tana bori boridi yexxoosona."
    },
    {
        "English Sentences": "And they that escape of you shall remember me among the nations whither they shall be carried captives, because I am broken with their whorish heart, which hath departed from me, and with their eyes, which go a whoring after their idols: and they shall lothe themselves for the evils which they have committed in all their abominations.",
        "Wolaitta Sentences": "Abeet GODAU, eti oottido oosuwaassi bessiya waagaa etau qanxxa!"
    },
    {
        "English Sentences": "And they shall know that I am the LORD, and that I have not said in vain that I would do this evil unto them.",
        "Wolaitta Sentences": "Eta wozanaa dammetta! Ne qanggettai eta gakko!"
    },
    {
        "English Sentences": "Thus saith the Lord GOD; Smite with thine hand, and stamp with thy foot, and say, Alas for all the evil abominations of the house of Israel! for they shall fall by the sword, by the famine, and by the pestilence.",
        "Wolaitta Sentences": "Abeet GODAU, neeni eta ne hanqquwan yedettada, ne salotuppe garssaara eti de7iyoosaappe eta xaissa!"
    },
    {
        "English Sentences": "He that is far off shall die of the pestilence; and he that is near shall fall by the sword; and he that remaineth and is besieged shall die by the famine: thus will I accomplish my fury upon them.",
        "Wolaitta Sentences": "PHooliya worqqai ba meraa laammidi tasiis. Beeta Maqidasee keexettido shuchchai katamatu oge ubbaa doonan laaletti uttiis."
    },
    {
        "English Sentences": "Then shall ye know that I am the LORD, when their slain men shall be among their idols round about their altars, upon every high hill, in all the tops of the mountains, and under every green tree, and under every thick oak, the place where they did offer sweet savour to all their idols.",
        "Wolaitta Sentences": "Kase bonchchettida worqqa lagge gidida Xiyoone naati ha77i kushe hiillai urqqaappe medhdhido miishshaa mala gididosona."
    },
    {
        "English Sentences": "So will I stretch out my hand upon them, and make the land desolate, yea, more desolate than the wilderness toward Diblath, in all their habitations: and they shall know that I am the LORD.",
        "Wolaitta Sentences": "Harai atto worakaniyaanne ba maraa xanttausu; shin ta asai bazzuwan de7iya yanchchaadan, ba naatussi meqettaa iitiis."
    },
    {
        "English Sentences": "Moreover the word of the LORD came unto me, saying,",
        "Wolaitta Sentences": "Saamuwaa gaasuwan xammiya naatu inxxarssai kookkiyaara ohettiis; naati qumaa woossidosona; shin etau immiyaabi issoinne baawa."
    },
    {
        "English Sentences": "Also, thou son of man, thus saith the Lord GOD unto the land of Israel; An end, the end is come upon the four corners of the land.",
        "Wolaitta Sentences": "Kase mal77iya quma xalaalaa miidaageeti ha77i ogiyaa doonan namisan wuroosona; qassi kase ishaluwan diccidaageeti ha77i bidinttaa bolli zaqqullidosona."
    },
    {
        "English Sentences": "Now is the end come upon thee, and I will send mine anger upon thee, and will judge thee according to thy ways, and will recompense upon thee all thine abominations.",
        "Wolaitta Sentences": "Ta asaa gakkida qixaatee o kusheenne bochchennaaninne qoppennan aadhdhi wodhdhida Sadooma katamaa asaa gakkida qixaatiyaappekka dariis."
    },
    {
        "English Sentences": "And mine eye shall not spare thee, neither will I have pity: but I will recompense thy ways upon thee, and thine abominations shall be in the midst of thee: and ye shall know that I am the LORD.",
        "Wolaitta Sentences": "A halaqati kase shachchaappe aadhdhida geeshshanne maattaappe aadhdhida bootta. Eta bollai zo7o inqquwaappe aadhdhida arssa; eta meraikka sampperiyaa giyo al77o inqquwaa mala."
    },
    {
        "English Sentences": "Thus saith the Lord GOD; An evil, an only evil, behold, is come.",
        "Wolaitta Sentences": "SHin ha77i eta som77oi shaalaappe aadhdhidi karexxiis; asi ogiyan be7idinne eta erenna. Eta gogaikka eta meqettaara oiqettidi, mittaadan meli uttiis."
    },
    {
        "English Sentences": "An end is come, the end is come: it watcheth for thee; behold, it is come.",
        "Wolaitta Sentences": "Miyoobaa xayidi, loddi giidi, koshan haiqqidaageetuppe olan haiqqidaageeti keha."
    },
    {
        "English Sentences": "The morning is come unto thee, O thou that dwellest in the land: the time is come, the day of trouble is near, and not the sounding again of the mountains.",
        "Wolaitta Sentences": "Ta asaa bollan yiida bashshaa gaasuwan, qarettiya aayeti bantta yelido naata doissidi, banttau quma kessidi miidosona."
    },
    {
        "English Sentences": "Now will I shortly pour out my fury upon thee, and accomplish mine anger upon thee: and I will judge thee according to thy ways, and will recompense thee for all thine abominations.",
        "Wolaitta Sentences": "GODAA hanqquwaa xuu7ai kumiis; i ba suulliya hanqquwaa tigiis. Tigidi Yerusalaame katamaa baasuwaara miida tamaa eetti kessiis."
    },
    {
        "English Sentences": "And mine eye shall not spare, neither will I have pity: I will recompense thee according to thy ways and thine abominations that are in the midst of thee; and ye shall know that I am the LORD that smiteth.",
        "Wolaitta Sentences": "Ha sa7an de7iya kawotuppe woikko kawotettatu giddon de7iya asaappe ooninne morkkee Yerusalaame penggiyaara gelana giidi ammanibeenna."
    },
    {
        "English Sentences": "Behold the day, behold, it is come: the morning is gone forth; the rod hath blossomed, pride hath budded.",
        "Wolaitta Sentences": "SHin hagee hanidoogee a hananabaa yootiyaageetinne a qeeseti oottido nagaraa gishshaassa; qassi eti xillotu suuttaa a giddon gussido gishshaassa."
    },
    {
        "English Sentences": "Violence is risen up into a rod of wickedness: none of them shall remain, nor of their multitude, nor of any of theirs: neither shall there be wailing for them.",
        "Wolaitta Sentences": "Eti qooqe asadan, ogiyan tattaafoosona; qassi eti suuttan tunido gishshau, eta maayuwaa ooninne bochchanau koyenna."
    },
    {
        "English Sentences": "The time is come, the day draweth near: let not the buyer rejoice, nor the seller mourn: for wrath is upon all the multitude thereof.",
        "Wolaitta Sentences": "Hegaa gishshau, asai eta, \"Kichchite! Intte tuna! Kichchite! Nuna bochchoppite!\" yaagidi eta bolli waassiis. Yaatin, eti baqatidi toilattido wode, kawotettatu giddon de7iya asai eta, \"Intte nunaara hagan de7anau danddayekketa\" yaagidosona."
    },
    {
        "English Sentences": "For the seller shall not return to that which is sold, although they were yet alive: for the vision is touching the whole multitude thereof, which shall not return; neither shall any strengthen himself in the iniquity of his life.",
        "Wolaitta Sentences": "GODAI ba huuphen eta laaliis; i etabaa naa77antto qoppenna. Eta qeesetikka bonchchettibookkona; eta cimatikka nashettibookkona."
    },
    {
        "English Sentences": "They have blown the trumpet, even to make all ready; but none goeth to the battle: for my wrath is upon all the multitude thereof.",
        "Wolaitta Sentences": "Nu aifee maaduwaa demmanau xeelliiddi, coo mela daafuriis. Nuna ashshanau danddayenna kawotettata, eti yaana giidi wochchida."
    },
    {
        "English Sentences": "The sword is without, and the pestilence and the famine within: he that is in the field shall die with the sword; and he that is in the city, famine and pestilence shall devour him.",
        "Wolaitta Sentences": "Asati nu kottiyaa kaalliyo gishshau, nu katamaa ogiyan hemettanau danddayibookko. Nu wurssettai matattiis; nu laittai wuriis; nu xayiyo wodeekka gakkiis."
    },
    {
        "English Sentences": "But they that escape of them shall escape, and shall be on the mountains like doves of the valleys, all of them mourning, every one for his iniquity.",
        "Wolaitta Sentences": "Nuna yedettiyaageeti saluwaara paalliya argganttaappekka aadhdhidi eesotoosona. Eti nuna deriyaa huuphiyaara yedettidosona; qassi bazzuwan zuggidi, nuna naagidosona."
    },
    {
        "English Sentences": "All hands shall be feeble, and all knees shall be weak as water.",
        "Wolaitta Sentences": "GODAI tiyido kawuwaa, nuuni siiriyaara shemppiyo nu shemppuwaa, eti bantta piriyan oiqqidosona. Nuuni a kuwaa garssan uttidi, kawotettatu giddon de7ana giidi qoppida."
    },
    {
        "English Sentences": "They shall also gird themselves with sackcloth, and horror shall cover them; and shame shall be upon all faces, and baldness upon all their heads.",
        "Wolaitta Sentences": "Inttenoo, Uuxa biittan de7iya Eedooma asatoo, ufaittitenne poocu giite. SHin hanqquwaa xuu7ai inttekkokka gakkana; inttekka mattottidi, kallo attana."
    },
    {
        "English Sentences": "They shall cast their silver in the streets, and their gold shall be removed: their silver and their gold shall not be able to deliver them in the day of the wrath of the LORD: they shall not satisfy their souls, neither fill their bowels: because it is the stumblingblock of their iniquity.",
        "Wolaitta Sentences": "Inttenoo, Xiyoone asatoo, intte mooruwaa qixaatee polettiis. Hagaappe sinttan i inttena omooduwan wottenna. SHin Eedooma asatoo, intte mooruwaa i qaxxayana; intte nagaraakka qonccissana."
    },
    {
        "English Sentences": "As for the beauty of his ornament, he set it in majesty: but they made the images of their abominations and of their detestable things therein: therefore have I set it far from them.",
        "Wolaitta Sentences": "Abeet GODAU, nu bolli gakkidabaa ubbaa hassaya; nuna xeella; nu kaushshaakka be7a!"
    },
    {
        "English Sentences": "And I will give it into the hands of the strangers for a prey, and to the wicked of the earth for a spoil; and they shall pollute it.",
        "Wolaitta Sentences": "Nu laata biittai allagatussi, nu keettaikka betetussi imettiis."
    },
    {
        "English Sentences": "My face will I turn also from them, and they shall pollute my secret place: for the robbers shall enter into it, and defile it.",
        "Wolaitta Sentences": "Nuuni aawi haiqqiichchido naata gidida; nu aayetikka am77e maccaasa gididosona."
    },
    {
        "English Sentences": "Make a chain: for the land is full of bloody crimes, and the city is full of violence.",
        "Wolaitta Sentences": "Nu uyiyo haattaassi miishshaa qanxxoos; eettiyo mittaakka shammi ekkoos."
    },
    {
        "English Sentences": "Wherefore I will bring the worst of the heathen, and they shall possess their houses: I will also make the pomp of the strong to cease; and their holy places shall be defiled.",
        "Wolaitta Sentences": "Nuna yedettiyaageeti nu ginddiyaa xapho gakkidosona. Nuuni daafurida, shin shemppanau danddayibookko."
    },
    {
        "English Sentences": "Destruction cometh; and they shall seek peace, and there shall be none.",
        "Wolaitta Sentences": "Nuuni quma kallana giidi, Gibxxe asatussinne Asoore asatussi kushiyaa immida."
    },
    {
        "English Sentences": "Mischief shall come upon mischief, and rumour shall be upon rumour; then shall they seek a vision of the prophet; but the law shall perish from the priest, and counsel from the ancients.",
        "Wolaitta Sentences": "Nagaraa oottidaageeti nu maizza aawata; shin eti ha77i de7okkona. Eti ekkanau bessiya qixaatiyaa ekkiyaageeti nuna."
    },
    {
        "English Sentences": "The king shall mourn, and the prince shall be clothed with desolation, and the hands of the people of the land shall be troubled: I will do unto them after their way, and according to their deserts will I judge them; and they shall know that I am the LORD.",
        "Wolaitta Sentences": "Ailleti nuna haariyaageeta gididosona; eta kushiyaappekka nuna wotti ekkiyaabi issoinne baawa."
    },
    {
        "English Sentences": "And it came to pass in the sixth year, in the sixth month, in the fifth day of the month, as I sat in mine house, and the elders of Judah sat before me, that the hand of the Lord GOD fell there upon me.",
        "Wolaitta Sentences": "Bisuwan woriyaageeti bazzon de7iyo gishshau, nuuni nu shemppuwaa shenehoo giidi, nu qumaa demmida."
    },
    {
        "English Sentences": "Then I beheld, and lo a likeness as the appearance of fire: from the appearance of his loins even downward, fire; and from his loins even upward, as the appearance of brightness, as the colour of amber.",
        "Wolaitta Sentences": "Koshai suullido gaasuwan harggin, nu gogai tamaa coociyaadan michchees."
    },
    {
        "English Sentences": "And he put forth the form of an hand, and took me by a lock of mine head; and the spirit lifted me up between the earth and the heaven, and brought me in the visions of God to Jerusalem, to the door of the inner gate that looketh toward the north; where was the seat of the image of jealousy, which provoketh to jealousy.",
        "Wolaitta Sentences": "Xiyoonen maccaasata, Yihudaa katamatunkka geela7ota wolqqan oiqqidi mooridosona."
    },
    {
        "English Sentences": "And, behold, the glory of the God of Israel was there, according to the vision that I saw in the plain.",
        "Wolaitta Sentences": "Halaqata efiidi kaqqidosona; cimatikka bonchchettibookkona."
    },
    {
        "English Sentences": "Then said he unto me, Son of man, lift up thine eyes now the way toward the north. So I lifted up mine eyes the way toward the north, and behold northward at the gate of the altar this image of jealousy in the entry.",
        "Wolaitta Sentences": "Yelaga attumaasati woxan gaaccidosona; attuma naatikka deexo mittaa tookkidi ganddigaaridosona."
    },
    {
        "English Sentences": "He said furthermore unto me, Son of man, seest thou what they do? even the great abominations that the house of Israel committeth here, that I should go far off from my sanctuary? but turn thee yet again, and thou shalt see greater abominations.",
        "Wolaitta Sentences": "Cima attumaasati katamaa penggen pirddanau uttiyoogaa aggidosona; yelaga attumaasati yettaa yexxiyoogaa aggidosona."
    },
    {
        "English Sentences": "And he brought me to the door of the court; and when I looked, behold a hole in the wall.",
        "Wolaitta Sentences": "Nu wozanaappe ufaissai biichchiis; nu durssaikka yeehuwau laamettiichchiis;"
    },
    {
        "English Sentences": "Then said he unto me, Son of man, dig now in the wall: and when I had digged in the wall, behold a door.",
        "Wolaitta Sentences": "kallachchai nu huuphiyaappe kunddiichchiis. Nuuni nagaraa oottido gishshau, nuuyyo aayye7ana!"
    },
    {
        "English Sentences": "And he said unto me, Go in, and behold the wicked abominations that they do here.",
        "Wolaitta Sentences": "Hegaa gishshau, nu wozanai daafuriis; nu aifeekka galjjiis."
    },
    {
        "English Sentences": "So I went in and saw; and behold every form of creeping things, and abominable beasts, and all the idols of the house of Israel, pourtrayed upon the wall round about.",
        "Wolaitta Sentences": "Aissi giikko, Xiyoone Deree baisa gidiis; worakanatikka an hasoosona."
    },
    {
        "English Sentences": "And there stood before them seventy men of the ancients of the house of Israel, and in the midst of them stood Jaazaniah the son of Shaphan, with every man his censer in his hand; and a thick cloud of incense went up.",
        "Wolaitta Sentences": "SHin abeet GODAU, neeni merinau kawotaasa; ne kawotaa araataikka yeletaa ubbaa gakkanaashin de7ees."
    },
    {
        "English Sentences": "Then said he unto me, Son of man, hast thou seen what the ancients of the house of Israel do in the dark, every man in the chambers of his imagery? for they say, The LORD seeth us not; the LORD hath forsaken the earth.",
        "Wolaitta Sentences": "Neeni nuna aissi ubba wode dogai? Qassi hagaa keena adussa wodiyaa nuna aissi aggai?"
    },
    {
        "English Sentences": "He said also unto me, Turn thee yet again, and thou shalt see greater abominations that they do.",
        "Wolaitta Sentences": "Abeet GODAU, nuna neekko zaara; nuunikka simmana! Nu beni bonchchuwaa zaarada, nuna ooraxissa!"
    },
    {
        "English Sentences": "Then he brought me to the door of the gate of the LORD's house which was toward the north; and, behold, there sat women weeping for Tammuz.",
        "Wolaitta Sentences": "Neeni nuna ubba mule aggadiiyye? Ne hanqquwaassikka likkee baaweeyye?"
    }
]