[
    {
        "English Sentences": "The word of the LORD that came unto Hosea, the son of Beeri, in the days of Uzziah, Jotham, Ahaz, and Hezekiah, kings of Judah, and in the days of Jeroboam the son of Joash, king of Israel.",
        "Wolaitta Sentences": "Yihudaa Kawoi Yo7aqeemi kawotido heezzantto laitti, Baabiloone Kawoi Naabukadanaxoori Yerusalaame katamaa bolli woraajjidi, he katamaa dooddiis."
    },
    {
        "English Sentences": "The beginning of the word of the LORD by Hosea. And the LORD said to Hosea, Go, take unto thee a wife of whoredoms and children of whoredoms: for the land hath committed great whoredom, departing from the LORD.",
        "Wolaitta Sentences": "Godai Yihudaa Kawuwaa Yo7aqeemanne Xoossaa Beeta Maqidasiyan de7iya miishshatuppe unddennaagaa a kushiyan aattidi immiis. Immin ikka he miishshata Baabiloone biittan de7iya ba xoossatu eeqa keettaa ehiis; ehiidi ba xoossaa miishshaa minjjiyo keettan wottiis."
    },
    {
        "English Sentences": "So he went and took Gomer the daughter of Diblaim; which conceived, and bare him a son.",
        "Wolaitta Sentences": "Hegaappe guyyiyan, kawoi Ashifanaaza giyo ba oosanchchatu halaqaa hagaadan yaagidi azaziis; \"Israa7eela asaa giddoppe kawo zare gidiyaageetanne gita asatu zare gidiyaageeta doora."
    },
    {
        "English Sentences": "And the LORD said unto him, Call his name Jezreel; for yet a little while, and I will avenge the blood of Jezreel upon the house of Jehu, and will cause to cease the kingdom of the house of Israel.",
        "Wolaitta Sentences": "Doorana yelagati asatettan wottiyoobi bainnaageeta, malanchchata, ai tamaarissikkokka eranau danddayiyaageeta, akeekiyaageeta, eratettai kumidoogeetanne kawuwaa keettan oottanau danddayiyaageeta. Eta Baabiloonetu qaalaanne xifatiyaa tamaarissa\" yaagiis."
    },
    {
        "English Sentences": "And it shall come to pass at that day, that I will break the bow of Israel in the valley of Jezreel.",
        "Wolaitta Sentences": "Qassi eti hachchi hachchi maana qumainne uyana woiniyaa eessai kawuwaassi ka77ida kattaappenne ushshaappe gidanaadan, kawoi azaziis. Hegaadankka, heezzu laittaa loohidoogaappe guyyiyan, kawuwaa sintti shiiqidi, oosuwaa doommanaadan kuuyiis."
    },
    {
        "English Sentences": "And she conceived again, and bare a daughter. And God said unto him, Call her name Loruhamah: for I will no more have mercy upon the house of Israel; but I will utterly take them away.",
        "Wolaitta Sentences": "Doorettidaageetu giddoppe Yihudaa zare gidiyaageeti Daaneela, Hanaaniyaa, Mishaa7eelanne Azaariyaa giyoogeeti de7oosona."
    },
    {
        "English Sentences": "But I will have mercy upon the house of Judah, and will save them by the LORD their God, and will not save them by bow, nor by sword, nor by battle, by horses, nor by horsemen.",
        "Wolaitta Sentences": "Oosanchchatu halaqai eta sunttaa laammidi, Daaneela Bilxxaasoora, Hanaaniyaa Sidiraaqa, Mishaa7eela Misaaqa, Azaariyaa Abddanaago giidi sunttiis."
    },
    {
        "English Sentences": "Now when she had weaned Loruhamah, she conceived, and bare a son.",
        "Wolaitta Sentences": "Daaneeli kawuwaa qumaa miyoogaaninne woiniyaa eessaa uyiyoogan bana tunissenna mala, ba wozanan qofaa qachchiis; qachchidi he qofan maayanaadan, oosanchchatu halaqaa woossiis."
    },
    {
        "English Sentences": "Then said God, Call his name Loammi: for ye are not my people, and I will not be your God.",
        "Wolaitta Sentences": "Woossin he halaqai Daaneela sabbana malanne ayyo qarettana mala, Xoossai oottiis."
    },
    {
        "English Sentences": "Yet the number of the children of Israel shall be as the sand of the sea, which cannot be measured nor numbered; and it shall come to pass, that in the place where it was said unto them, Ye are not my people, there it shall be said unto them, Ye are the sons of the living God.",
        "Wolaitta Sentences": "Gido shin, oosanchchatu halaqai Daaneelayyo odiiddi, \"Taani intteyyo ha qumaanne ushshaa azazida ta godaa kawuwaayyo yayyais. Inttenaara laggetiya yelagatu som77uwaappe intte som77oi gilqqi beettikko, intte gaasuwan kawoi tana worana\" yaagiis."
    },
    {
        "English Sentences": "Then shall the children of Judah and the children of Israel be gathered together, and appoint themselves one head, and they shall come up out of the land: for great shall be the day of Jezreel.",
        "Wolaitta Sentences": "Hegaappe guyyiyan, oosanchchatu halaqai sunttin Daaneela, Hanaaniyaa, Mishaa7eelanne Azaariyaa hadaraa ekkida bitaniyaa Daaneeli hagaadan yaagiis,"
    },
    {
        "English Sentences": "Say ye unto your brethren, Ammi; and to your sisters, Ruhamah.",
        "Wolaitta Sentences": "\"Nuuyyo maanau ataakiltte xalaalaa, uyanaukka haatta xalaalaa immada, nuna ne ashkkarata tammu gallassatun paacca."
    },
    {
        "English Sentences": "Plead with your mother, plead: for she is not my wife, neither am I her husband: let her therefore put away her whoredoms out of her sight, and her adulteries from between her breasts;",
        "Wolaitta Sentences": "Hegaappe guyyiyan, nu som77uwaanne kawo qumaa miya yelaga asatu som77uwaa xakkaya xeellada, nuna ne ashkkarata neeyyo milati beettidaagaadan ootta\" yaagiis."
    },
    {
        "English Sentences": "Lest I strip her naked, and set her as in the day that she was born, and make her as a wilderness, and set her like a dry land, and slay her with thirst.",
        "Wolaitta Sentences": "Yaagin i hegaa maayidi, tammu gallassaa eta paacciis."
    },
    {
        "English Sentences": "And I will not have mercy upon her children; for they be the children of whoredoms.",
        "Wolaitta Sentences": "Tammu gallassaappe guyyiyan, kawuwaa qumaa miida yelagatu ubbaappe payyidinne anqqaridi beettidosona."
    },
    {
        "English Sentences": "For their mother hath played the harlot: she that conceived them hath done shamefully: for she said, I will go after my lovers, that give me my bread and my water, my wool and my flax, mine oil and my drink.",
        "Wolaitta Sentences": "Yaatin, etau battido qumaanne woiniyaa eessaa diggirggidi, ataakilttiyaa immiis."
    },
    {
        "English Sentences": "Therefore, behold, I will hedge up thy way with thorns, and make a wall, that she shall not find her paths.",
        "Wolaitta Sentences": "Ha oiddu yelagatuyyo Xoossai eraanne ubba qommo xifateenne timirttee geliyo akeekaa immiis. Daaneeli qassi ajjuutaanne aimuwaa ubbaa birshshettaa erees."
    },
    {
        "English Sentences": "And she shall follow after her lovers, but she shall not overtake them; and she shall seek them, but shall not find them: then shall she say, I will go and return to my first husband; for then was it better with me than now.",
        "Wolaitta Sentences": "Kawoi yelagati baakko gelanaadan azazido wodee polettin, oosanchchatu halaqai eta Naabukadanaxoora sintti aattiis."
    },
    {
        "English Sentences": "For she did not know that I gave her corn, and wine, and oil, and multiplied her silver and gold, which they prepared for Baal.",
        "Wolaitta Sentences": "Kawoi eta haasayissido wode, Daaneela, Hanaaniyaa, Mishaa7eelanne Azaariyaa mala asi eta giddon beettibeenna. Yaatin, eti kawuwaassi oottanau gelidosona."
    },
    {
        "English Sentences": "Therefore will I return, and take away my corn in the time thereof, and my wine in the season thereof, and will recover my wool and my flax given to cover her nakedness.",
        "Wolaitta Sentences": "Kawoi eta oichchido ai aadhdhida eratettanne akeeka oishan, a kawotettan de7iya shareechchotuppenne murunniyaageetu ubbaappe eti tammu kushe aadhdhidi beettidosona."
    },
    {
        "English Sentences": "And now will I discover her lewdness in the sight of her lovers, and none shall deliver her out of mine hand.",
        "Wolaitta Sentences": "Daaneeli Kawoi Qiiroosi kawotido koiro laittai gakkanaassi oottiiddi gam77iis."
    },
    {
        "English Sentences": "I will also cause all her mirth to cease, her feast days, her new moons, and her sabbaths, and all her solemn feasts.",
        "Wolaitta Sentences": "Naabukadanaxoori ba kawotido naa77antto laitti aimuwaa aimottiis. He aimoi a keehin shabbirin, xiskkoi a efeennan ixxiis."
    },
    {
        "English Sentences": "And I will destroy her vines and her fig trees, whereof she hath said, These are my rewards that my lovers have given me: and I will make them a forest, and the beasts of the field shall eat them.",
        "Wolaitta Sentences": "Yaatin, i aimottido aimuwaa ayyo yootana mala, shareechchoti, murunniyaageeti, bitiyaageetinne aadhdhida eranchchati xeegetti yaanaadan kawoi azaziis. Azazin yiidi, a sinttan eqqidosona."
    },
    {
        "English Sentences": "And I will visit upon her the days of Baalim, wherein she burned incense to them, and she decked herself with her earrings and her jewels, and she went after her lovers, and forgat me, saith the LORD.",
        "Wolaitta Sentences": "Kawoi eta, \"Taani tana shabbiriya aimo aimottaas; he aimoi aibakko eranau koyais\" yaagiis."
    },
    {
        "English Sentences": "Therefore, behold, I will allure her, and bring her into the wilderness, and speak comfortably unto her.",
        "Wolaitta Sentences": "Aadhdhida eranchchati kawuwaa Sooretu qaalan, \"Kawuwau, merinau de7a! Ne aimuwaa nuuyyo ne ashkkaratuyyo yoota; nuuni neessi a birshshettaa yootana\" yaagidosona."
    },
    {
        "English Sentences": "And I will give her her vineyards from thence, and the valley of Achor for a door of hope: and she shall sing there, as in the days of her youth, and as in the day when she came up out of the land of Egypt.",
        "Wolaitta Sentences": "Yaagin kawoi aadhdhida eranchchata hagaadan yaagiis; \"Taani minttada qachchido qofai hagaa. Intte ha aimuwaanne a birshshettaa tana erissana xayikko, taani inttena qanxxa yeggana; intte keettati buura ule kiyana."
    },
    {
        "English Sentences": "And it shall be at that day, saith the LORD, that thou shalt call me Ishi; and shalt call me no more Baali.",
        "Wolaitta Sentences": "SHin intte aimuwaanne a birshshettaa taayyo yootikko, imuwaa, woituwaanne daro bonchchuwaa taappe intte ekkana. Hegaa gishshau, ane aimuwaanne a birshshettaa tana erissite\" yaagiis."
    },
    {
        "English Sentences": "For I will take away the names of Baalim out of her mouth, and they shall no more be remembered by their name.",
        "Wolaitta Sentences": "Yaagin naa77anttuwaakka eti zaaridi, \"Kawoi aimuwaa nuuyyo ba ashkkaratuyyo yooto; nuuni a birshshettaa erissana\" yaagidosona."
    },
    {
        "English Sentences": "And in that day will I make a covenant for them with the beasts of the field, and with the fowls of heaven, and with the creeping things of the ground: and I will break the bow and the sword and the battle out of the earth, and will make them to lie down safely.",
        "Wolaitta Sentences": "Yaagin kawoi etassi zaaridi, \"Taani intte halchchuwaa erais; taani minttada qachchido qofaa inttekka erido gishshau, haganaa sugana giidi haneeta."
    },
    {
        "English Sentences": "And I will betroth thee unto me for ever; yea, I will betroth thee unto me in righteousness, and in judgment, and in lovingkindness, and in mercies.",
        "Wolaitta Sentences": "Intte aimuwaa taayyo yootana xayikko, issi pirddai inttena naagees. Hanotai laamettana giidi intte ufaissaa oottiyo gishshau, taayyo worddonne gene qaalaa yootanau maqettideta. Hegaa gishshau, aimuwaa taayyo yootite; yaatikko, intte a birshshettaa erissanau danddayiyoogaa taani erana\" yaagiis."
    },
    {
        "English Sentences": "I will even betroth thee unto me in faithfulness: and thou shalt know the LORD.",
        "Wolaitta Sentences": "Aadhdhida eranchchati kawuwau zaaridi, \"Kawoi oichchiyo oishaa zaaranau danddayiya issi asinne biittan baawa. Ai gitatidanne wolqqaamida kawoikka hagaa malabaa shareechchota, murunniyaageeta woikko aadhdhida eranchchata oichchi erenna."
    },
    {
        "English Sentences": "And it shall come to pass in that day, I will hear, saith the LORD, I will hear the heavens, and they shall hear the earth;",
        "Wolaitta Sentences": "Kawoi oichchido oishai deexo; asaara issippe de7enna xoossatuppe attin, hagaa kawuwaassi qonccissanau danddayiyaabi mulekka baawa\" yaagidosona."
    },
    {
        "English Sentences": "And the earth shall hear the corn, and the wine, and the oil; and they shall hear Jezreel.",
        "Wolaitta Sentences": "Hegaa gishshau, kawoi yiillotiis; keehippe hanqqettiis. Hanqqettidi Baabiloonen de7iya aadhdhida eranchchata ubbaa wurssanaadan azaziis."
    },
    {
        "English Sentences": "And I will sow her unto me in the earth; and I will have mercy upon her that had not obtained mercy; and I will say to them which were not my people, Thou art my people; and they shall say, Thou art my God.",
        "Wolaitta Sentences": "Azazin aadhdhida eranchchata woranau awaajoi kiyiis. Kiyin woriyaageeti Daaneelanne a laggeta woranau koyidosona."
    },
    {
        "English Sentences": "Then said the LORD unto me, Go yet, love a woman beloved of her friend, yet an adulteress, according to the love of the LORD toward the children of Israel, who look to other gods, and love flagons of wine.",
        "Wolaitta Sentences": "Kawuwaa naagiya olanchchatu halaqai Ariyooki, Baabiloonen de7iya aadhdhida eranchchata woranau kiyiyo wode, Daaneeli a akeekaaninne hiillan haasayissiis."
    },
    {
        "English Sentences": "So I bought her to me for fifteen pieces of silver, and for an homer of barley, and an half homer of barley:",
        "Wolaitta Sentences": "I kawuwaa naagiya olanchchatu halaqaa Ariyooka, \"Kawuwaa awaajoi aissi hagaadan palattidee?\" giidi oichchiis. Oichchin Ariyooki hanotaa Daaneelayyo odiis."
    },
    {
        "English Sentences": "And I said unto her, Thou shalt abide for me many days; thou shalt not play the harlot, and thou shalt not be for another man: so will I also be for thee.",
        "Wolaitta Sentences": "Hegan Daaneeli kawuwaakko gelidi, aimuwaa birshshettaa erissanau, baayyo wodee imettana mala woossiis."
    },
    {
        "English Sentences": "For the children of Israel shall abide many days without a king, and without a prince, and without a sacrifice, and without an image, and without an ephod, and without teraphim:",
        "Wolaitta Sentences": "Hegaappe guyyiyan, Daaneeli ba soo simmidi, ba heezzu laggetuyyo, Hanaaniyaayyo, Mishaa7eelayyoonne Azaariyaayyo hanotaa odiis."
    },
    {
        "English Sentences": "Afterward shall the children of Israel return, and seek the LORD their God, and David their king; and shall fear the LORD and his goodness in the latter days.",
        "Wolaitta Sentences": "Eti Baabiloonen de7iya hankko aadhdhida eranchchatuura issippe haiqqennaadan, saluwaa Xoossai maarotaa etau oottidi, ha xuuraa etau qonccissanau woossana mala, etau yootiis."
    },
    {
        "English Sentences": "Hear the word of the LORD, ye children of Israel: for the LORD hath a controversy with the inhabitants of the land, because there is no truth, nor mercy, nor knowledge of God in the land.",
        "Wolaitta Sentences": "He qamman xuurai Daaneelayyo ajjuutan qoncciis. Yaatin, Daaneeli saluwaa Xoossaa hagaadan yaagidi galatiis;"
    },
    {
        "English Sentences": "By swearing, and lying, and killing, and stealing, and committing adultery, they break out, and blood toucheth blood.",
        "Wolaitta Sentences": "\"Aadhdhida eratettainne wolqqai Xoossaassa gidiyo gishshau, a sunttai merinaappe merinaa gakkanaassi galatettidaagaa gido."
    },
    {
        "English Sentences": "Therefore shall the land mourn, and every one that dwelleth therein shall languish, with the beasts of the field, and with the fowls of heaven; yea, the fishes of the sea also shall be taken away.",
        "Wolaitta Sentences": "Wodetanne aginata i laammees. Kawota kawotettaappe diggees; qassi kawota kawotettan utissees. Aadhdhida eranchchatuyyo aadhdhida eraa, akeekiyaageetuyyookka eraa i immees."
    },
    {
        "English Sentences": "Yet let no man strive, nor reprove another: for thy people are as they that strive with the priest.",
        "Wolaitta Sentences": "Ciimma xuuraanne geemmida yohuwaa i qonccissees. Xuman de7iyaabaakka i erees; poo7oikka aara de7ees."
    },
    {
        "English Sentences": "Therefore shalt thou fall in the day, and the prophet also shall fall with thee in the night, and I will destroy thy mother.",
        "Wolaitta Sentences": "Abeet ta maizza aawatu Xoossau, taani nena galataisinne sabbais. Aissi giikko, neeni taayyo aadhdhida eraanne wolqqaa immadasa. Nuuni nena oichchidoogaa tana ha77i erissadasa. Kawuwaa aimuwaa nuna erissadasa\" yaagiis."
    },
    {
        "English Sentences": "My people are destroyed for lack of knowledge: because thou hast rejected knowledge, I will also reject thee, that thou shalt be no priest to me: seeing thou hast forgotten the law of thy God, I will also forget thy children.",
        "Wolaitta Sentences": "Hegaappe guyyiyan, Daaneeli Baabiloonen de7iya aadhdhida eranchchata wurssanau kawuwaappe azazuwaa ekkida Ariyookakko biidi, \"Aadhdhida eranchchata woroppa. Tana kawuwaakko gelissa; yaatobare taani a aimuwaa birshshettaa a erissana\" yaagiis."
    },
    {
        "English Sentences": "As they were increased, so they sinned against me: therefore will I change their glory into shame.",
        "Wolaitta Sentences": "Ariyooki sohuwaara Daaneela kawuwaakko gelissidi, kawuwaassi, \"Yihudaappe omoodettidi yiida asaappe kawuwaa aimuwaa birshshettaa erissanau danddayiya asa demmaas\" yaagiis."
    },
    {
        "English Sentences": "They eat up the sin of my people, and they set their heart on their iniquity.",
        "Wolaitta Sentences": "Kawoi Bilxxaasoora geetettiya Daaneela, \"Taani aimottido aimuwaanne a birshshettaa tana erissanau danddayai?\" giidi oichchiis."
    },
    {
        "English Sentences": "And there shall be, like people, like priest: and I will punish them for their ways, and reward them their doings.",
        "Wolaitta Sentences": "Oichchin Daaneeli hagaadan yaagidi zaariis; \"Kawuwau, neeni oichchido xuuraa qonccissanau danddayiya aadhdhida eranchchi, shareechchoi, murunniyaabi, woikko maliyaabi baawa."
    },
    {
        "English Sentences": "For they shall eat, and not have enough: they shall commit whoredom, and shall not increase: because they have left off to take heed to the LORD.",
        "Wolaitta Sentences": "SHin xuurata qonccissiya issi Xoossai saluwan de7ees. Wurssetta gallassatun hananabaa i nena bessiis. Ne arssan zaqqullada, neeni aimottido aimoinne ajjuutai hagaa."
    },
    {
        "English Sentences": "Whoredom and wine and new wine take away the heart.",
        "Wolaitta Sentences": "\"Kawuwau, neeni arssan zaqqullada, sinttappe hananabaa qoppadasa. He wode xuuraa qonccissiya Xoossai sinttappe hananabaa nena bessiis."
    },
    {
        "English Sentences": "My people ask counsel at their stocks, and their staff declareth unto them: for the spirit of whoredoms hath caused them to err, and they have gone a whoring from under their God.",
        "Wolaitta Sentences": "Ha xuurai taassi qonccidoogee taani hara asaappe aadhdhida eranchcha gidiina gidennan, neeni kawoi aimuwaa birshshettaa eranaadaananne ne huuphe giddon simerettida qofaa akeekanaadaana."
    },
    {
        "English Sentences": "They sacrifice upon the tops of the mountains, and burn incense upon the hills, under oaks and poplars and elms, because the shadow thereof is good: therefore your daughters shall commit whoredom, and your spouses shall commit adultery.",
        "Wolaitta Sentences": "\"Kawuwau, neeni keehi gita, phooliyaanne xeellanau yashshiya misilee ne sinttan eqqidaagaa be7adasa."
    },
    {
        "English Sentences": "I will not punish your daughters when they commit whoredom, nor your spouses when they commit adultery: for themselves are separated with whores, and they sacrifice with harlots: therefore the people that doth not understand shall fall.",
        "Wolaitta Sentences": "Ha misiliyaa huuphee geeshsha worqqaappe, a tirainne kusheti biraappe, uloinne wodirati nahaasiyaa giyo birataappe,"
    },
    {
        "English Sentences": "Though thou, Israel, play the harlot, yet let not Judah offend; and come not ye unto Gilgal, neither go ye up to Bethaven, nor swear, The LORD liveth.",
        "Wolaitta Sentences": "suilee birataappenne tohuwau yachchai baggai birataappe baggai urqqaappe merettiis."
    },
    {
        "English Sentences": "For Israel slideth back as a backsliding heifer: now the LORD will feed them as a lamb in a large place.",
        "Wolaitta Sentences": "Neeni ha misiliyaa xeellishin, issi shuchchai asa kushee bochchennan deriyaappe xoqolettidi, birataappenne urqqaappe merettida misiliyaa tohuwaa yachchatu bolli wodhdhidi gaacciis."
    },
    {
        "English Sentences": "Ephraim is joined to idols: let him alone.",
        "Wolaitta Sentences": "He wode biratai, urqqai, nahaase giyo biratai, birainne worqqai ubbai gaacettidi, boniyan audiyan de7iya suullaa mala gidiis; gidin aibanne ashshennan carkkoi pittidi efiis. SHin misiliyaa bolli wodhdhida shuchchai wogga dere kiyidi, biittaa sa7aa kumiis."
    },
    {
        "English Sentences": "Their drink is sour: they have committed whoredom continually: her rulers with shame do love, Give ye.",
        "Wolaitta Sentences": "\"Hagee ne aimuwaa; qassi ha77i birshshettaa nuuni neeyyo odana."
    },
    {
        "English Sentences": "The wind hath bound her up in her wings, and they shall be ashamed because of their sacrifices.",
        "Wolaitta Sentences": "Kawuwau, neeni kawotuyyo kawo. Saluwaa Xoossai neeyyo kawotettaanne wolqqaa, minotettaanne bonchchuwaa immiis."
    },
    {
        "English Sentences": "Hear ye this, O priests; and hearken, ye house of Israel; and give ye ear, O house of the king; for judgment is toward you, because ye have been a snare on Mizpah, and a net spread upon Tabor.",
        "Wolaitta Sentences": "Biitta ubbaa bollan nena haariyaagaa oottiis; asaa, bazzo do7aanne saluwaa kafuwaa ne kushiyan wottiis. Hegaa gishshau, worqqa huuphee nena."
    },
    {
        "English Sentences": "And the revolters are profound to make slaughter, though I have been a rebuker of them all.",
        "Wolaitta Sentences": "\"Neeppe guyyiyan, minotettan nena gakkenna hara kawotettai denddana. Kaallidi, biittaa ubbaa haariya, nahaase birata gidiya, heezzantto kawotettai denddana."
    },
    {
        "English Sentences": "I know Ephraim, and Israel is not hid from me: for now, O Ephraim, thou committest whoredom, and Israel is defiled.",
        "Wolaitta Sentences": "Wurssettan ubbabaa gaaceretti liiqissiya birataadan minnida oiddantto kawotettai denddana. Biratai ubbabaa gaacerettidi liiqissiyoogaadan, ikka baappe kase denddida kawotettata gaacerettidi liiqissana."
    },
    {
        "English Sentences": "They will not frame their doings to turn unto their God: for the spirit of whoredoms is in the midst of them, and they have not known the LORD.",
        "Wolaitta Sentences": "\"Tohotinne tohuwaa biradhdheti baggai birataappe, baggai urqqaappe merettidoogeeta neeni be7idoogaadankka, he kawotettai shaahettida kawotetta gidana. Biratai urqqaara walakettidaagaa ne be7idoogaadankka, baggai birataadan minnidaagaa gidana."
    },
    {
        "English Sentences": "And the pride of Israel doth testify to his face: therefore shall Israel and Ephraim fall in their iniquity; Judah also shall fall with them.",
        "Wolaitta Sentences": "Tohuwaa biradhdheti baggai birata, baggai urqqa gididoogaadan, hegaadankka ha kawotettau baggai mino, baggai laafa gidana."
    },
    {
        "English Sentences": "They shall go with their flocks and with their herds to seek the LORD; but they shall not find him; he hath withdrawn himself from them.",
        "Wolaitta Sentences": "Biratai urqqaara walakettidaagaa ne be7idoogaadan, he naa77u bagga asai geluwan ehuwan walakettana; shin biratai urqqaara walakettanau danddayennaagaadankka, eti issuwaa gididi gam77anau danddayokkona."
    },
    {
        "English Sentences": "They have dealt treacherously against the LORD: for they have begotten strange children: now shall a month devour them with their portions.",
        "Wolaitta Sentences": "\"He kawotu laittan, saluwaa Xoossai mulekka kunddenna, hara asaukka imettenna kawotettaa essana. He eqqida kawotettai he kawotettata ubbaa gaaceretti xaissana; shin i merinau eqqidi daana."
    },
    {
        "English Sentences": "Blow ye the cornet in Gibeah, and the trumpet in Ramah: cry aloud at Bethaven, after thee, O Benjamin.",
        "Wolaitta Sentences": "Asa kushee bochchennan deriyaappe xoqoletti wodhdhidi, birataappe, nahaasiyaappe, urqqaappe, biraappenne worqqaappe merettida misiliyaa gaacerettida shuchchaa birshshettai he kawotettaa. \"Gita Xoossai sinttanau hananabaa kawuwaa bessiis. Aimoikka tuma; birshshettaikka ammanettidaagaa\" yaagidi zaariis."
    },
    {
        "English Sentences": "Ephraim shall be desolate in the day of rebuke: among the tribes of Israel have I made known that which shall surely be.",
        "Wolaitta Sentences": "Hegaappe guyyiyan, Kawoi Naabukadanaxoori Daaneela bonchchidi, som77uwaa biittaa gattidi gufanniis; yaatidi asai a sinttan yarshshuwaa yarshshanaadaaninne ixaanaa cuwayanaadan azaziis."
    },
    {
        "English Sentences": "The princes of Judah were like them that remove the bound: therefore I will pour out my wrath upon them like water.",
        "Wolaitta Sentences": "Kawoi Daaneela, \"Tumaappe ne Xoossai xoossatu Xoossaa, kawotu Godaanne xuuraa qonccissiyaagaa. Neeni ha xuuraa qonccissanau danddayidoogee hegaassa\" yaagiis."
    },
    {
        "English Sentences": "Ephraim is oppressed and broken in judgment, because he willingly walked after the commandment.",
        "Wolaitta Sentences": "Hegaappe guyyiyan, kawoi Daaneela keehi bonchchiis; daronne al77o imotatakka ayyo immiis; Baabiloone biittaa haariyaagaa oottiis. Qassi Baabiloonen de7iya aadhdhida eranchchatu ubbaa bolli halaqa oottidi, a sunttiis."
    },
    {
        "English Sentences": "Therefore will I be unto Ephraim as a moth, and to the house of Judah as rottenness.",
        "Wolaitta Sentences": "Daaneeli oichchin, kawoi Sidiraaqa, Misaaqanne Abddanaaga Baabiloone biittaa aissiyaageeta oottidi sunttiis; shin Daaneeli kawo keettan gam77iis."
    },
    {
        "English Sentences": "When Ephraim saw his sickness, and Judah saw his wound, then went Ephraim to the Assyrian, and sent to king Jareb: yet could he not heal you, nor cure you of your wound.",
        "Wolaitta Sentences": "Kawoi Naabukadanaxoori geesai usuppun tammu wara, gomppai usuppun wara gidiya misiliyaa worqqaappe medhdhidi, Baabiloone biittan Duura Dembban essiis."
    },
    {
        "English Sentences": "For I will be unto Ephraim as a lion, and as a young lion to the house of Judah: I, even I, will tear and go away; I will take away, and none shall rescue him.",
        "Wolaitta Sentences": "Essidi he misiliyaa anjjissanau yaanaadan, kawoppe garssaara biittaa haariyaageeta, ola gadaawata, auraajjaa haariyaageeta, kawuwaa zoriyaageeta, miishsha keettan oottiyaageeta, pirdda daannata, higge eranchchatanne auraajjan auraajjan de7iya hara halaqata xeegiis."
    },
    {
        "English Sentences": "I will go and return to my place, till they acknowledge their offence, and seek my face: in their affliction they will seek me early.",
        "Wolaitta Sentences": "Yaatin, kawoppe garssaara biittaa haariyaageeti, ola gadaawati, auraajjaa haariyaageeti, kawuwaa zoriyaageeti, miishsha keettan oottiyaageeti, pirdda daannati, higge eranchchatinne auraajjan auraajjan de7iya hara halaqati issippe he misiliyaa anjjissanau shiiqidi, Kawoi Naabukadanaxoori essido misiliyaa sinttan eqqidosona."
    },
    {
        "English Sentences": "Come, and let us return unto the LORD: for he hath torn, and he will heal us; he hath smitten, and he will bind us up.",
        "Wolaitta Sentences": "He wode awaajuwaa awaajjiyaagee ba qaalaa xoqqu oottidi, hagaadan yaagiis; \"Inttenoo, asau, kawotettatoo, dumma dumma qaalan haasayiya zaretoo,"
    },
    {
        "English Sentences": "After two days will he revive us: in the third day he will raise us up, and we shall live in his sight.",
        "Wolaitta Sentences": "ubbaikka malkkataa, pulaaliyaa, maazinqqiyaa, diittaanne cora baqettan waaxettida diittaa issippe kaa7iyo wode siyosaarakka, Kawoi Naabukadanaxoori essido worqqa misiliyaayyo gufannidi goinnite."
    },
    {
        "English Sentences": "Then shall we know, if we follow on to know the LORD: his going forth is prepared as the morning; and he shall come unto us as the rain, as the latter and former rain unto the earth.",
        "Wolaitta Sentences": "Misiliyaa sinttan gufannidi goinnenna urai ooninne eexxiya itoone tamaa giddo olettana\" yaagiis."
    },
    {
        "English Sentences": "O Ephraim, what shall I do unto thee? O Judah, what shall I do unto thee? for your goodness is as a morning cloud, and as the early dew it goeth away.",
        "Wolaitta Sentences": "Yaagin asai ubbai, kawotettati ubbainne dumma dumma qaalan haasayiya zareti ubbai malkkataa, pulaaliyaa, maazinqqiyaa, diittaanne cora baqettan waaxettida diittaa issippe kaa7iyo wode siyosaarakka, biittan gufannidi, Kawoi Naabukadanaxoori essido worqqa misiliyaayyo goinnidosona."
    },
    {
        "English Sentences": "Therefore have I hewed them by the prophets; I have slain them by the words of my mouth: and thy judgments are as the light that goeth forth.",
        "Wolaitta Sentences": "Hegaa gishshau, he wode issi issi Baabiloone asati sinttau aadhdhidi, Aihudata mootidosona."
    },
    {
        "English Sentences": "For I desired mercy, and not sacrifice; and the knowledge of God more than burnt offerings.",
        "Wolaitta Sentences": "Eti Kawuwaa Naabukadanaxoora hagaadan yaagidosona; \"Kawuwau, merinau de7a."
    },
    {
        "English Sentences": "But they like men have transgressed the covenant: there have they dealt treacherously against me.",
        "Wolaitta Sentences": "Kawuwau, neeni malkkataa, pulaaliyaa, maazinqqiyaa, diittaanne cora baqettan waaxettida diittaa issippe kaa7iyo wode, siyiya ooninne biittan gufannidi, worqqa misiliyaayyo goinnanaadan,"
    },
    {
        "English Sentences": "Gilead is a city of them that work iniquity, and is polluted with blood.",
        "Wolaitta Sentences": "qassi biittan gufannidi goinnenna asi de7ikko, eexxiya itoone tamaa giddo olettanaadan awaajuwaa kessadasa."
    },
    {
        "English Sentences": "And as troops of robbers wait for a man, so the company of priests murder in the way by consent: for they commit lewdness.",
        "Wolaitta Sentences": "SHin kawuwau, neeni Baabiloone biittaa bolli sunttido Aihudati, Sidiraaqi, Misaaqinne Abddanaagoi ne azazuwaa ixxidosona; ne xoossatuyyo oottokkona; qassi ne essido worqqa misiliyaayyookka goinnokkona\" yaagidosona."
    },
    {
        "English Sentences": "I have seen an horrible thing in the house of Israel: there is the whoredom of Ephraim, Israel is defiled.",
        "Wolaitta Sentences": "Naabukadanaxoori hegaa siyido wode, hanqquwaa eexxi kiyidi, Sidiraaqa, Misaaqanne Abddanaaga ehaanaadan azaziis. Azazin eta kawuwaa sintti ehiidosona."
    },
    {
        "English Sentences": "Also, O Judah, he hath set an harvest for thee, when I returned the captivity of my people.",
        "Wolaitta Sentences": "Naabukadanaxoori eta hagaadan yaagiis; \"Sidiraaqaa, Misaaqaa, Abddanaagoo, ha intte ta xoossatuyyo oottennaageenne ta essido worqqa misiliyaayyo goinnennaagee tumee?"
    },
    {
        "English Sentences": "When I would have healed Israel, then the iniquity of Ephraim was discovered, and the wickedness of Samaria: for they commit falsehood; and the thief cometh in, and the troop of robbers spoileth without.",
        "Wolaitta Sentences": "Ha77i malkkataa, pulaaliyaa, maazinqqiyaa, diittaanne cora baqettan waaxettida diittaa kaa7iyoogaa siyiyo wode, taani essido misiliyaayyo gufannidi goinnikko, daro lo77o. SHin intte goinnennan ixxikko, sohuwaara eexxiya itoone tamaa giddon olettana. Ai xoossee inttena ta kushiyaappe ashshanai?\" yaagiis."
    },
    {
        "English Sentences": "And they consider not in their hearts that I remember all their wickedness: now their own doings have beset them about; they are before my face.",
        "Wolaitta Sentences": "Sidiraaqi, Misaaqinne Abddanaagoi kawuwaassi zaaridi, \"Kawuwau Naabukadanaxooraa, ha yohuwan nuuni neeyyo zaaruwaa immanau bessenna."
    },
    {
        "English Sentences": "They make the king glad with their wickedness, and the princes with their lies.",
        "Wolaitta Sentences": "Kawuwau, nuuni eexxiya itoone tamaa giddo olettiyaakkokka, nuuni ayyo oottiyo Xoossai he tamaappe nuna ashshanau danddayees. Qassi kawuwau, i nuna ne kushiyaappekka ashshana."
    },
    {
        "English Sentences": "They are all adulterers, as an oven heated by the baker, who ceaseth from raising after he hath kneaded the dough, until it be leavened.",
        "Wolaitta Sentences": "SHin kawuwau, ubba i nuna ashshennan ixxiyaakkokka, nuuni ne xoossatuyyo oottennaagaanne neeni essido worqqa misiliyaayyo goinnennaagaa era\" yaagidosona."
    },
    {
        "English Sentences": "In the day of our king the princes have made him sick with bottles of wine; he stretched out his hand with scorners.",
        "Wolaitta Sentences": "He wode Naabukadanaxoori Sidiraaqa, Misaaqanne Abddanaago bolli hanqquwaa suulliis; suullin a som77oi etau kaseegaappe dummatiis. Tamai kase eexxiyoogaappe laappun kushiyaa aadhdhidi eexxanaadan azaziis."
    },
    {
        "English Sentences": "For they have made ready their heart like an oven, whiles they lie in wait: their baker sleepeth all the night; in the morning it burneth as a flaming fire.",
        "Wolaitta Sentences": "Sidiraaqa, Misaaqanne Abddanaaga qachchidi, eexxiya itoone tamaa giddo olanaadan, ba olanchchatu giddoppe mino asata azaziis."
    },
    {
        "English Sentences": "They are all hot as an oven, and have devoured their judges; all their kings are fallen: there is none among them that calleth unto me.",
        "Wolaitta Sentences": "Yaatin, ha asata, eta qoliyaara, suriyaara, huuphiyan xaaxido xaattaaranne hara maayo ubbaara gatti qachchidi, eexxiya itoone tamaa giddo olidosona."
    },
    {
        "English Sentences": "Ephraim, he hath mixed himself among the people; Ephraim is a cake not turned.",
        "Wolaitta Sentences": "Kawuwaa azazoi keehi eeso gidido gishshaunne itoone tamaikka kaseppe aadhdhi eexxiyo gishshau, Sidiraaqa, Misaaqanne, Abddanaaga taman olida he mino asata tamaa lacoi wori aggiis."
    },
    {
        "English Sentences": "Strangers have devoured his strength, and he knoweth it not: yea, gray hairs are here and there upon him, yet he knoweth not.",
        "Wolaitta Sentences": "Ha heezzu qashettida asati, Sidiraaqi, Misaaqinne Abddanaagoi, eexxiya itoone tamaa giddo wodhdhidosona."
    },
    {
        "English Sentences": "And the pride of Israel testifieth to his face: and they do not return to the LORD their God, nor seek him for all this.",
        "Wolaitta Sentences": "Hegaappe guyyiyan, Kawoi Naabukadanaxoori bana maalaalissin eesuwan denddi eqqidi, \"Nuuni qachchidi eexxiya itoone tamaa giddo olido asati heezza gidokkonaayye?\" yaagidi bana zoriyaageeta oichchiis. Oichchin eti, \"Kawuwau, ee heezza\" yaagidi zaaridosona."
    },
    {
        "English Sentences": "Ephraim also is like a silly dove without heart: they call to Egypt, they go to Assyria.",
        "Wolaitta Sentences": "Kawoi zaaridi, \"Be7ite, taani qashuwaappekka birshshettidi, tamaa giddon yaa, haa hemeterettiya, tamaikka ainne bochchenna oiddu asata be7ais! Oiddanttoi qassi xoossatu na7a milatees,\" yaagiis."
    },
    {
        "English Sentences": "When they shall go, I will spread my net upon them; I will bring them down as the fowls of the heaven; I will chastise them, as their congregation hath heard.",
        "Wolaitta Sentences": "Yaatin, Naabukadanaxoori eexxiya itoone tamaa lanqqe shiiqidi, ba qaalaa xoqqu oottidi, \"Ubbaappe Xoqqiya Xoossaa ashkkaratoo, Sidiraaqaa, Misaaqaa, Abddanaagoo, kiyite! Kiyidi haayite!\" yaagidi xeegiis. Yaatin, Sidiraaqi, Misaaqinne Abddanaagoi tamaa giddoppe kiyidosona."
    },
    {
        "English Sentences": "Woe unto them! for they have fled from me: destruction unto them! because they have transgressed against me: though I have redeemed them, yet they have spoken lies against me.",
        "Wolaitta Sentences": "Kawoppe garssaara biittaa haariyaageeti, ola gadaawati, auraajjaa haariyaageeti, kawuwaassi oottiya hara halaqati ubbai etakko shiiqidosona. SHiiqidi tamai eta bollaa bochchibeennaagaa, eta huuphiyaa binnaanaappe issoikka malaatettibeennaagaa, eta maayoikka labettibeennaagaanne tama peenoikka etan bainnaagaa be7idosona."
    },
    {
        "English Sentences": "And they have not cried unto me with their heart, when they howled upon their beds: they assemble themselves for corn and wine, and they rebel against me.",
        "Wolaitta Sentences": "Hegaappe guyyiyan, Naabukadanaxoori hagaadan yaagiis; \"Sidiraaqa, Misaaqanne Abddanaago Xoossai galatetto! I ba kiitanchchaa kiittidi, banan ammanettida ba ashkkarata ashshiis. Eti kawuwaa azazuwaa ixxidosona; bantta Xoossaappe attin, hara xoossaassi oottanaappenne goinnanaappe haiqqanaagaa dosidosona."
    },
    {
        "English Sentences": "Though I have bound and strengthened their arms, yet do they imagine mischief against me.",
        "Wolaitta Sentences": "Hegaa gishshau, Sidiraaqa, Misaaqanne Abddanaago Xoossaa toochchidi haasayiya ai asikka, woikko ai kawotettikka, woikko dumma dumma qaalan haasayiya ai zareekka qanxxettananne muxettana mala, eta keettaikka laalettidi, pito doore gidana mala, taani awaajjaas. Aissi giikko, hara ai xoossinne hagaadan oottidi, asa ashshenna\" yaagiis."
    },
    {
        "English Sentences": "They return, but not to the most High: they are like a deceitful bow: their princes shall fall by the sword for the rage of their tongue: this shall be their derision in the land of Egypt.",
        "Wolaitta Sentences": "Hegaappe guyyiyan, kawoi Sidiraaqa, Misaaqanne Abddanaaga Baabiloone biittan xoqqu xoqqu oottidi sunttiis."
    },
    {
        "English Sentences": "Set the trumpet to thy mouth. He shall come as an eagle against the house of the LORD, because they have transgressed my covenant, and trespassed against my law.",
        "Wolaitta Sentences": "Kawoi Naabukadanaxoori asa ubbaassi, kawotettatu ubbaassinne dumma dumma qaalan haasayiya zaretu ubbaassi hagaadan yaagidi, dabddaabbiyaa kiittiis. \"Saro de7eetii!"
    },
    {
        "English Sentences": "Israel shall cry unto me, My God, we know thee.",
        "Wolaitta Sentences": "\"Ubbaappe Xoqqiya Xoossai taayyo oottido maalaalissiyaabaanne oorattabaa taani intteyyo odanau koyais."
    },
    {
        "English Sentences": "Israel hath cast off the thing that is good: the enemy shall pursue him.",
        "Wolaitta Sentences": "\"A malaatai aiba gitee! I oottiyo oorattabai aiba minoo! A kawotettai merinaa kawotetta; a maataikka yeletaappe yeletaa gakkanaashiina."
    },
    {
        "English Sentences": "They have set up kings, but not by me: they have made princes, and I knew it not: of their silver and their gold have they made them idols, that they may be cut off.",
        "Wolaitta Sentences": "\"Taani Naabukadanaxoori ta kawo keettan gita duretettaaninne injjiyan de7ais."
    },
    {
        "English Sentences": "Thy calf, O Samaria, hath cast thee off; mine anger is kindled against them: how long will it be ere they attain to innocency?",
        "Wolaitta Sentences": "Issi gallassi taani tana yashshiya aimo aimottaas. Taani ta arssan zaqqullada, be7ido aimoinne ajjuutai tana daganttiis."
    },
    {
        "English Sentences": "For from Israel was it also: the workman made it; therefore it is not God: but the calf of Samaria shall be broken in pieces.",
        "Wolaitta Sentences": "Hegaa gishshau, ha aimuwaa birshshettaa tana erissana mala, Baabiloonen de7iya aadhdhida eranchchata ubbaa taakko ehaanaadan azazaas."
    },
    {
        "English Sentences": "For they have sown the wind, and they shall reap the whirlwind: it hath no stalk: the bud shall yield no meal: if so be it yield, the strangers shall swallow it up.",
        "Wolaitta Sentences": "He wode shareechchoti, murunniyaageeti, aadhdhida eranchchatinne xoolinttiyaa paidiyaageeti taakko yin, ta aimuwaa etau yootaas; shin eti birshshettaa tana erissanau danddayibookkona."
    },
    {
        "English Sentences": "Israel is swallowed up: now shall they be among the Gentiles as a vessel wherein is no pleasure.",
        "Wolaitta Sentences": "Wurssettan ta xoossaa sunttan Bilxxaasoora geetetti xeegettiya, geeshsha xoossatu ayyaanai aani de7iyo Daaneeli taakko gelin, ayyo ta aimuwaa hagaadan gaada yootaas."
    },
    {
        "English Sentences": "For they are gone up to Assyria, a wild ass alone by himself: Ephraim hath hired lovers.",
        "Wolaitta Sentences": "\" Aadhdhida eranchchatu halaqau Bilxxaasooraa, geeshsha xoossatu ayyaanai nenan de7iyoogaanne ai xuurinne neeppe geemmennaagaa taani erais. Taani aimottido aimoi hagaa; ane taayyo a birshshettaa oda."
    },
    {
        "English Sentences": "Yea, though they have hired among the nations, now will I gather them, and they shall sorrow a little for the burden of the king of princes.",
        "Wolaitta Sentences": "\" Taani ta arssan zaqqullada, biittaassi giddo ginan issi mittai eqqidaagaa ajjuutan be7aas; he mittau geesai daro adussa."
    },
    {
        "English Sentences": "Because Ephraim hath made many altars to sin, altars shall be unto him to sin.",
        "Wolaitta Sentences": "He mittai diccidi gitatiisinne minniis; ayyo xeerai saluwaa gakkees; sa7aappe sa7aa gaxaa gakkanaashin beettees."
    },
    {
        "English Sentences": "I have written to him the great things of my law, but they were counted as a strange thing.",
        "Wolaitta Sentences": "He mittaa haittai xeellanau lo77iyaagaa; a aifeekka keehi daro; ubbaukka miyoobi an de7ees. Bazzo do7ati a kuwan shemppidosona; saluwaa kafotikka a daashshaa giddon keexxidi de7idosona. Paxa de7iya ubbai appe miis."
    },
    {
        "English Sentences": "They sacrifice flesh for the sacrifices of mine offerings, and eat it; but the LORD accepteth them not; now will he remember their iniquity, and visit their sins: they shall return to Egypt.",
        "Wolaitta Sentences": "\" Ta arssan zaqqullada, geeshsha kiitanchchai saluwaappe wodhdhishin ajjuutan be7aas."
    },
    {
        "English Sentences": "For Israel hath forgotten his Maker, and buildeth temples; and Judah hath multiplied fenced cities: but I will send a fire upon his cities, and it shall devour the palaces thereof.",
        "Wolaitta Sentences": "Ikka ba qaalaa xoqqu oottidi, hagaadan yaagiis; \"Ha mittaa qanxxite; a tashiyaa karite; a haittaakka pirxxite; a aifiyaakka laalite. A garssan de7iya do7atinne a daashshan de7iya kafoti ubbai baqatona."
    },
    {
        "English Sentences": "Rejoice not, O Israel, for joy, as other people: for thou hast gone a whoring from thy God, thou hast loved a reward upon every cornfloor.",
        "Wolaitta Sentences": "SHin durumaanne a xaphuwaa birataappenne nahaasiyaappe qoxxido sanssalatan qachchidi, biittan, maataa giddon aggi bayite. Saluwaappe wodhdhiya akkan ka77o; qassi bazzuwan maataa giddon do7aara de7o."
    },
    {
        "English Sentences": "The floor and the winepress shall not feed them, and the new wine shall fail in her.",
        "Wolaitta Sentences": "A wozanai kahai asaagaappe do7aagau laametto. Hegaadan hanidaashin, a bolli laappun laittai wuro."
    },
    {
        "English Sentences": "They shall not dwell in the LORD's land; but Ephraim shall return to Egypt, and they shall eat unclean things in Assyria.",
        "Wolaitta Sentences": "Ubbaappe Xoqqiya Xoossai asaa naatu kawotetta ubbaa haariyoogaa, kawotettaa i ba koyiyo uraassi immiyoogaanne harai atto, asa ubbaappe karettidaageetakka i sunttiyoogaa paxa de7iya asai ubbai erana mala, qasho qofaa kiitanchchati awaajjidosona. Pirddaakka geeshshati odidosona\" yaagiis."
    },
    {
        "English Sentences": "They shall not offer wine offerings to the LORD, neither shall they be pleasing unto him: their sacrifices shall be unto them as the bread of mourners; all that eat thereof shall be polluted: for their bread for their soul shall not come into the house of the LORD.",
        "Wolaitta Sentences": "\" Taani Kawoi Naabukadanaxoori aimottido aimoi hagaa. Ha77i simmi Bilxxaasooraa, taayyo a birshshettaa oda. Aissi giikko, ta kawotettaa giddon de7iya aadhdhida eranchchatuppe issoinne tana birshshettaa erissanau danddayibeenna; shin geeshsha xoossatu ayyaanai nenan de7iyo gishshau, neeni danddayaasa yaagaas."
    },
    {
        "English Sentences": "What will ye do in the solemn day, and in the day of the feast of the LORD?",
        "Wolaitta Sentences": "\"He wodiyan Bilxxaasoora geetettiya Daaneeli dagammidi, haniyoobaa xayiis. I ba qofan shabbirettido gishshau, guutta wodiyaa co77u giidi takkiis. Yaatin, kawoi, Bilxxaasooraa, ha aimoinne a birshshettai nena daganttoppo yaagiis. \"Yaagin Bilxxaasoori zaaridi, Ta godau, ha aimoi nena ixxiyaageetussi, a birshshettaikka qassi ne morkketussi gideerenneeshsha!"
    },
    {
        "English Sentences": "For, lo, they are gone because of destruction: Egypt shall gather them up, Memphis shall bury them: the pleasant places for their silver, nettles shall possess them: thorns shall be in their tabernacles.",
        "Wolaitta Sentences": "Neeni aimuwan be7ido mittai, diccidi minnidaagee, xeerai saluwaa gakkidoogee, sa7aappe sa7aa gaxaa gakkanaashin beettidaagee,"
    },
    {
        "English Sentences": "The days of visitation are come, the days of recompence are come; Israel shall know it: the prophet is a fool, the spiritual man is mad, for the multitude of thine iniquity, and the great hatred.",
        "Wolaitta Sentences": "haittai xeellanau lo77idoogee, aifeekka keehi daridoogee, ubbau miyoobi an de7iyoogee, bazzo do7ati a kuwan shemppidoogeenne saluwaa kafotikka a daashshaa giddon keexxidi de7idoogee,"
    },
    {
        "English Sentences": "The watchman of Ephraim was with my God: but the prophet is a snare of a fowler in all his ways, and hatred in the house of his God.",
        "Wolaitta Sentences": "kawuwau, he mittai nena! Neeni gitatadasanne minnadasa; ne gitatettai diccidi, saluwaa gakkiis; ne kawotaa maataikka sa7aa gaxaa gakkiis."
    },
    {
        "English Sentences": "They have deeply corrupted themselves, as in the days of Gibeah: therefore he will remember their iniquity, he will visit their sins.",
        "Wolaitta Sentences": "\" Kawuwau, neeni geeshsha kiitanchchai saluwaappe wodhdhidi, \"Ha mittaa qanxxidi xaissite; shin a durumaanne a xaphuwaa birataappenne nahaasiyaappe qoxxido sanssalatan qachchidi, biittan, maataa giddon aggi bayite. Saluwaappe wodhdhiya akkan i ka77o; laappun laittai wurana gakkanaashin, bazzo do7adan de7o!\" giyo wode be7adasa."
    },
    {
        "English Sentences": "I found Israel like grapes in the wilderness; I saw your fathers as the firstripe in the fig tree at her first time: but they went to Baalpeor, and separated themselves unto that shame; and their abominations were according as they loved.",
        "Wolaitta Sentences": "\" Kawuwau, a birshshettai hagaa. Hagee Ubbaappe Xoqqiya Xoossai ta godaa kawuwaa bolli polanau kiittido pirddaa."
    },
    {
        "English Sentences": "As for Ephraim, their glory shall fly away like a bird, from the birth, and from the womb, and from the conception.",
        "Wolaitta Sentences": "Neeni asa giddoppe goodettada, bazzo do7atuura issippe de7ana. Neeni booradan maataa maananne saluwaappe wodhdhiya akkan ka77ana. Qassi Ubbaappe Xoqqiya Xoossai asaa naatu kawotetta ubbaa haariyoogaanne kawotettaa ba koyido urau immiyoogaa neeni erana gakkanaashin, laappun laittai ne bollan aadhdhana."
    },
    {
        "English Sentences": "Though they bring up their children, yet will I bereave them, that there shall not be a man left: yea, woe also to them when I depart from them!",
        "Wolaitta Sentences": "\" Durumai ba xaphuwaara biittan attanaadan azazettidoogee, neeni saluwaa Xoossai biittaa ubbaa haariyoogaa eriyo wode, ne kawotettai neeyyo simmanaagaa bessees."
    },
    {
        "English Sentences": "Ephraim, as I saw Tyrus, is planted in a pleasant place: but Ephraim shall bring forth his children to the murderer.",
        "Wolaitta Sentences": "Hegaa gishshau, kawuwau, ta zoriyaa ekka. Nagaraa oottiyoogaa aggada, xillobaa ootta; huqqunnettidaageeta naaqqiyoogaa aggada, etau qaretta. Yaatin, geella neeni saro de7ana wodee aduqqikkonne yaagiis."
    },
    {
        "English Sentences": "Give them, O LORD: what wilt thou give? give them a miscarrying womb and dry breasts.",
        "Wolaitta Sentences": "\"Hagee ubbai Kawuwaa Naabukadanaxoora bolli gakkiis."
    },
    {
        "English Sentences": "All their wickedness is in Gilgal: for there I hated them: for the wickedness of their doings I will drive them out of mine house, I will love them no more: all their princes are revolters.",
        "Wolaitta Sentences": "Tammanne naa77u aginaappe guyyiyan, kawoi Baabiloonen de7iya kawo keettaa bolli dembbayi keexxidosan hemettiiddi"
    },
    {
        "English Sentences": "Ephraim is smitten, their root is dried up, they shall bear no fruit: yea, though they bring forth, yet will I slay even the beloved fruit of their womb.",
        "Wolaitta Sentences": "hagaadan yaagiis; Hagee ta kawo keettai an de7ana mala, taani ta gita wolqqan, ta gitatettaa bonchchuwaassi gimbbissido Baabiloone katamaa gitaa gidennee? yaagiis."
    },
    {
        "English Sentences": "My God will cast them away, because they did not hearken unto him: and they shall be wanderers among the nations.",
        "Wolaitta Sentences": "\"I haasayidi wurssennan de7ishin, saluwaappe hagaadan giya qaalai puttu giis; puttu giidi, Kawuwaa Naabukadanaxooraa, ne bollan pirddettida pirddai hagaa: ne kawotettai neeppe ekettiis."
    },
    {
        "English Sentences": "Israel is an empty vine, he bringeth forth fruit unto himself: according to the multitude of his fruit he hath increased the altars; according to the goodness of his land they have made goodly images.",
        "Wolaitta Sentences": "Neeni asaa giddoppe goodettada, bazzo do7aara daana; neeni booradan maataa maana. Ubbaappe Xoqqiya Xoossai asaa naatu kawotetta ubbaa haariyoogaanne kawotettaa i ba koyido uraassi immiyoogaa neeni erana gakkanaashin, laappun laittai ne bolli aadhdhana yaagiis."
    },
    {
        "English Sentences": "Their heart is divided; now shall they be found faulty: he shall break down their altars, he shall spoil their images.",
        "Wolaitta Sentences": "\"Naabukadanaxoora bolli giidobai sohuwaarakka polettiis. Asa giddoppe goodettidi, booradan maataa miis. A bollaikka saluwaappe wodhdhiya akkan ka77iis. A binnaanai ankkuwaa baalliyaadan, a xugunttaikka kafuwaa xugunttaadan dicciis."
    },
    {
        "English Sentences": "For now they shall say, We have no king, because we feared not the LORD; what then should a king do to us?",
        "Wolaitta Sentences": "\"He laappun laittai wurido wode, taani Naabukadanaxoori xoqqu gaada saluwaa xeellaas; ta wozanai kahaikka simmiis. Simmin Ubbaappe Xoqqiya Xoossaa galataas; merinau de7iyaagaakka bonchchaasinne sabbaas. \"A maatai merinaa maataa; a kawotettaikka yeletaappe yeletaa gakkanaashiina."
    },
    {
        "English Sentences": "They have spoken words, swearing falsely in making a covenant: thus judgment springeth up as hemlock in the furrows of the field.",
        "Wolaitta Sentences": "Sa7an de7iya asai ubbai ayyo aibanne gidenna. Saluwan de7iya kiitanchchatu bollinne sa7an de7iya asaa bolli i ba dosaa oottees. A kushiyaa teqqanau danddayiyaabi baawa, woikko a Ai oottai? yaagidi oichchiyaabi baawa."
    },
    {
        "English Sentences": "The inhabitants of Samaria shall fear because of the calves of Bethaven: for the people thereof shall mourn over it, and the priests thereof that rejoiced on it, for the glory thereof, because it is departed from it.",
        "Wolaitta Sentences": "\"Ta wozanai simmaanne, ta kawotettaa bonchchuwaa gishshau, ta anggainne ta puulai taayyo simmi aggiis. Kase tana zoriyaageetinne ta oosanchchati tana koyidosona. Taani ta kawotettan minnaas; kaseegaappekka aadhdhiya gitatettai taayyo gujettiis."
    },
    {
        "English Sentences": "It shall be also carried unto Assyria for a present to king Jareb: Ephraim shall receive shame, and Israel shall be ashamed of his own counsel.",
        "Wolaitta Sentences": "\"Ha77i simmi taani Naabukadanaxoori saluwaa Kawuwaa galatais; a xoqqu xoqqu oottaisinne bonchchais. Aissi giikko, i oottiyoobai ubbai likke; a ogeti ubbaikka xillo; qassi otoruwan biyaageeta i kaushshanau danddayees\" yaagidi xaafiis."
    },
    {
        "English Sentences": "As for Samaria, her king is cut off as the foam upon the water.",
        "Wolaitta Sentences": "Issi gallassi Kawoi Belshshaaxaari ba oosanchchatuppe issi sha7atussi gibiraa giigissiis; giigissidi etaara issippe woiniyaa eessaa uyiis."
    },
    {
        "English Sentences": "The high places also of Aven, the sin of Israel, shall be destroyed: the thorn and the thistle shall come up on their altars; and they shall say to the mountains, Cover us; and to the hills, Fall on us.",
        "Wolaitta Sentences": "Belshshaaxaari woiniyaa eessaa uyidi, ba aawai Naabukadanaxoori Yerusalaamen de7iya Beeta Maqidasiyaappe ehiido worqqaappenne biraappe oosettida ushsha miishshata ehaana mala azaziis. Aissi giikko, inne a oosanchchati, a keettaayetinne a baakkoti ubbai he ushsha miishshatun eessaa uyana mala, i koyiis."
    },
    {
        "English Sentences": "O Israel, thou hast sinned from the days of Gibeah: there they stood: the battle in Gibeah against the children of iniquity did not overtake them.",
        "Wolaitta Sentences": "Yaatin, eti he Yerusalaamen de7iya Xoossaa Beeta Maqidasiyaappe ehiido worqqaappe oosettida ushsha miishshata kawuwaayyo ehiidosona. Ehin kawoi, a oosanchchati, a keettaayetinne a baakkoti he miishshatun tigettida woine eessaa uyidosona."
    },
    {
        "English Sentences": "It is in my desire that I should chastise them; and the people shall be gathered against them, when they shall bind themselves in their two furrows.",
        "Wolaitta Sentences": "Eti he woine eessaa uyiiddi, worqqaappe biraappe, nahaasiyaappe, birataappe, mittaappenne shuchchaappe oosettida xoossata galatidosona."
    },
    {
        "English Sentences": "And Ephraim is as an heifer that is taught, and loveth to tread out the corn; but I passed over upon her fair neck: I will make Ephraim to ride; Judah shall plow, and Jacob shall break his clods.",
        "Wolaitta Sentences": "He wode qoppennan de7ishin, asa kushe biradhdheti auppekko kiyidi yiidi, kawo keettan meeshettida godaa bollan, xomppiyaa wottiyo ballaa sinttan xaafidosona. He kushee xaafiyo wode, kawoi ba huuphen be7iis."
    },
    {
        "English Sentences": "Sow to yourselves in righteousness, reap in mercy; break up your fallow ground: for it is time to seek the LORD, till he come and rain righteousness upon you.",
        "Wolaitta Sentences": "Be7in a som77oi laamettidi, bidintta milatiis; qassi yashshan a gaadee kokkoriis; a gulbbataikka ixxiis."
    },
    {
        "English Sentences": "Ye have plowed wickedness, ye have reaped iniquity; ye have eaten the fruit of lies: because thou didst trust in thy way, in the multitude of thy mighty men.",
        "Wolaitta Sentences": "Kawoi ba qaalaa xoqqu oottidi, murunniyaageeta, aadhdhida eranchchatanne xoolinttiyaa paidiyaageeta ehaanaadan azaziis. Eti yin Baabiloone aadhdhida eranchchata hagaadan yaagiis; \"Ha xifatiyaa nabbabidi, a birshshettaa tau yootiya uri ooninne, ochchaa teeraa milatiya maayuwaa maayana; a qooriyan worqqa sanssalataa aattana; qassi i ta kawotettaa haariya heezzantto asa gidana\" yaagiis."
    },
    {
        "English Sentences": "Therefore shall a tumult arise among thy people, and all thy fortresses shall be spoiled, as Shalman spoiled Betharbel in the day of battle: the mother was dashed in pieces upon her children.",
        "Wolaitta Sentences": "Hegaappe guyyiyan, kawuwaa aadhdhida eranchchati ubbai a sintti aadhdhidosona; shin etappe ooninne he xifatiyaa nabbabanau, woikko a birshshettaa odanau danddayibeenna."
    },
    {
        "English Sentences": "So shall Bethel do unto you because of your great wickedness: in a morning shall the king of Israel utterly be cut off.",
        "Wolaitta Sentences": "Hegan Kawoi Belshshaaxaari kaseegaappe aadhdhi dagammin, a som77oikka kaseegaappe aadhdhi bidintta milatiis. A oosanchchatikka haniyoobaa xayidosona."
    },
    {
        "English Sentences": "When Israel was a child, then I loved him, and called my son out of Egypt.",
        "Wolaitta Sentences": "Kawoinne a oosanchchati wocamiyoogaa a aayyiyaa kawiyaa siyada, eti gibiraa miyo aaho keettaa gelada, hagaadan yaagaasu; \"Kawuwau, merinau de7a! Ha qofan keehi shabbirettoppa; ne som77oikka laamettoppo."
    },
    {
        "English Sentences": "As they called them, so they went from them: they sacrificed unto Baalim, and burned incense to graven images.",
        "Wolaitta Sentences": "Geeshsha xoossatu ayyaanai an de7iyo issi asi ne kawotettaa giddon de7ees. Erai, akeekainne xoossatuugaa mala aadhdhida eratettai an de7ees. Kase ne aawai Kawoi Naabukadanaxoori a shareechchotussi, murunniyaageetussi, xoolinttiyaa paidiyaageetussinne aadhdhida eranchchatussi halaqa oottidi sunttiis."
    },
    {
        "English Sentences": "I taught Ephraim also to go, taking them by their arms; but they knew not that I healed them.",
        "Wolaitta Sentences": "Aissi giikko, ayyo lo77o ayyaanai, erainne akeekai de7ees; aimuwaa birshshanau, qan77ishiyaa odanaunne xuuraa qonccissanau i danddayees. Hegaa gishshau, kawoi Bilxxaasoora giidi sunttido Daaneela xeesa. I neeyyo xifatiyaa birshshettaa odana\" yaagaasu."
    },
    {
        "English Sentences": "I drew them with cords of a man, with bands of love: and I was to them as they that take off the yoke on their jaws, and I laid meat unto them.",
        "Wolaitta Sentences": "He wodee Daaneela kawuwaakko ehin, kawoi a hagaadan yaagiis; \"Neeni Daaneelee? Ta aawai kawoi Yihudaappe omooddidi ehiidoogeetuppe issuwaa giyoi nenee?"
    },
    {
        "English Sentences": "He shall not return into the land of Egypt, but the Assyrian shall be his king, because they refused to return.",
        "Wolaitta Sentences": "Xoossatu ayyaanai nenan de7iyoogaanne erai, akeekainne keehi aadhdhida eratettai neeyyo de7iyoogaa taani siyaas."
    },
    {
        "English Sentences": "And the sword shall abide on his cities, and shall consume his branches, and devour them, because of their own counsels.",
        "Wolaitta Sentences": "Ha xifatiyaa nabbabanaunne a birshshettaa taayyo odanau murunniyaageetinne aadhdhida eranchchati yiidosona; shin eti birshshettaa taayyo odanau danddayibookkona."
    },
    {
        "English Sentences": "And my people are bent to backsliding from me: though they called them to the most High, none at all would exalt him.",
        "Wolaitta Sentences": "Neeni birshshettaa odanaunne deexo oishatu zaaruwaa immanau danddayiyoogaa taani siyaas. Ha77i simmi neeni ha xifatiyaa nabbabanaunne a birshshettaa taayyo odanau danddayikko, ochchaa teeraa milatiya maayuwaa maayana; ne qooriyan worqqa sanssalatai aadhdhana; qassi neeni kawotettaa haariya heezzantto asa gidana\" yaagiis."
    },
    {
        "English Sentences": "How shall I give thee up, Ephraim? how shall I deliver thee, Israel? how shall I make thee as Admah? how shall I set thee as Zeboim? mine heart is turned within me, my repentings are kindled together.",
        "Wolaitta Sentences": "Yaagin Daaneeli kawuwaassi zaaridi, \"Neeni immiyo imoi neessa gido; ne woituwaakka hara urau imma. Taani mati xifatiyaa kawuwaassi nabbabana; birshshettaakka odana."
    },
    {
        "English Sentences": "I will not execute the fierceness of mine anger, I will not return to destroy Ephraim: for I am God, and not man; the Holy One in the midst of thee: and I will not enter into the city.",
        "Wolaitta Sentences": "\"Kawuwau, Ubbaappe Xoqqiya Xoossai ne aawaa Naabukadanaxoorassi kawotaa, gitatettaa, bonchchuwaanne anggaa immiis."
    },
    {
        "English Sentences": "They shall walk after the LORD: he shall roar like a lion: when he shall roar, then the children shall tremble from the west.",
        "Wolaitta Sentences": "I ayyo immido gitatettaa gaasuwan he asatinne dumma dumma qaalaa haasayiya zareti ayyo yayyidosonanne kokkoridosona. Ba woranau koyiyoogaa woriis; ashshanau koyiyoogaakka ashshiis; ba xoqqissanau koyidoogaakka xoqqissiis; kaushshanau koyidoogaakka kaushshiis."
    },
    {
        "English Sentences": "They shall tremble as a bird out of Egypt, and as a dove out of the land of Assyria: and I will place them in their houses, saith the LORD.",
        "Wolaitta Sentences": "SHin i otorettido wodenne a wozanai muumido wode, ba kawotaa araataappe wodhdhiis; a bonchchoikka qaarettiis."
    },
    {
        "English Sentences": "Ephraim compasseth me about with lies, and the house of Israel with deceit: but Judah yet ruleth with God, and is faithful with the saints.",
        "Wolaitta Sentences": "Asaa giddoppe goodettiis; a wozanai kahaikka laamettin, do7a mala gidiis. Booradan maataa miiddi, dembbaa haretuura issippe de7iis. A bollaikka saluwaappe wodhdhiya akkan ka77iis. Hegeekka Ubbaappe Xoqqiya Xoossai asaa naatu kawotetta ubbaa haariyoogaanne i ba koyido uraassi immiyoogaa i erana gakkanaassa."
    },
    {
        "English Sentences": "Ephraim feedeth on wind, and followeth after the east wind: he daily increaseth lies and desolation; and they do make a covenant with the Assyrians, and oil is carried into Egypt.",
        "Wolaitta Sentences": "\"SHin nenoo, Belshshaaxaaraa, neeni a na7ai he ubbaa eraiddakka, ne huuphiyaa ziqqi oottabaakka."
    },
    {
        "English Sentences": "The LORD hath also a controversy with Judah, and will punish Jacob according to his ways; according to his doings will he recompense him.",
        "Wolaitta Sentences": "Qassi Saluwaa Godaa bollan otorettada, ne huuphiyaa xoqqu xoqqu oottadasa. A Beeta Maqidasiyaappe bonqqiyan yiida worqqa miishshata neeni ehiissin, ne oosanchchati, ne keettaayetinne ne baakkoti woiniyaa eessaa etan uyidosona. Qassi xeellanau, siyanaunne eranau danddayenna xoossata, biraappe, worqqaappe, nahaasiyaappe, birataappe, mittaappenne shuchchaappe oosettidaageeta galatadasa. Ne shemppuwaanne ne gelaa kessaa ba kushiyan oiqqida Xoossaa bonchchabaakka."
    },
    {
        "English Sentences": "He took his brother by the heel in the womb, and by his strength he had power with God:",
        "Wolaitta Sentences": "Hegaa gishshau, ha kushe biradhdheti appe kiitettin, ha xifatee xaafettiis."
    },
    {
        "English Sentences": "Yea, he had power over the angel, and prevailed: he wept, and made supplication unto him: he found him in Bethel, and there he spake with us;",
        "Wolaitta Sentences": "\"Xifateekka, MANEE, MANEE, TAQEEL, UUFARSSIIN yaagiyaagaa."
    },
    {
        "English Sentences": "Even the LORD God of hosts; the LORD is his memorial.",
        "Wolaitta Sentences": "A birshshettaikka hagaa; MANEE qoodettiis giyoogee Xoossai ne kawotaa laittaa qoodidi, wuranaadan oottiis giyoogaa."
    },
    {
        "English Sentences": "Therefore turn thou to thy God: keep mercy and judgment, and wait on thy God continually.",
        "Wolaitta Sentences": "TAQEEL mazzanettiis giyoogee meezaanan mazzanettada, kauyyada beettadasa giyoogaa."
    },
    {
        "English Sentences": "He is a merchant, the balances of deceit are in his hand: he loveth to oppress.",
        "Wolaitta Sentences": "PAREES shaahettiis giyoogee ne kawotettai shaahettidi, Meedoonatuyyoonne Parssetuyyo imettiis giyoogaa\" yaagiis."
    },
    {
        "English Sentences": "And Ephraim said, Yet I am become rich, I have found me out substance: in all my labours they shall find none iniquity in me that were sin.",
        "Wolaitta Sentences": "Hegaappe guyyiyan, Belshshaaxaari azazin, ochcha teeraa milatiya maayuwaa Daaneela maizzidosona; a qooriyankka worqqa sanssalataa aattidosona; qassi kawotettaa haariya heezzantto asa gidanaadan awaajjidosona."
    },
    {
        "English Sentences": "And I that am the LORD thy God from the land of Egypt will yet make thee to dwell in tabernacles, as in the days of the solemn feast.",
        "Wolaitta Sentences": "He galla qammi morkketi gelidi, Baabiloone Kawuwaa Belshshaaxaara woridosona."
    },
    {
        "English Sentences": "I have also spoken by the prophets, and I have multiplied visions, and used similitudes, by the ministry of the prophets.",
        "Wolaitta Sentences": "Worin a kawotettaa Meedooniyaa Daariyoosi ekkiis. He wode Daariyoosayyo laittai usuppun tammanne naa77a."
    },
    {
        "English Sentences": "Is there iniquity in Gilead? surely they are vanity: they sacrifice bullocks in Gilgal; yea, their altars are as heaps in the furrows of the fields.",
        "Wolaitta Sentences": "Kawoi Daariyoosi ba kawotettaa ubbaa giddon baappe garssaara biittaa haariya xeetanne laatamu asata sunttiyoogee lo77o giidi qoppiis."
    },
    {
        "English Sentences": "And Jacob fled into the country of Syria, and Israel served for a wife, and for a wife he kept sheep.",
        "Wolaitta Sentences": "Qassi kawuwaassi aibanne pacissennaadan, he biittaa haariyaageeta xeellana mala, heezzu asata halaqa oottidi dooriis; doorettidaageetuppe issoi Daaneela."
    },
    {
        "English Sentences": "And by a prophet the LORD brought Israel out of Egypt, and by a prophet was he preserved.",
        "Wolaitta Sentences": "Daaneeli oosuwaa oottanau bau de7iya dumma eran hara halaqatuppenne biittaa haariyaageetuppe aadhdhidi beettiis. Hegaa gishshau, kawoi a ba kumetta kawotettaa bolli bolla oottidi sunttanau halchchiis."
    },
    {
        "English Sentences": "Ephraim provoked him to anger most bitterly: therefore shall he leave his blood upon him, and his reproach shall his LORD return unto him.",
        "Wolaitta Sentences": "Yaatin, biittaa haariyaageetinne halaqati Daaneela mootanau, i aissiyo aisuwaa bolli bala demmana giidi koyidosona. SHin i keehi kiphatanne ammanettiya asa; qassi geellabaa oottenna asa gidido gishshau, a mootanau a bolli aiba balanne demmibookkona."
    },
    {
        "English Sentences": "When Ephraim spake trembling, he exalted himself in Israel; but when he offended in Baal, he died.",
        "Wolaitta Sentences": "Wurssettan eti giiddi, \"A Xoossaa higgiyaa baggaara gidikkoppe attin, hara baggaara Daaneela mootiyoobaa demmokko\" yaagidosona."
    },
    {
        "English Sentences": "And now they sin more and more, and have made them molten images of their silver, and idols according to their own understanding, all of it the work of the craftsmen: they say of them, Let the men that sacrifice kiss the calves.",
        "Wolaitta Sentences": "Hegaappe guyyiyan, biittaa haariyaageetinne halaqati issippe kawuwaakko biidi, hagaadan yaagidosona; \"Kawuwau Daariyoosaa, merinau de7a!"
    },
    {
        "English Sentences": "Therefore they shall be as the morning cloud, and as the early dew that passeth away, as the chaff that is driven with the whirlwind out of the floor, and as the smoke out of the chimney.",
        "Wolaitta Sentences": "Nuuni ne kawotettaa oosuwaa oottiya halaqati, biittaa haariyaageeti, ola gadaawati, zoriyaageetinne auraajjaa haariyaageeti ubbai maayido issi zoretai de7ees. Hegeekka hachchippe biidi hasttamu gallassai gakkanaashin, ai asinne nena kawuwaa woossanaappe attin, hara ai asakka woikko ai xoossakka woossennaadan, neeni awaajuwaa kessanaassa; geelladan woossiyaabi de7ikko, gaammotu ollan olettanaadan neeni azazanaassa."
    },
    {
        "English Sentences": "Yet I am the LORD thy God from the land of Egypt, and thou shalt know no god but me: for there is no saviour beside me.",
        "Wolaitta Sentences": "Simmi kawuwau, ha awaajoi shaarettenna Meedoonatunne Parssetu higgiyaadan, minonne laamettennaagaa gidana mala parama\" yaagidosona."
    },
    {
        "English Sentences": "I did know thee in the wilderness, in the land of great drought.",
        "Wolaitta Sentences": "Hegaa gishshau, Kawoi Daariyoosi awaajuwaa xaafidi paramiis."
    },
    {
        "English Sentences": "According to their pasture, so were they filled; they were filled, and their heart was exalted; therefore have they forgotten me.",
        "Wolaitta Sentences": "Daaneeli awaajoi parametti kiyidoogaa erido wode, ba soo biis; biidi bolla pooqiyan de7iya kifiliyaa geliis. He kifiliyaa maskkootee Yerusalaame baggi simmidi dooyetti uttidaashin, ba kase woossiyoogaadankka gulbbatidi, ba Xoossaa galatiiddi, hachchi hachchi heezzutoo woossiis."
    },
    {
        "English Sentences": "Therefore I will be unto them as a lion: as a leopard by the way will I observe them:",
        "Wolaitta Sentences": "Hegaappe guyyiyan, ha asati issippe biidi, Daaneeli ba Xoossaa woossishiininne maaduwaa oichchishin demmidosona."
    },
    {
        "English Sentences": "I will meet them as a bear that is bereaved of her whelps, and will rend the caul of their heart, and there will I devour them like a lion: the wild beast shall tear them.",
        "Wolaitta Sentences": "Demmidi kawuwaakko biidosona; biidi kawuwaa, \"Kawuwau, ha hasttamu gallassatu giddon nena woossanaappe attin, hara ai asakka woikko ai xoossakka woossiyaabi gaammotu ollan olettanaadan awaajjabeikkiiyye?\" yaagidi awaajuwaabaa haasayidosona. Kawoi zaaridi, \"Awaajjaas; awaajoi shaarettenna Meedoonatunne Parssetu higgiyaadan minnidaagaa\" yaagiis."
    },
    {
        "English Sentences": "O Israel, thou hast destroyed thyself; but in me is thine help.",
        "Wolaitta Sentences": "Yaagin eti, \"Kawuwau, yaatin hekko Yihudaappe omoodettidi, yiidaageetuppe issuwaa gidiya Daaneeli, neeyyookka neeni paramada kessido ne awaajuwaayyookka azazettenna. I ha77ikka hachchi hachchi heezzutoo ba Xoossaa woossees\" yaagidosona."
    },
    {
        "English Sentences": "I will be thy king: where is any other that may save thee in all thy cities? and thy judges of whom thou saidst, Give me a king and princes?",
        "Wolaitta Sentences": "Kawoi hegaa siyido wode keehi azzaniis; Daaneela ashshanau qofaa qachchidi, awai wullana gakkanaashin, ashshiyo ogiyaa ubbaa koyiis."
    },
    {
        "English Sentences": "I gave thee a king in mine anger, and took him away in my wrath.",
        "Wolaitta Sentences": "He wode asati issippe kawuwaakko biidi, \"Kawuwau, Meedoonatunne Parssetu higgiyaadan gidikko, kawoi awaajjido awaajoi woikko azazido azazoi laamettennaagaa neeyyo era\" yaagidosona."
    },
    {
        "English Sentences": "The iniquity of Ephraim is bound up; his sin is hid.",
        "Wolaitta Sentences": "Hegaa gishshau, kawoi azazin, Daaneela ehiidi, gaammotu ollan olidosona. Olishin kawoi Daaneela, \"Neeni ubbaton goinniyo Xoossai nena ashsho\" yaagiis."
    },
    {
        "English Sentences": "The sorrows of a travailing woman shall come upon him: he is an unwise son; for he should not stay long in the place of the breaking forth of children.",
        "Wolaitta Sentences": "Eti shuchchaa ehiidi, ollaa doonaa baridosona; ooninne Daaneela hegaappe kessennaadan, kawoi ba maatafaanne ba kawotettaa halaqatu maatafaa gorddido shuchchaa bolli wottiis."
    },
    {
        "English Sentences": "I will ransom them from the power of the grave; I will redeem them from death: O death, I will be thy plagues; O grave, I will be thy destruction: repentance shall be hid from mine eyes.",
        "Wolaitta Sentences": "Hegaappe guyyiyan, kawoi ba keettaa simmidi, quma meennaaninne pashkkissiyaabaa aibakka baakko shiishshennan, xiskkuwaara xayidi aqiis."
    },
    {
        "English Sentences": "Though he be fruitful among his brethren, an east wind shall come, the wind of the LORD shall come up from the wilderness, and his spring shall become dry, and his fountain shall be dried up: he shall spoil the treasure of all pleasant vessels.",
        "Wolaitta Sentences": "Maallado guuran kawoi denddidi, eesotiiddi gaammotu ollaakko biis."
    },
    {
        "English Sentences": "Samaria shall become desolate; for she hath rebelled against her God: they shall fall by the sword: their infants shall be dashed in pieces, and their women with child shall be ripped up.",
        "Wolaitta Sentences": "Ollaakko bi gakkidi hirggiiddi, \"De7o Xoossaa ashkkarau Daaneelaa, neeni ubbaton goinniyo ne Xoossai nena gaammotuppe ashshanau danddayidee?\" yaagidi xeesiis."
    },
    {
        "English Sentences": "O Israel, return unto the LORD thy God; for thou hast fallen by thine iniquity.",
        "Wolaitta Sentences": "Daaneeli zaaridi, \"Kawuwau, merinau de7a!"
    },
    {
        "English Sentences": "Take with you words, and turn to the LORD: say unto him, Take away all iniquity, and receive us graciously: so will we render the calves of our lips.",
        "Wolaitta Sentences": "Ta Xoossai bari kiitanchchaa kiittidi, gaammotu doonaa gorddiis; eti tana bochchibookkona. Aissi giikko, taani a sinttan xillo. Qassi kawuwau, taani ne sinttankka moorobaa oottabeikke\" yaagiis."
    },
    {
        "English Sentences": "Asshur shall not save us; we will not ride upon horses: neither will we say any more to the work of our hands, Ye are our gods: for in thee the fatherless findeth mercy.",
        "Wolaitta Sentences": "Yaagin kawoi keehippe ufaittiis; ufaittidi Daaneela ollaappe kessanaadan azaziis. Daaneeli ollaappe kiyiis; ba Xoossan i ammanettido gishshau, a bollan aiba deshettikka beettibeenna."
    },
    {
        "English Sentences": "I will heal their backsliding, I will love them freely: for mine anger is turned away from him.",
        "Wolaitta Sentences": "Hegaappe guyyiyan, Daaneela mootida asata ehaanaadan kawoi azaziis. Azazin eti oiqettidi, bantta maccaasaaranne bantta naatuura issippe yiidi, ubbaikka gaammuwaa ollan olettidosona. Eti ollaa duge gakkennan de7ishin, gaammoti sophi ekkidi, eta meqettaa mentteretti aggidosona."
    },
    {
        "English Sentences": "I will be as the dew unto Israel: he shall grow as the lily, and cast forth his roots as Lebanon.",
        "Wolaitta Sentences": "Hegaappe guyyiyan, Kawoi Daariyoosi asaa ubbaassi, kawotettatussi ubbaassinne dumma dumma qaalan haasayiya zaretussi ubbaassi hagaadan yaagidi xaafiis; \"Saro de7eetii!"
    },
    {
        "English Sentences": "His branches shall spread, and his beauty shall be as the olive tree, and his smell as Lebanon.",
        "Wolaitta Sentences": "\"Ta kawotettan de7iya asai ubbai Daaneela Xoossaassi yayyana malanne kokkorana mala, taani awaajuwaa kessaas. \"Aissi giikko, i de7o Xoossaa; qassi i merinau de7iyaagaa. A kawotettai mulekka xayenna; a kawotaa maataikka mule attenna."
    },
    {
        "English Sentences": "They that dwell under his shadow shall return; they shall revive as the corn, and grow as the vine: the scent thereof shall be as the wine of Lebanon.",
        "Wolaitta Sentences": "I ashsheesinne metuwaappe kessi ekkees. Saluwankka sa7ankka malaataanne oorattabaa oottees. Daaneela gaammotu doonaappe ashshidaagee a!\" yaagiis."
    },
    {
        "English Sentences": "Ephraim shall say, What have I to do any more with idols? I have heard him, and observed him: I am like a green fir tree. From me is thy fruit found.",
        "Wolaitta Sentences": "Hegaa gishshau, ha Daaneeli Daariyoosa kawotettaa wodenne Parssiyaa Qiiroosa kawotettaa wode ubban ishalidi de7iis."
    },
    {
        "English Sentences": "Who is wise, and he shall understand these things? prudent, and he shall know them? for the ways of the LORD are right, and the just shall walk in them: but the transgressors shall fall therein.",
        "Wolaitta Sentences": "Baabiloone Kawoi Belshshaaxaari kawotido koiro laitti, Daaneeli ba arssan zaqqullidi, aimuwaanne ajjuutaa be7iis. I ba aimuwan be7ido aife yohota xaafiis."
    }
]