[
    {
        "English Sentences": "There was a man in the land of Uz, whose name was Job; and that man was perfect and upright, and one that feared God, and eschewed evil.",
        "Wolaitta Sentences": "Ooziyaani, Yo7aataami, Akaazinne Hizqqiyaasi kaalli kaallidi Yihudan kawotido wode, qassi Yo7aasha na7ai Iyorbbaami Israa7eelan kawotido wode, Bi7eera na7aa Hoose7akko yiida GODAA qaalai hagaa."
    },
    {
        "English Sentences": "And there were born unto him seven sons and three daughters.",
        "Wolaitta Sentences": "GODAI koiro Hoose7a baggaara haasayido wode, Hoose7a, \"Ba; baada shaaramuxa maccaasiyo neeyyo ekka; ekkada shaaramuxeeppe naata yela. Aissi giikko, shaaramuxiya maccaasiyaa ba azinaappe shaahettiyoogaadan, ta asai taappe shaahettiis\" yaagiis."
    },
    {
        "English Sentences": "His substance also was seven thousand sheep, and three thousand camels, and five hundred yoke of oxen, and five hundred she asses, and a very great household; so that this man was the greatest of all the men of the east.",
        "Wolaitta Sentences": "Yaagin biidi, Dibilaima na7iyo Goomero ekkiis; ekkin shahaarada, attuma na7a au yelaasu."
    },
    {
        "English Sentences": "And his sons went and feasted in their houses, every one his day; and sent and called for their three sisters to eat and to drink with them.",
        "Wolaitta Sentences": "Yaatin, GODAI Hoose7a, \"Na7aa sunttaa Iziraa7eela yaagada suntta. Aissi giikko, Iziraa7eelan gukkida suuttaa autiyau taani Yeehu zareta qantta wodiyan achchana; Israa7eela kawotettaakka xaissana."
    },
    {
        "English Sentences": "And it was so, when the days of their feasting were gone about, that Job sent and sanctified them, and rose up early in the morning, and offered burnt offerings according to the number of them all: for Job said, It may be that my sons have sinned, and cursed God in their hearts. Thus did Job continually.",
        "Wolaitta Sentences": "He gallassi taani Iziraa7eela Wombban Israa7eela olanchchata mentterettana\" yaagiis."
    },
    {
        "English Sentences": "Now there was a day when the sons of God came to present themselves before the LORD, and Satan came also among them.",
        "Wolaitta Sentences": "Goomera naa77anttuwaa shahaarada, macca na7iyo yelaasu. Yaatin, GODAI Hoose7a, \"I sunttaa Loruhaamo yaagada suntta. Aissi giikko, hagaappe sinttanau taani Israa7eela asau qarettikke; etau mulekka atto giikke."
    },
    {
        "English Sentences": "And the LORD said unto Satan, Whence comest thou? Then Satan answered the LORD, and said, From going to and fro in the earth, and from walking up and down in it.",
        "Wolaitta Sentences": "SHin taani Yihudaa asaassi qarettana; taani GODAN, eta Xoossan, eta ashshanaappe attin, wonddafiyan woikko bisuwan woikko olan woikko paratun woikko paraasatun ashshikke\" yaagiis."
    },
    {
        "English Sentences": "And the LORD said unto Satan, Hast thou considered my servant Job, that there is none like him in the earth, a perfect and an upright man, one that feareth God, and escheweth evil?",
        "Wolaitta Sentences": "Goomera Loruhaamo xanttaa duuttidoogaappe guyyiyan, haranttuwaa shahaarada, attuma na7aa yelaasu."
    },
    {
        "English Sentences": "Then Satan answered the LORD, and said, Doth Job fear God for nought?",
        "Wolaitta Sentences": "Yaatin, GODAI Hoose7a, \"A sunttaa Lo7aama yaagada suntta. Aissi giikko, intte ta asa gidekketa; taanikka intte Xoossaa gidikke."
    },
    {
        "English Sentences": "Hast not thou made an hedge about him, and about his house, and about all that he hath on every side? thou hast blessed the work of his hands, and his substance is increased in the land.",
        "Wolaitta Sentences": "\"Israa7eela asai makkanaunne qoodanau danddayettenna abbaa shafe keena gidana. Etau, Intte ta asa gidekketa geetetti odettidosan, Intte de7o Xoossaa naata geetettana."
    },
    {
        "English Sentences": "But put forth thine hand now, and touch all that he hath, and he will curse thee to thy face.",
        "Wolaitta Sentences": "Yihudaa asainne Israa7eela asai issippe shiiqana; shiiqidi banttau issi halaqaa doorana; dooridi omoodo biittaappe simmananne ishalidi de7ana. Aissi giikko, Iziraa7eela gallassai gita gallassa gidana."
    },
    {
        "English Sentences": "And the LORD said unto Satan, Behold, all that he hath is in thy power; only upon himself put not forth thine hand. So Satan went forth from the presence of the LORD.",
        "Wolaitta Sentences": "\"Intte ishantta, GODAI inttena, \"Ta asa\" yaagees yaagite. Qassi intte michcheta, GODAI inttena, \"Taani intteyyo qarettais\" yaagees yaagite."
    },
    {
        "English Sentences": "And there was a day when his sons and his daughters were eating and drinking wine in their eldest brother's house:",
        "Wolaitta Sentences": "\"Intte aayyiyo zorite; o zorite. Aissi giikko, a ta machcho gidukku; taanikka i azina gidikke. A ba som77uwaa shaaramuxatto bessiyoogaa aggu; ba shaaramuxa oosuwaakka ba xanttatu gidduwaappe diggu."
    },
    {
        "English Sentences": "And there came a messenger unto Job, and said, The oxen were plowing, and the asses feeding beside them:",
        "Wolaitta Sentences": "Hegee xayikko, a yelettido gallassaadan, taani o xiire kallo ashshana. Qassi melida bazzo biittaadan o oottana; taani o saamuwan worana."
    },
    {
        "English Sentences": "And the Sabeans fell upon them, and took them away; yea, they have slain the servants with the edge of the sword; and I only am escaped alone to tell thee.",
        "Wolaitta Sentences": "Eti shaaramuxeeppe yelettida naata gidido gishshau, taani i naatussi qarettikke."
    },
    {
        "English Sentences": "While he was yet speaking, there came also another, and said, The fire of God is fallen from heaven, and hath burned up the sheep, and the servants, and consumed them; and I only am escaped alone to tell thee.",
        "Wolaitta Sentences": "Eta aayyiyaa shaaramuxaasu; eta ba uluwan tookkidaara kaushshabaa hanaasu. Waanada giikko, a, Taani ta kattaanne ta haattaa, ta suufiyaanne ta liinuwaa, ta zaitiyaanne ta ushshaa taassi immiya ta laggettota kaallada baana yaagaasu."
    },
    {
        "English Sentences": "While he was yet speaking, there came also another, and said, The Chaldeans made out three bands, and fell upon the camels, and have carried them away, yea, and slain the servants with the edge of the sword; and I only am escaped alone to tell thee.",
        "Wolaitta Sentences": "\"Hegaa gishshau, taani i ogiyaa agunttan gorddana; a ba loossuwaa demmenna mala, taani gimbbiyaa gimbbana."
    },
    {
        "English Sentences": "While he was yet speaking, there came also another, and said, Thy sons and thy daughters were eating and drinking wine in their eldest brother's house:",
        "Wolaitta Sentences": "A ba laggettotu geeduwaa woxxana, shin gakkukku; eta koyana, shin demmukku. Hegaappe guyyiyan a, Tau ha77i duussaappe beniigee kehiyo gishshau, simmada ta koiro azinaakko baana yaagana."
    },
    {
        "English Sentences": "And, behold, there came a great wind from the wilderness, and smote the four corners of the house, and it fell upon the young men, and they are dead; and I only am escaped alone to tell thee.",
        "Wolaitta Sentences": "\"Kattaa, woiniyaa eessaanne zaitiyaa iyyo immidaageenne eti Ba7aala giyo eeqau shiishshiyo biraanne worqqaa iyyo darissidaagee tana gidiyoogaa a erennan ixxaasu."
    },
    {
        "English Sentences": "Then Job arose, and rent his mantle, and shaved his head, and fell down upon the ground, and worshipped,",
        "Wolaitta Sentences": "Hegaa gishshau, ka77iyo wode ta kattaa, qassi teeriyo wode ta woiniyaa taani ippe zaarada ekkana. Hegaadankka, i kalluwaa maizzanau, suufiyaappenne liinuwaappe dadettida maayuwaakka ippe qaara ekkana."
    },
    {
        "English Sentences": "And said, Naked came I out of my mother's womb, and naked shall I return thither: the LORD gave, and the LORD hath taken away; blessed be the name of the LORD.",
        "Wolaitta Sentences": "Qassi i laggettotu sinttan taani i kalluwaa bessana; ta kushiyaappe ooninne o ashshenna."
    },
    {
        "English Sentences": "In all this Job sinned not, nor charged God foolishly.",
        "Wolaitta Sentences": "Taani i ufaissai ubbai, i gibirai, i aginai xeeriyo gallassati, i Sambbata gallassati, laittan laittan bonchchettiya i baalati ubbai attanaadan, oottana."
    },
    {
        "English Sentences": "Again there was a day when the sons of God came to present themselves before the LORD, and Satan came also among them to present himself before the LORD.",
        "Wolaitta Sentences": "Akka, Ta laggettoti taayyo immido kerai hagaa yaagido i woiniyaa turatanne balase geetettiya mittata taani xaissana; taani eta wora oottana; oottin bazzo do7ati eta maana."
    },
    {
        "English Sentences": "And the LORD said unto Satan, From whence comest thou? And Satan answered the LORD, and said, From going to and fro in the earth, and from walking up and down in it.",
        "Wolaitta Sentences": "A tana dogada, ba laggettota kaallaidda, gutuchchatuuninne alleeqotun bau alleeqettaidda, Ba7aala giyo eeqaayyo ixaanaa cuwayido baala gallassatu gishshau, taani o qaxxayana. Taani GODAI hagaa odaas."
    },
    {
        "English Sentences": "And the LORD said unto Satan, Hast thou considered my servant Job, that there is none like him in the earth, a perfect and an upright man, one that feareth God, and escheweth evil? and still he holdeth fast his integrity, although thou movedst me against him, to destroy him without cause.",
        "Wolaitta Sentences": "\"Hegaa gishshau, taani o labada bazzo ehaana; ehaada taani iyyo siiqo qaalan odana."
    },
    {
        "English Sentences": "And Satan answered the LORD, and said, Skin for skin, yea, all that a man hath will he give for his life.",
        "Wolaitta Sentences": "Yan taani i woiniyaa turaa sohuwaa iyyo zaarada immana; Metuwaa Wombbaakka a ufaissan naagiyoobai geliyo pengge oottana. Gibxxe biittaappe kiyido wodiyaadan, ba geela7otettaa laittaadan, a yan yexxana\" yaagees."
    },
    {
        "English Sentences": "But put forth thine hand now, and touch his bone and his flesh, and he will curse thee to thy face.",
        "Wolaitta Sentences": "Qassikka GODAI hagaadan yaagees; \"He gallassi a tana, Ta azinaa yaagada xeesanappe attin, hagaappe sinttanau, Ta Ba7aala yaagada xeesukku."
    },
    {
        "English Sentences": "And the LORD said unto Satan, Behold, he is in thine hand; but save his life.",
        "Wolaitta Sentences": "Aissi giikko, taani i doonaappe Ba7aalantta sunttaa diggana; hagaappe sinttanau taani o Ba7aala sunttaa xeesissikke."
    },
    {
        "English Sentences": "So went Satan forth from the presence of the LORD, and smote Job with sore boils from the sole of his foot unto his crown.",
        "Wolaitta Sentences": "He gallassi taani ta asaa gishshau sa7aa do7atuura, saluwaa kafotuuranne biittaara gooshettiya meretatuura maachchaa maacettana. Taani biittaappe wonddafiyaa, bisuwaanne olaa xaissana; yaatobare eti woppu giidi, saro de7ana."
    },
    {
        "English Sentences": "And he took him a potsherd to scrape himself withal; and he sat down among the ashes.",
        "Wolaitta Sentences": "\"Taani nena merinau taassi giigissana; giigissaidda xillotettaaninne suure pirddan, aggenna siiquwaaninne maarotan taassi giigissana;"
    },
    {
        "English Sentences": "Then said his wife unto him, Dost thou still retain thine integrity? curse God, and die.",
        "Wolaitta Sentences": "taani ammanettada nena taassi giigissana. Neenikka GODAA erana\" yaagees."
    },
    {
        "English Sentences": "But he said unto her, Thou speakest as one of the foolish women speaketh. What? shall we receive good at the hand of God, and shall we not receive evil? In all this did not Job sin with his lips.",
        "Wolaitta Sentences": "Qassikka GODAI, \"He gallassi taani zaaruwaa immana; taani salotussi zaaruwaa immin, eti sa7aassi zaaruwaa immana."
    },
    {
        "English Sentences": "Now when Job's three friends heard of all this evil that was come upon him, they came every one from his own place; Eliphaz the Temanite, and Bildad the Shuhite, and Zophar the Naamathite: for they had made an appointment together to come to mourn with him and to comfort him.",
        "Wolaitta Sentences": "Sa7aikka kattau, woine eessaunne zaitiyau zaaruwaa immana; immin eti Iziraa7eelau zaaruwaa immana."
    },
    {
        "English Sentences": "And when they lifted up their eyes afar off, and knew him not, they lifted up their voice, and wept; and they rent every one his mantle, and sprinkled dust upon their heads toward heaven.",
        "Wolaitta Sentences": "Taani o biittan taassi zerana. Kase taani qarettabeennaarissi ha77i qarettana. Qassi ta asa gidennaageeta, Ta asa gaana; etikka tana, Neeni nu Xoossaa yaagana\" yaagees."
    },
    {
        "English Sentences": "So they sat down with him upon the ground seven days and seven nights, and none spake a word unto him: for they saw that his grief was very great.",
        "Wolaitta Sentences": "GODAI tana, \"Israa7eela asai hara xoossatukko simmidi, woiniyaa teeraa melaa lichchakkuwaa siiqishinkka GODAI eta siiqiyoogaadan, ba; baada laggettuwaa siiqada, shaaramuxaidda de7iya beni ne machchiyo neenikka zaarettada siiqa\" yaagiis."
    },
    {
        "English Sentences": "After this opened Job his mouth, and cursed his day.",
        "Wolaitta Sentences": "Yaagin taani o tammanne ichchashu xaqara biraaninne xeetanne ishatamu kilo giraame deexxiya gisttiyan shammaas."
    },
    {
        "English Sentences": "And Job spake, and said,",
        "Wolaitta Sentences": "SHammada o, \"Neeni shaaramuxennaaninne hara asaara de7ennan tanaara daro wodiyaa de7anau koshshees. Taanikka nenaara de7ana\" yaagaas."
    },
    {
        "English Sentences": "Let the day perish wherein I was born, and the night in which it was said, There is a man child conceived.",
        "Wolaitta Sentences": "Hegaadankka, Israa7eela asai kawoi woikko halaqai bainnan, yarshshoi woikko eeqa tuussi bainnaaninne eefuudiyaa giyo maayoi woikko so giddo eeqaa misilee bainnan daro wodiyaa de7ana."
    },
    {
        "English Sentences": "Let that day be darkness; let not God regard it from above, neither let the light shine upon it.",
        "Wolaitta Sentences": "Hegaappe guyyiyan, Israa7eela asai simmidi, GODAA bantta Xoossaanne Daawita bantta kawuwaa koyana; koyidi wurssetta gallassatun eti kokkoriiddi, GODAAKKONNE a anjjuwaakko yaana."
    },
    {
        "English Sentences": "Let darkness and the shadow of death stain it; let a cloud dwell upon it; let the blackness of the day terrify it.",
        "Wolaitta Sentences": "Inttenoo, Israa7eela asatoo, GODAA qaalaa siyite! Aissi giikko, ha biittan de7iya asaa ubbaa GODAI mootiyoobai de7ees. Hegeekka, ha biittan ammanoi, siiqoinne Xoossaa eriyoogee baawa."
    },
    {
        "English Sentences": "As for that night, let darkness seize upon it; let it not be joined unto the days of the year, let it not come into the number of the months.",
        "Wolaitta Sentences": "Ha biittan de7iyaabai qanggetta, worddo, asa woro, wuussanne shaaramuxa xalaala. Eti maachcha ubbaa kanttidosona; asaa woroi woruwaa kaallees."
    },
    {
        "English Sentences": "Lo, let that night be solitary, let no joyful voice come therein.",
        "Wolaitta Sentences": "Hegaa gaasuwan biittai melana; biittan de7iya ubbai daafurana. Sa7aa do7atikka, saluwaa kafotikka, harai attin, abbaa moletikka haiqqana."
    },
    {
        "English Sentences": "Let them curse it that curse the day, who are ready to raise up their mourning.",
        "Wolaitta Sentences": "GODAI hagaadan yaagees; \"Inttenoo, qeesetoo, taani inttena mootiyoobai de7ees. Hegaa gishshau, ooninne hara asaara palamettoppo; qassi ooninne hara asa mootoppo."
    },
    {
        "English Sentences": "Let the stars of the twilight thereof be dark; let it look for light, but have none; neither let it see the dawning of the day:",
        "Wolaitta Sentences": "Intte gallassi xubettana; hananabaa yootiyaageetikka inttenaara qammi xubettana. Hegaa gishshau, taani intte aayyiyo xaissana."
    },
    {
        "English Sentences": "Because it shut not up the doors of my mother's womb, nor hid sorrow from mine eyes.",
        "Wolaitta Sentences": "Ta asai eratettai xayin bayiis. Intte eratettaa ixxido gishshau, taanikka intte tau qeese gidanaagaa ixxais. Intte Xoossaa higgiyaa intte dogido gishshau, taanikka intte naata dogana."
    },
    {
        "English Sentences": "Why died I not from the womb? why did I not give up the ghost when I came out of the belly?",
        "Wolaitta Sentences": "\"Qeeseti dari dari biido keenaa, tana darissi naaqqidosona; taanikka eta bonchchuwaa yeellau laammana."
    },
    {
        "English Sentences": "Why did the knees prevent me? or why the breasts that I should suck?",
        "Wolaitta Sentences": "Ta asaa nagarai etau quma gidiis; hegaa gishshau, eti ta asaa moorobaa ootissanau jaamoosona."
    },
    {
        "English Sentences": "For now should I have lain still and been quiet, I should have slept: then had I been at rest,",
        "Wolaitta Sentences": "Qeesetikka asai haniyoogaadan hanana. Taani eta hanotaa gishshau, eta qaxxayana; qassi eta oosuwaadan, etau zaarana."
    },
    {
        "English Sentences": "With kings and counsellors of the earth, which built desolate places for themselves;",
        "Wolaitta Sentences": "Eti GODAA aggido gishshau, maana, shin kallokkona; shaaramuxana, shin naata corayokkona."
    },
    {
        "English Sentences": "Or with princes that had gold, who filled their houses with silver:",
        "Wolaitta Sentences": "\"SHaaramuxatettai, gam77ida woine eessainne yelaga woine eessai ta asaa wozanaa bashshees."
    },
    {
        "English Sentences": "Or as an hidden untimely birth I had not been; as infants which never saw light.",
        "Wolaitta Sentences": "Ta asai mittaappe oosettida eeqa misiliyaa zoriyaa oichchees; eta gatimai eta oishaa zaarees. SHaaramuxa ayyaanai eta balettiis; eti bantta Xoossaappe shaahettidi shaaramuxidosona."
    },
    {
        "English Sentences": "There the wicked cease from troubling; and there the weary be at rest.",
        "Wolaitta Sentences": "Deretu huuphiyan yarshshuwaa yarshshoosona; keratu bollankka kuwai lo77o gidiyo adussanne daashsha mittatu garssankka ixaanaa cuwayoosona. \"Hegaa gishshau, intte macca naati shaaramuxa kiyoosona; intte naatu maccaasatikka shaaramuxoosona."
    },
    {
        "English Sentences": "There the prisoners rest together; they hear not the voice of the oppressor.",
        "Wolaitta Sentences": "Intte macca naati shaaramuxiyo wodenne intte naatu maccaasati shaaramuxiyo wode, taani qaxxayikke; aissi giikko, attuma asati bantta huuphiyan shaaramuxiyaageetuura zuppetoosona; shaaramuxiyaageetuura yarshshuwaa yarshshoosona. Hegaa gishshau, akeekai bainna asai aadhdhi wodhdhana."
    },
    {
        "English Sentences": "The small and great are there; and the servant is free from his master.",
        "Wolaitta Sentences": "\"Israa7eela asatoo, intte shaaramuxa kiyikkokka, Yihudaa asai intteegaadan, mooranchcha gidoppo. Gelggala booppite; Beeti-Aweenikka pude kiyoppite; GODAI ero! yaagidi caaqqoppite."
    },
    {
        "English Sentences": "Wherefore is light given to him that is in misery, and life unto the bitter in soul;",
        "Wolaitta Sentences": "Israa7eela asai makkalanchcha usseedan makkaliis. Yaatin, GODAI eta aaho dembban dorssa maratudan waatidi heemmanee?"
    },
    {
        "English Sentences": "Which long for death, but it cometh not; and dig for it more than for hid treasures;",
        "Wolaitta Sentences": "Efireema asai eeqatun gaittiis; eta aggiigite."
    },
    {
        "English Sentences": "Which rejoice exceedingly, and are glad, when they can find the grave?",
        "Wolaitta Sentences": "Eti daro woiniyaa uyi simmidi, shaaramuxiyoogaa aggokkona; eta haariyaageetikka yeellayiyaabaa keehippe dosoosona."
    },
    {
        "English Sentences": "Why is light given to a man whose way is hid, and whom God hath hedged in?",
        "Wolaitta Sentences": "Carkkoi eta efaana; bantta eeqau yarshshido yarshshotu gaasuwan eti yeellatana."
    },
    {
        "English Sentences": "For my sighing cometh before I eat, and my roarings are poured out like the waters.",
        "Wolaitta Sentences": "\"Inttenoo, qeesetoo, hagaa siyite! Inttenoo, Israa7eela asatoo, ezggite! Kawuwaa keettaa asatoo, akeekite! Ha pirddai intte bolli pirddettiis. Intte Mixiphphan piredan hanideta; Taaboora Deriyaa bollikka miccido gitedan hanideta."
    },
    {
        "English Sentences": "For the thing which I greatly feared is come upon me, and that which I was afraid of is come unto me.",
        "Wolaitta Sentences": "Makkalanchchati woriya diizzadan hanidosona; hegaa gishshau, taani eta ubbaa qaxxayana."
    },
    {
        "English Sentences": "I was not in safety, neither had I rest, neither was I quiet; yet trouble came.",
        "Wolaitta Sentences": "Efireemabaa taani erais; Israa7eelikka taappe geemmibeenna. Efireemaa, neeni ha77i shaaramuxa kiyadasa; Israa7eelikka tuniis\" yaagees."
    },
    {
        "English Sentences": "Then Eliphaz the Temanite answered and said,",
        "Wolaitta Sentences": "Israa7eela asai bantta Xoossaakko simmennaadan, eta iita oosoi eta teqqiis; shaaramuxa ayyaanai eta giddon de7ees. Hegaa gishshau, eti GODAA erokkona."
    },
    {
        "English Sentences": "If we assay to commune with thee, wilt thou be grieved? but who can withhold himself from speaking?",
        "Wolaitta Sentences": "Israa7eela asaa otoroi eta bollan markkattees; hegaa gishshau, Israa7eela asainne Efireema asai bantta nagaran xubettoosona; Yihudaa asaikka etaara xubettees."
    },
    {
        "English Sentences": "Behold, thou hast instructed many, and thou hast strengthened the weak hands.",
        "Wolaitta Sentences": "Eti GODAASSI yarshshanau bantta dorssatu wudiyaanne mehiyaa wudiyaa laaggi ekkidi baana; shin eti a demmokkona. Aissi giikko, i etappe shaahettiichchiis."
    },
    {
        "English Sentences": "Thy words have upholden him that was falling, and thou hast strengthened the feeble knees.",
        "Wolaitta Sentences": "Eti GODAAYYO ammanettibookkona; eti yelido naatikka assa gidokkona. Hegaa gishshau, ha aginai xeeranaashin, etikka eta biittaikka xayana."
    },
    {
        "English Sentences": "But now it is come upon thee, and thou faintest; it toucheth thee, and thou art troubled.",
        "Wolaitta Sentences": "Gib77a kataman malkkataa, Raama kataman xurumbbaa punnite. \"Biniyaama asau, nuuni intte guyyiyan de7oos; hegaa erite!\" yaagidi, Beeti-Aweenan waasuwaa xulluusite."
    },
    {
        "English Sentences": "Is not this thy fear, thy confidence, thy hope, and the uprightness of thy ways?",
        "Wolaitta Sentences": "Qaxxayettiyo gallassi Efireemi baisa attana; Israa7eela zaretu giddon tumu hananabaa taani yootais."
    },
    {
        "English Sentences": "Remember, I pray thee, who ever perished, being innocent? or where were the righteous cut off?",
        "Wolaitta Sentences": "GODAI hagaadan yaagees; \"Yihudaa halaqati zawaa sugiyaageetu mala gididosona; taani ta hanqquwaa eta bollan haattaadan gussana."
    },
    {
        "English Sentences": "Even as I have seen, they that plow iniquity, and sow wickedness, reap the same.",
        "Wolaitta Sentences": "Efireema asai maaddanau danddayenna kawotettatuppe maaduwaa oichchanau qachchido gishshau, naaqettiisinne pirddan qohettiis."
    },
    {
        "English Sentences": "By the blast of God they perish, and by the breath of his nostrils are they consumed.",
        "Wolaitta Sentences": "Hegaa gishshau, taani Efireema asaayyo bil77a mala, Yihudaa asaayyookka quno mala."
    },
    {
        "English Sentences": "The roaring of the lion, and the voice of the fierce lion, and the teeth of the young lions, are broken.",
        "Wolaitta Sentences": "\"Efireemi ba harggiyaa, Yihudaikka ba masunttaa be7ido wode, Efireemi Asoore biitti biis; biidi he biittaa haariya gita kawuwaa maaduwaa oichchiis. SHin i eta harggiyaa xallanau woikko eta masunttaa pattanau danddayibeenna."
    },
    {
        "English Sentences": "The old lion perisheth for lack of prey, and the stout lion's whelps are scattered abroad.",
        "Wolaitta Sentences": "Hegaa gishshau, taani Efireemayyo gaammodan hanana; Yihudaayyookka wodala gaammodan hanana. Taani eta mentterettada, tookka ekkada baana; ooninne eta taappe wotti ekkenna."
    },
    {
        "English Sentences": "Now a thing was secretly brought to me, and mine ear received a little thereof.",
        "Wolaitta Sentences": "Eti bantta mooruwaa akeekana gakkanaashiininne tana koyana gakkanaashin, taani guyye ta sohuwaa simmashshana. Eti bantta tuggau tana minttidi koyana\" yaagees."
    },
    {
        "English Sentences": "In thoughts from the visions of the night, when deep sleep falleth on men,",
        "Wolaitta Sentences": "Israa7eela asai hagaadan yaagees; \"Haayite! Ane GODAAKKO simmoos. I nuna mentterettiis, shin i nuna pattana; i nuna masunxxissiis, shin i nu masunttaa qachchana."
    },
    {
        "English Sentences": "Fear came upon me, and trembling, which made all my bones to shake.",
        "Wolaitta Sentences": "Naa77u gallassaappe guyyiyan, i nuna pattana; heezzantto gallassi nuuni a sinttan de7ana mala, i nuna denttana."
    },
    {
        "English Sentences": "Then a spirit passed before my face; the hair of my flesh stood up:",
        "Wolaitta Sentences": "GODAA ane eroos; a erana mala, minttidi ane a kaalloos. Awai mokkiyoogee tuma gidiyoogaadan, ikka tumu beettana. Badhdheesa iraadan, biittaa aliya balggo iraadan, i nuukko yaana\" yaagees."
    },
    {
        "English Sentences": "It stood still, but I could not discern the form thereof: an image was before mine eyes, there was silence, and I heard a voice, saying,",
        "Wolaitta Sentences": "GODAI hagaadan yaagees; \"Efireema asau, taani inttena waatooshsha! Yihudaa asau, taani inttena waatooshsha! Aissi giikko, intte siiqoi maallado shaaraa mala; sohuwaara xayiya guuraa xaazaa mala."
    },
    {
        "English Sentences": "Shall mortal man be more just than God? shall a man be more pure than his maker?",
        "Wolaitta Sentences": "Hegaa gishshau, taani hananabaa yootiyaageetu baggara inttena qanxxerettaas; ta doonaappe kiyida qaalan taani inttena woraas. Ta pirddaikka intte bolli poo7uwaadan pozhzhu gaana."
    },
    {
        "English Sentences": "Behold, he put no trust in his servants; and his angels he charged with folly:",
        "Wolaitta Sentences": "Aissi giikko, taani aggenna siiquwaa koyaisippe attin, yarshshuwaa koyikke; Xoossaa eriyoogaa koyaisippe attin, xuuggiyo yarshshuwaa koyikke."
    },
    {
        "English Sentences": "How much less in them that dwell in houses of clay, whose foundation is in the dust, which are crushed before the moth?",
        "Wolaitta Sentences": "\"SHin eti Addaamedan, maachchaa kanttidosona; kanttidi yan taassi ammanettennan ixxidosona."
    },
    {
        "English Sentences": "They are destroyed from morning to evening: they perish for ever without any regarding it.",
        "Wolaitta Sentences": "Gala7aade katamai iita oosuwaa oottiya asati de7iyo katama; he katamai asaa suuttan mooretti uttiis."
    },
    {
        "English Sentences": "Doth not their excellency which is in them go away? they die, even without wisdom.",
        "Wolaitta Sentences": "Panggati asa woranau qosetti uttidi naagiyoogaadan, qeesetu citaikka hegaadan naagees; naagidi Sekeema katamaa efiya ogiyan asaa worees. Ee, eti yeellayiya kobabaa oottoosona."
    },
    {
        "English Sentences": "Call now, if there be any that will answer thee; and to which of the saints wilt thou turn?",
        "Wolaitta Sentences": "Taani Israa7eela asan daganttiyaabaa be7aas. Efireema giddon shaaramuxatettai de7ees; Israa7eelikka tuniis."
    },
    {
        "English Sentences": "For wrath killeth the foolish man, and envy slayeth the silly one.",
        "Wolaitta Sentences": "\"Yihudaa biittaa asatoo, inttenakka qaxxayana gallassaa taani keera wottaas."
    },
    {
        "English Sentences": "I have seen the foolish taking root: but suddenly I cursed his habitation.",
        "Wolaitta Sentences": "\"Taani Israa7eela pattanaunne zaarettada ishalissanau koyiyo wode, Efireema nagarainne Samaariyaa asaa iita oosoi qoncci beettees. Aissi giikko, eti worddotoosona; kaisoti son keettaa mentti gelidi wuuqqoosona; panggatikka karen bonqqoosona."
    },
    {
        "English Sentences": "His children are far from safety, and they are crushed in the gate, neither is there any to deliver them.",
        "Wolaitta Sentences": "SHin taani eta iita oosuwaa ubbaa hassayiyoogaa eti akeekokkona. Eta iita oosoti eta dooddi wottidosona; he iita oosoti ubba wodekka ta sinttan de7oosona."
    },
    {
        "English Sentences": "Whose harvest the hungry eateth up, and taketh it even out of the thorns, and the robber swalloweth up their substance.",
        "Wolaitta Sentences": "\"Eti kawuwaa bantta iitatettan, halaqatakka bantta wordduwan ufaissoosona."
    },
    {
        "English Sentences": "Although affliction cometh not forth of the dust, neither doth trouble spring out of the ground;",
        "Wolaitta Sentences": "Eti ubbaikka makkalanchcha; daabbuwaa uukkiyaagee coociyan eettido tamaadan, eti hanqquwan eexxi kiyoosona. He uukkiyaagee munaqqiyoogaa polidi, munaqai denddana gakkanaashin, tamaa eettenna."
    },
    {
        "English Sentences": "Yet man is born unto trouble, as the sparks fly upward.",
        "Wolaitta Sentences": "Nu kawuwaa baalaa bonchchiyo gallassi, makkalanchchati halaqata woine eessan mattoyidi harggissidosona; uukkiyaagee ba kushiyaa denttidi, qilliicciyaageetussi malaatees."
    },
    {
        "English Sentences": "I would seek unto God, and unto God would I commit my cause:",
        "Wolaitta Sentences": "Eta wozanai tama cooce mala; eti shiiqidi maqettidosona. Uukkiyaagee qamma ubbaa xiskkiiddi aqees; sa7ai wonttiyo wode tama lacodan, a hanqqoi eexxi kiyees."
    },
    {
        "English Sentences": "Which doeth great things and unsearchable; marvellous things without number:",
        "Wolaitta Sentences": "Eti ubbaikka tama coocedan michchoosona; michchidi banttana haariyaageeta moosona. Eta kawoti ubbaikka kunddidosona; etappe ooninne tana xeesiyaabi baawa."
    },
    {
        "English Sentences": "Who giveth rain upon the earth, and sendeth waters upon the fields:",
        "Wolaitta Sentences": "\"Efireema asai hara kawotettatu asaara walahettiis; Efireema asai aatti yeggibeenna oittaa mala gidiis."
    },
    {
        "English Sentences": "To set up on high those that be low; that those which mourn may be exalted to safety.",
        "Wolaitta Sentences": "Allagati a wolqqaa miidosona, shin i hegaa eribeenna; a huupheekka puulummiis, shin i hegaa eribeenna."
    },
    {
        "English Sentences": "He disappointeth the devices of the crafty, so that their hands cannot perform their enterprise.",
        "Wolaitta Sentences": "Israa7eela asaa otoroi eta bollan markkattees. Hegee ubbai haninkka eti GODAAKKO, bantta Xoossaakko, simmibookkona woikko a koyibookkona."
    },
    {
        "English Sentences": "He taketh the wise in their own craftiness: and the counsel of the froward is carried headlong.",
        "Wolaitta Sentences": "\"Efireema asai qofi bainna eeyya haraphphe mala. Maaduwaa demmanau issiton Gibxxe xeesees; issiton qassi Asoorekko simmees."
    },
    {
        "English Sentences": "They meet with darkness in the day time, and grope in the noonday as in the night.",
        "Wolaitta Sentences": "Eti biyo wode, taani eta bollan gitiyaa yeggana; taani eta saluwaa kafotudan, duge goochchada wottana. Eta iita oosuwaa gishshau, taani eta qaxxayana."
    },
    {
        "English Sentences": "But he saveth the poor from the sword, from their mouth, and from the hand of the mighty.",
        "Wolaitta Sentences": "\"Etau aayye7ana! Aissi giikko, eti taappe wora simmidosona. Eta bashshiyaabai yo! Aissi giikko, eti ta bolli makkalidosona. Taani eta wozanau koyaas; shin eti ta bolli wordduwaa haasayoosona."
    },
    {
        "English Sentences": "So the poor hath hope, and iniquity stoppeth her mouth.",
        "Wolaitta Sentences": "Bantta hiixan zin77idi zilaaloosonappe attin, bantta wozanaappe tana woossokkona. Kattaassinne woine eessaassi bantta bollaa mashshan qanxxiiddi, hara xoossata woossoosona; shin eti ta bolli makkalidosona."
    },
    {
        "English Sentences": "Behold, happy is the man whom God correcteth: therefore despise not thou the chastening of the Almighty:",
        "Wolaitta Sentences": "\"Taani eta loohissaasinne minttaas; yaatinkka tau iitabaa maqettoosona."
    },
    {
        "English Sentences": "For he maketh sore, and bindeth up: he woundeth, and his hands make whole.",
        "Wolaitta Sentences": "Eti simmoosona, shin taakko simmokkona. Eti wora xonggiya wonddafiyaa mala. Eta halaqati iitabaa haasayiyoogaa daafan, bisuwan wurana; hegan eti Gibxxe asan qilliiccettana."
    },
    {
        "English Sentences": "He shall deliver thee in six troubles: yea, in seven there shall no evil touch thee.",
        "Wolaitta Sentences": "\"Malkkataa punna! Aissi giikko, eti ta maachchaa kanttidi, ta higgiyaa menttido gishshau, GODAA asaa bolli morkkee argganttaadan aallanttees."
    },
    {
        "English Sentences": "In famine he shall redeem thee from death: and in war from the power of the sword.",
        "Wolaitta Sentences": "Eti, Abeet nu Xoossau, nuuni Israa7eela asai nena eroos yaagidi taayyo waassoosona."
    },
    {
        "English Sentences": "Thou shalt be hid from the scourge of the tongue: neither shalt thou be afraid of destruction when it cometh.",
        "Wolaitta Sentences": "SHin Israa7eela asai lo77obaa ixxido gishshau, morkkee eta yedettana."
    },
    {
        "English Sentences": "At destruction and famine thou shalt laugh: neither shalt thou be afraid of the beasts of the earth.",
        "Wolaitta Sentences": "\"Eti tana oichchennan banttau kawota kawoyidosona; taani yootennan de7ishin, halaqata dooridosona. Bantta xayuwau gaaso gidiya eeqa misileta bantta biraappenne worqqaappe medhdhidosona."
    },
    {
        "English Sentences": "For thou shalt be in league with the stones of the field: and the beasts of the field shall be at peace with thee.",
        "Wolaitta Sentences": "Samaariyaa asau, mara milatissidi intte medhdhido eeqaa taani ixxaas; ta hanqqoi intte bolli eexxi kiyiis. Eti geeshsha gidennan aude gakkanaasshin daanee?"
    },
    {
        "English Sentences": "And thou shalt know that thy tabernacle shall be in peace; and thou shalt visit thy habitation, and shalt not sin.",
        "Wolaitta Sentences": "Kushe hiillai a medhdhiisippe attin, i Xoossaa gidenna. Samaariyaa eeqa misilee meqerettana."
    },
    {
        "English Sentences": "Thou shalt know also that thy seed shall be great, and thine offspring as the grass of the earth.",
        "Wolaitta Sentences": "\"Eti carkkuwaa zeroosona; zeridi gotiyaa cakkoosona. Equwan de7iya eta kattau aifee baawa; hegaa gishshau, xiillee baawa; xiillee de7iyaakkokka allagati maana."
    },
    {
        "English Sentences": "Thou shalt come to thy grave in a full age, like as a shock of corn cometh in in his season.",
        "Wolaitta Sentences": "Israa7eela asai mitettiis; ha77i eti allaga asatu giddon de7oosona; eti meqqida miishshadan, pattenna asa gididosona."
    },
    {
        "English Sentences": "Lo this, we have searched it, so it is; hear it, and know thou it for thy good.",
        "Wolaitta Sentences": "Eti baddo harddiidai barkka yuuyiyoogaadan yuuyiiddi, Asoore biitti biidosona; Efireema asai bana maaddiya asa miishshan shammiis."
    },
    {
        "English Sentences": "But Job answered and said,",
        "Wolaitta Sentences": "SHammikkokka, taani eta shiishshana. Kare biittaa kawotinne halaqati eta huqqunnobare, eti sohuwaara hitana."
    },
    {
        "English Sentences": "Oh that my grief were throughly weighed, and my calamity laid in the balances together!",
        "Wolaitta Sentences": "\"Efireema asai nagaraa yarshshuwaa yarshshiyo daro sohota keexxiis; shin he yarshsho sohoti nagaraa oottiyo soho gididosona."
    },
    {
        "English Sentences": "For now it would be heavier than the sand of the sea: therefore my words are swallowed up.",
        "Wolaitta Sentences": "Taani etau ta higgiyan darobaa xaafaas; shin eti he higgiyaa allagabaadan xeellidosona."
    },
    {
        "English Sentences": "For the arrows of the Almighty are within me, the poison whereof drinketh up my spirit: the terrors of God do set themselves in array against me.",
        "Wolaitta Sentences": "Eti yarshshanau dosoosona; yarshshuwaa ashuwaakka moosona; shin GODAI etan ufaittibeenna. I ha77i eta mooruwaa hassayana; qassi eta nagaraa gishshaukka eta qaxxayana; eti Gibxxe biitti baana."
    },
    {
        "English Sentences": "Doth the wild ass bray when he hath grass? or loweth the ox over his fodder?",
        "Wolaitta Sentences": "Israa7eela asai bana Medhdhidaagaa dogidi, kawo keettata keexxiis; Yihudaa asaikka gimbbettida daro katamata keexxiis. SHin taani he katamatun tamaa yeddana; yeddin eta qatota maana\" yaagees."
    },
    {
        "English Sentences": "Can that which is unsavoury be eaten without salt? or is there any taste in the white of an egg?",
        "Wolaitta Sentences": "Israa7eela asatoo, ufaittoppite! Hara kawotettatudan, poocu gooppite! Aissi giikko, intte intte Xoossaappe shaahettidi, shaaramuxideta; kattaa qoxxiyo aude ubban shaaramuxeessi immiyo waagaa dosideta."
    },
    {
        "English Sentences": "The things that my soul refused to touch are as my sorrowful meat.",
        "Wolaitta Sentences": "Hegaa daafan intte audiyaappe katta, woiniyaa gum77iyoosaappekka eessa demmekketa; qassi woiniyaa turaikka etau aifenna."
    },
    {
        "English Sentences": "Oh that I might have my request; and that God would grant me the thing that I long for!",
        "Wolaitta Sentences": "Eti GODAA biittankka gam77okkona. SHin Efireemi Gibxxe biitti simmana; qassi Asoore biittan tuna qumaa maana."
    },
    {
        "English Sentences": "Even that it would please God to destroy me; that he would let loose his hand, and cut me off!",
        "Wolaitta Sentences": "Eti GODAASSI woiniyaa eessaa yarshshuwaa gussokkona; eta yarshshoikka a ufaissenna. He yarshshoi etau shochcha mala gidana; hegaa miya ubbai tunana. He oittai eti maanaassappe attin, GODAA Beeta Maqidasiyaa gelenna."
    },
    {
        "English Sentences": "Then should I yet have comfort; yea, I would harden myself in sorrow: let him not spare; for I have not concealed the words of the Holy One.",
        "Wolaitta Sentences": "Keerido baala gallassinne GODAA bonchchiyo baala gallassi, intte ai oottuuteetii?"
    },
    {
        "English Sentences": "What is my strength, that I should hope? and what is mine end, that I should prolong my life?",
        "Wolaitta Sentences": "Eti bashshaappe kessi ekkikkokka, Gibxxee eta shiishshana; shiishshin Memppisa giyo katamai eta moogana. Eti shiishshido bira miishsha ubbai dooyee maayin attana; eta dunkkaaniyaa giddonkka buloi buuzoi mokkana."
    },
    {
        "English Sentences": "Is my strength the strength of stones? or is my flesh of brass?",
        "Wolaitta Sentences": "Qixaatiyaa gallassai yiis; Xoossai asaayyo a oosuwaadan oosuwaadan zaariyo wodee gakkiis. Israa7eela asai hegaa ero! Intte iita nagaraa gishshaunne intte diina morkketettaa gishshau intte, \"Hananabaa yootiyaageeti eeyya; ajjuutaa be7iyaageetikka gooyiyaageeta\" yaagideta."
    },
    {
        "English Sentences": "Is not my help in me? and is wisdom driven quite from me?",
        "Wolaitta Sentences": "Hananabaa yootiyaagee ta Xoossaara issippe gididi, Efireema naagiyaagaa. SHin hemettiyo oge ubban Efireemayyo kafo oiqqiyoogaadan, piree wodhdhi uttiis; a Xoossaa keettankka morkketettai de7ees."
    },
    {
        "English Sentences": "To him that is afflicted pity should be shewed from his friend; but he forsaketh the fear of the Almighty.",
        "Wolaitta Sentences": "Beni Gib77a kataman hanidoogaadan, eti keehi tunidosona. Xoossai eta mooruwaa hassayana; hassayidi eta nagaraa qaxxayana."
    },
    {
        "English Sentences": "My brethren have dealt deceitfully as a brook, and as the stream of brooks they pass away;",
        "Wolaitta Sentences": "GODAI hagaadan yaagees; \"Taani Israa7eela asaa bazzon woine teeraa demmiyoogaadan demmaas. Taani intte aawata balasiyaa giyo mittan de7iya koiro aifiyaa be7iyoogaadan be7aas. SHin eti Ba7aali-Pa7oora giyoosaa yiidi, Ba7aala giyo eeqaassi goinnidosona; yaatidi bantta dosido eeqaadankka tunidosona."
    },
    {
        "English Sentences": "Which are blackish by reason of the ice, and wherein the snow is hid:",
        "Wolaitta Sentences": "Efireema bonchchoi kafodan paalli xayana; hagaappe sinttanau yeliyoobi baawa; abbe ixettiyoobi baawa; shahaariyoobi baawa."
    },
    {
        "English Sentences": "What time they wax warm, they vanish: when it is hot, they are consumed out of their place.",
        "Wolaitta Sentences": "Eti naata yelidi dichchikkokka, issoinne attennan worarggada, eta yeloi bainna asa kessana. Taani etappe haakkido wode, etau aayye7ana."
    },
    {
        "English Sentences": "The paths of their way are turned aside; they go to nothing, and perish.",
        "Wolaitta Sentences": "Efireema asai omooduwau imettishin be7aas; Efireema asai bantta naata goora7iyaageetussi kessidi immanau koshshees\" yaagees."
    },
    {
        "English Sentences": "The troops of Tema looked, the companies of Sheba waited for them.",
        "Wolaitta Sentences": "Abeet GODAU, etau imma! Neeni etau ai immuutee? Neeni etau boshettiya uluwaanne melida xanttaa imma."
    },
    {
        "English Sentences": "They were confounded because they had hoped; they came thither, and were ashamed.",
        "Wolaitta Sentences": "GODAI hagaadan yaagees; \"Eta iitatetta ubbai Gelggala giyoosaana; taani eta ixxiyoogaa yan doommaas. Eta oosuwaa iitatettaa gishshau, taani eta ta keettaappe gooddana; hagaappe sinttanau taani eta siiqikke; eta haariyaageetikka makkalanchcha."
    },
    {
        "English Sentences": "For now ye are nothing; ye see my casting down, and are afraid.",
        "Wolaitta Sentences": "Efireema asai deshettin, eta xaphoi meliis; aifiyaakka aifokkona. Eti naata yelikkokka, taani eti siiqiyo naata worana\" yaagees."
    },
    {
        "English Sentences": "Did I say, Bring unto me? or, Give a reward for me of your substance?",
        "Wolaitta Sentences": "Eti ta Xoossai giyoobaa siyenna gishshau, i eta pixiri olana; olin eti kawotettatu giddon toilattiyaageeta gidana."
    },
    {
        "English Sentences": "Or, Deliver me from the enemy's hand? or, Redeem me from the hand of the mighty?",
        "Wolaitta Sentences": "Israa7eela asai daayida woine turaa mala; eti banttau aifiyaa aifoosona. Eti aifiyo aifee darido keenaa yarshshiyo sohota darissi keexxidosona. Eta biittai duretido keenaa, goinniyo eeqa tuussata alleeqissidi medhdhidosona."
    },
    {
        "English Sentences": "Teach me, and I will hold my tongue: and cause me to understand wherein I have erred.",
        "Wolaitta Sentences": "Eta wozanan genee kumiis; ha77i eti bantta mooruwaa qixaatiyaa ekkanau koshshees. GODAI eti yarshshiyo sohota laalana; eta eeqa tuussata xaissana."
    },
    {
        "English Sentences": "How forcible are right words! but what doth your arguing reprove?",
        "Wolaitta Sentences": "He wode eti, \"Nuuni GODAASSI yayyibeenna gishshau, nuussi kawoi baawa; shin nuussi woni kawoi de7iyaakkonne ai oottanee?\" yaagana."
    },
    {
        "English Sentences": "Do ye imagine to reprove words, and the speeches of one that is desperate, which are as wind?",
        "Wolaitta Sentences": "Eti hekkennabaa haasayoosona; maachchaa maacettiiddikka wordduwan caaqqoosona. Hegaa gishshau, woriya sharafai shooqan doliyoogaadan, eta bollan pirddai dolana."
    },
    {
        "English Sentences": "Yea, ye overwhelm the fatherless, and ye dig a pit for your friend.",
        "Wolaitta Sentences": "Samaariyaa kataman de7iya asai Beeti-Aweenan de7iya maraa misiliyaayyo yayyoosona. A bonchchoi appe shaahettiichchido gishshau, asai au yeekkana; he eeqaa misiliyau oottiya qeesetikka waassana."
    },
    {
        "English Sentences": "Now therefore be content, look upon me; for it is evident unto you if I lie.",
        "Wolaitta Sentences": "He eeqa misilee Asoore biitti toohetti biidi, gita kawuwaassi giiradan imettana. Efireema asai yeellatana; Israa7eela asaikka ba eeqaa misiletu daafan kauyyana."
    },
    {
        "English Sentences": "Return, I pray you, let it not be iniquity; yea, return again, my righteousness is in it.",
        "Wolaitta Sentences": "Samaariyaa kawoi haattaa bollan qaixaaree toohettiyoogaadan, toohetti xayana."
    },
    {
        "English Sentences": "Is there iniquity in my tongue? cannot my taste discern perverse things?",
        "Wolaitta Sentences": "Qassi Israa7eela asai Aweena giyo kataman eeqau goinnidi, nagaraa oottiyo xoqqa sohotikka qolettana; eti yarshshiyoosan agunttainne gom77oree mokkana. Yaatin, eti dereta, \"Nuna genttite!\" yaagana. Keratakka, \"Nu bolli kunddite!\" yaagana."
    },
    {
        "English Sentences": "Is there not an appointed time to man upon earth? are not his days also like the days of an hireling?",
        "Wolaitta Sentences": "GODAI hagaadan yaagees; \"Israa7eelatoo, intte Gib77an nagaraa oottido gallassaappe doommidi, nagaraa oottiyoogaa aggibeekketa. Hegaa gishshau, Gib77a kataman intte bolli olai denddana."
    },
    {
        "English Sentences": "As a servant earnestly desireth the shadow, and as an hireling looketh for the reward of his work:",
        "Wolaitta Sentences": "Taani koyiyo wode, he makkalanchchata qaxxayana. Eti oottido daro nagaraa gaasuwan taani eta qaxxayiyo wode, kawotettati eta bollan shiiqana."
    },
    {
        "English Sentences": "So am I made to possess months of vanity, and wearisome nights are appointed to me.",
        "Wolaitta Sentences": "\"Efireemi kattaa yerettaa dosiya, wadhdhidi kessido mirggo mala; shin taani a puula morggiyan qambbaraa wottada waaxana. Yihudaa asai goyanau koshshees; Yaaqooba asaikka gadiyaa phalqqanau koshshees."
    },
    {
        "English Sentences": "When I lie down, I say, When shall I arise, and the night be gone? and I am full of tossings to and fro unto the dawning of the day.",
        "Wolaitta Sentences": "GODAI yiidi, xillotettaa intte bolli iraadan bukissana gakkanaashin, intte a koyiyo wode gidiyo gishshau, inttessi xillotettaa zerite; zeridi aggenna siiquwaa cakkite; otta biittaakka phalqqite."
    },
    {
        "English Sentences": "My flesh is clothed with worms and clods of dust; my skin is broken, and become loathsome.",
        "Wolaitta Sentences": "\"Intte iitatettaa zeridi, nagaraa cakkideta; intte wordduwaa aifiyaakka miideta. \"Intte intte wolqqaaninne intte daro olanchchatun ammanettido gishshau,"
    },
    {
        "English Sentences": "My days are swifter than a weaver's shuttle, and are spent without hope.",
        "Wolaitta Sentences": "intte asaa bolli olaa dirbbai denddana; denddidi beni olaa wode Kawoi SHalmmaani Beeti-Arbbeela katamaa olidi bashshidoogaadaaninne aayetuuranne naatuura gatto mentterettidoogaadan, intte qatoti hegaadan olin bayana."
    },
    {
        "English Sentences": "O remember that my life is wind: mine eye shall no more see good.",
        "Wolaitta Sentences": "Inttenoo, Beeteele katamaa asatoo, intte hanttaara iitatettaa daafan intte bollikka hagaa malabai gakkana. He gallassi sa7ai wonttiyo wode, Israa7eela kawoi muleera xayana."
    },
    {
        "English Sentences": "The eye of him that hath seen me shall see me no more: thine eyes are upon me, and I am not.",
        "Wolaitta Sentences": "\"Israa7eeli naatettan de7iyo wode, taani a siiqaas; siiqada taani ta na7aa Gibxxe biittaappe xeesaas."
    },
    {
        "English Sentences": "As the cloud is consumed and vanisheth away: so he that goeth down to the grave shall come up no more.",
        "Wolaitta Sentences": "Taani eta darissada xeesin, eti taappe daro haakkidi biidosona. Ba7aala geetettiya eeqatussi yarshshuwaa yarshshidosona; qassi eeqaa misiletussi ixaanaa cuwayidosona."
    },
    {
        "English Sentences": "He shall return no more to his house, neither shall his place know him any more.",
        "Wolaitta Sentences": "Efireema asaa haraqiyaa oiqqada hemetaa tamaarissidai tana; shin eta pattidaagee tana gidiyoogaa eti erokkona."
    },
    {
        "English Sentences": "Therefore I will not refrain my mouth; I will speak in the anguish of my spirit; I will complain in the bitterness of my soul.",
        "Wolaitta Sentences": "Taani eta qaretaaninne siiquwaa wodoruwan goochchaas; eta morggiyaappe qambbaraa denttaas; denttada hokkada eta mizaas."
    },
    {
        "English Sentences": "Am I a sea, or a whale, that thou settest a watch over me?",
        "Wolaitta Sentences": "\"Eti taakko simmennan ixxido gishshau, Gibxxe biitti simmana; qassi Asoore biittaa kawoi eta bolli kawotana."
    },
    {
        "English Sentences": "When I say, My bed shall comfort me, my couch shall ease my complaint;",
        "Wolaitta Sentences": "Eta morkkiyaa bisoi eta katamata olana. Eta katamatu penggetakka mentterettana; eta zoretaikka laalettana."
    },
    {
        "English Sentences": "Then thou scarest me with dreams, and terrifiest me through visions:",
        "Wolaitta Sentences": "Ta asai taappe haakkidi baanau qofaa qachchiis. Huqqunnaa qambbaraa gaasuwan eti waassana; shin ooninne he qambbaraa eta morggiyaappe denttenna."
    },
    {
        "English Sentences": "So that my soul chooseth strangling, and death rather than my life.",
        "Wolaitta Sentences": "\"Efireemaa, taani nena waatada aggoo? Israa7eelaa, taani nena waatada aatta immoo? Taani nena waatada Adaama giyo katamaadan oottoo? Taani nena waatada Xaboima giyo katamaadan oottoo? Taani nena keehi siiqiyo gishshau, ta wozanai hegaa eenenna."
    },
    {
        "English Sentences": "I loathe it; I would not live alway: let me alone; for my days are vanity.",
        "Wolaitta Sentences": "Taani ta suulliya hanqquwan eta ainne oottikke; qassi Efireema naa77anttuwaa xaissikke. Aissi giikko, taani Xoossappe attin, asa gidikke. Taani Geeshsha Xoossai intte giddon de7ais; inttekko suulo hanqquwan yiikke."
    },
    {
        "English Sentences": "What is man, that thou shouldest magnify him? and that thou shouldest set thine heart upon him?",
        "Wolaitta Sentences": "\"Eti GODAA kaallana; ikka gaammodan gudana. I gudiyo wode, a naati arggo baggappe yaana;"
    },
    {
        "English Sentences": "And that thou shouldest visit him every morning, and try him every moment?",
        "Wolaitta Sentences": "Gibxxe biittaappe kafotudan, Asoore biittaappekka haraphphetudan, paalliiddi yaana. Yin taani eta eta keettan keettan wottana. Taani GODAI hagaa odaas\" yaagees."
    },
    {
        "English Sentences": "How long wilt thou not depart from me, nor let me alone till I swallow down my spittle?",
        "Wolaitta Sentences": "Efireema asai wordduwan, Israa7eela asaikka cimuwan tana dooddidosona. Yihudaa asaikka ammanttiya Geeshsha Xoossaa bolli xalttaamiis."
    },
    {
        "English Sentences": "I have sinned; what shall I do unto thee, O thou preserver of men? why hast thou set me as a mark against thee, so that I am a burden to myself?",
        "Wolaitta Sentences": "Efireema asai maalladoppe omarssi gakkanaashin oottiyoobai ubbai, arshshoora yiya carkkuwaa kuucciyoogaa woikko yedettiyoogaa mala go77enna. Eti wordduwaanne makkala oosuwaa darissoosona; Asoore biittaara maachchaa maacettoosona; wogaraa zaitiyaa Gibxxe biitti yeddoosona."
    },
    {
        "English Sentences": "And why dost thou not pardon my transgression, and take away mine iniquity? for now shall I sleep in the dust; and thou shalt seek me in the morning, but I shall not be.",
        "Wolaitta Sentences": "GODAAYYO Yihudaa asaara mootoi de7ees; i Yaaqooba asaa eta ogiyaadan qaxxayana; eta oosuwaadankka au zaarana."
    },
    {
        "English Sentences": "Then answered Bildad the Shuhite, and said,",
        "Wolaitta Sentences": "Yaaqoobi ba aayee uluwan de7iiddi, ba ishaa ginddiyaa oiqqiis. Qassi gamma gakkidi, Xoossaara baaxetiis;"
    },
    {
        "English Sentences": "How long wilt thou speak these things? and how long shall the words of thy mouth be like a strong wind?",
        "Wolaitta Sentences": "kiitanchchaarakka baaxetidi xooniis. Bana keha aifiyan xeellanaadan, ba ishaa yeekkidi woossiis. Yaaqoobi Xoossaa Beeteelen demmiis; demmin Xoossai yan aara haasayiis."
    },
    {
        "English Sentences": "Doth God pervert judgment? or doth the Almighty pervert justice?",
        "Wolaitta Sentences": "Hegee GODAA, Ubbaappe Wolqqaama Xoossaa. I erettido sunttaikka GODAA geetettees."
    },
    {
        "English Sentences": "If thy children have sinned against him, and he have cast them away for their transgression;",
        "Wolaitta Sentences": "Hegaa gishshau, intte Xoossaakko simmite; siiquwaanne suure pirddaa mintti oiqqite; intte Xoossai oottanaashin naagite."
    },
    {
        "English Sentences": "If thou wouldest seek unto God betimes, and make thy supplication to the Almighty;",
        "Wolaitta Sentences": "Zal77anchchaa kushiyan worddo meezaanai de7ees; asaa i cimmiyoogaa dosees."
    },
    {
        "English Sentences": "If thou wert pure and upright; surely now he would awake for thee, and make the habitation of thy righteousness prosperous.",
        "Wolaitta Sentences": "Efireemi, \"Taani daro dure; taani taayyo aquwaa demmaas. Ta aquwaa ubbaa giddon tanan eti bala woikko nagara gidiyaabaa demmokkona\" yaagiis."
    },
    {
        "English Sentences": "Though thy beginning was small, yet thy latter end should greatly increase.",
        "Wolaitta Sentences": "GODAI hagaadan yaagees; \"Taani inttena Gibxxe biittaappe kessada ehiida GODAA intte Xoossaa; Daase Baalaa gallassaadan, taani inttena naa77anttuwaakka dunkkaaniyan wottana."
    },
    {
        "English Sentences": "For enquire, I pray thee, of the former age, and prepare thyself to the search of their fathers:",
        "Wolaitta Sentences": "Taani hananabaa yootiyaageetussi haasayaas. Daro ajjuutaakka etau immaas; qassi eta baggaara daro leemisota yootaas\" yaagees."
    },
    {
        "English Sentences": "(For we are but of yesterday, and know nothing, because our days upon earth are a shadow:)",
        "Wolaitta Sentences": "Gala7aaden nagarai de7ees; Gala7aade asati tumuppe pattennaageeta. Eti Gelggalan korimata yarshshoosona. Hegaa gishshau, eti yarshshiyoosati goshsha giddon keelido shuchcha mala gidana."
    },
    {
        "English Sentences": "Shall not they teach thee, and tell thee, and utter words out of their heart?",
        "Wolaitta Sentences": "Yaaqoobi Sooriyaa biitti baqatiis; maccaasa ekkanau keraa oottiis. Maccaasa ekkana gishshau, i yan dorssaa heemmiis."
    },
    {
        "English Sentences": "Can the rush grow up without mire? can the flag grow without water?",
        "Wolaitta Sentences": "GODAI Israa7eela asaa hananabaa yootiyaagaa baggaara Gibxxe biittaappe kessiis; kessidi he hananabaa yootiyaagaa baggaara eta naagiis."
    },
    {
        "English Sentences": "Whilst it is yet in his greenness, and not cut down, it withereth before any other herb.",
        "Wolaitta Sentences": "SHin Efireemi GODAA keehi hanqqetissiis; suuttaa i gussidoogaa acuwaa a Godai a achchana; qassi a cashshaa au zaarana."
    },
    {
        "English Sentences": "So are the paths of all that forget God; and the hypocrite's hope shall perish:",
        "Wolaitta Sentences": "Efireema asai haasayido wode, siyida asai yashshau kokkoriis; Israa7eela biittan eti bonchchettida asa. SHin Ba7aala giyo eeqaayyo goinnidosona; he mooruwaa gaasuwan haiqqidosona."
    },
    {
        "English Sentences": "Whose hope shall be cut off, and whose trust shall be a spider's web.",
        "Wolaitta Sentences": "Ha77ikka nagaraa bolli nagaraa oottoosona; qassi banttau goinnanau, seerissidi misileta medhdhoosona. He misileti hiillan biraappe merettidaageeta; eti ubbaikka kushe hiillai medhdhidoogeeta. Etabaa asai haasayiiddi, \"Haa yiite; etayyo yarshshuwaa yarshshite; ha maraa misiliyaakka yerite\" yaagees."
    },
    {
        "English Sentences": "He shall lean upon his house, but it shall not stand: he shall hold it fast, but it shall not endure.",
        "Wolaitta Sentences": "Hegaa daafan eti maallado shaaraa mala, woikko guuran qolettiya maallado xaazaa mala woikko carkkoi audiyaappe denttidi efiyo suulla mala woikko maskkootiyaara kiyiya cuwa mala gidana."
    },
    {
        "English Sentences": "He is green before the sun, and his branch shooteth forth in his garden.",
        "Wolaitta Sentences": "GODAI hagaadan yaagees; \"Taani inttena Gibxxe biittaappe kessada ehiida GODAA intte Xoossaa. Intte taappe attin, hara xoossa erekketa; ashshiyaageekka taappe attin, hari baawa."
    },
    {
        "English Sentences": "His roots are wrapped about the heap, and seeth the place of stones.",
        "Wolaitta Sentences": "Bazzuwan, mela biittan taani inttena naagaas."
    },
    {
        "English Sentences": "If he destroy him from his place, then it shall deny him, saying, I have not seen thee.",
        "Wolaitta Sentences": "Taani inttena mizin, miidi kallideta; kallidi otorettideta; hegaappe guyyiyan, tana dogideta."
    },
    {
        "English Sentences": "Behold, this is the joy of his way, and out of the earth shall others grow.",
        "Wolaitta Sentences": "Hegaa gishshau, taani intte bolli gaammo mala gidana; qassi maahedan, ogiyaa doonan zuggana."
    },
    {
        "English Sentences": "Behold, God will not cast away a perfect man, neither will he help the evil doers:",
        "Wolaitta Sentences": "Marata wotti ekkido maaheedan, taani inttenaara gaittana; gaittada inttena daakerettana. Qassi taani inttena gaammodan yan maana; bazzo do7adan, inttena poosherettana."
    },
    {
        "English Sentences": "Till he fill thy mouth with laughing, and thy lips with rejoicing.",
        "Wolaitta Sentences": "\"Israa7eela asatoo, intte ta bolli, inttena maaddiyaagaa bolli morkketettan denddiyo gishshau, taani inttena xaissana."
    },
    {
        "English Sentences": "They that hate thee shall be clothed with shame; and the dwelling place of the wicked shall come to nought.",
        "Wolaitta Sentences": "Intte tana, Nuussi kawonne deriyaa haariyaageeta imma yaagidi oichchideta. Inttena ashshanau intte kawoi anee? Intte deriyaa haariyaageeti intte katamatu giddon augan de7iyoonaa?"
    },
    {
        "English Sentences": "Then Job answered and said,",
        "Wolaitta Sentences": "Taani ta hanqquwan intteyyo kawuwaa immaas; immada ta yiilluwan a diggaas."
    },
    {
        "English Sentences": "I know it is so of a truth: but how should man be just with God?",
        "Wolaitta Sentences": "\"Efireema mooroinne nagarai xaafettidi, mazggafa keettan uttiis."
    },
    {
        "English Sentences": "If he will contend with him, he cannot answer him one of a thousand.",
        "Wolaitta Sentences": "Maareti oiqqido maccaasiyaa tuggatiyoogaa mala tuggai a bolli yaana. SHin i eri bainna na7a; aissi giikko, i yelettiyo wodee gakkin, ba aayee uluwaappe wodhdhennan ixxiya na7a mala."
    },
    {
        "English Sentences": "He is wise in heart, and mighty in strength: who hath hardened himself against him, and hath prospered?",
        "Wolaitta Sentences": "Eta taani duufuwaappe ashshana; haiquwaa wolqqaappekka wozana. Haiquwau, ne boshati awaanee? Duufuwau, ne bashshai awaanee? \"Taani ta asaayyo qarettikke."
    },
    {
        "English Sentences": "Which removeth the mountains, and they know not: which overturneth them in his anger.",
        "Wolaitta Sentences": "Efireemi ba ishanttu giddon minnikkokka, GODAI yeddido arshsho bagga carkkoi bazzoppe carkkiiddi yaana. Yobare a pulttoti to77ana; a haatta ollatikka melana. Buquraa i minjjiyo keettatun de7iya al77o miishsha ubbai bonqqettana."
    },
    {
        "English Sentences": "Which shaketh the earth out of her place, and the pillars thereof tremble.",
        "Wolaitta Sentences": "Samaariyaa asai bantta Xoossaa bolli makkalido gishshau, bantta mooruwaa qixaatiyaa ekkanau bessees. Eti bisuwan busakettana; eta guutta naatikka kinchchettana; eta shahaara maccaasatu uloikka phalqqettana\" yaagees."
    },
    {
        "English Sentences": "Which commandeth the sun, and it riseth not; and sealeth up the stars.",
        "Wolaitta Sentences": "Israa7eela asau, intte nagaraa gaasuwan xubettidi kunddideta. Intte ha77i GODAAKKO, intte Xoossaakko simmite."
    },
    {
        "English Sentences": "Which alone spreadeth out the heavens, and treadeth upon the waves of the sea.",
        "Wolaitta Sentences": "GODAAKKO simmidi, hagaadan yaagidi woossite; \"Nu nagara ubbaappe nuna maara; neeni nuna ne kehatettan shiishsha ekka; yaatin nuuni nu inxxarssan nena galatana."
    },
    {
        "English Sentences": "Which maketh Arcturus, Orion, and Pleiades, and the chambers of the south.",
        "Wolaitta Sentences": "Asoore biittai nuna ashshenna; nuuni olaa paratakka toggokko. Nuuni nu kushen medhdhido eeqa misileta mulekka, Hageeti nu xoossata gookko. Aawai bainnaageetussi qarettiyai nena\" yaagite."
    },
    {
        "English Sentences": "Which doeth great things past finding out; yea, and wonders without number.",
        "Wolaitta Sentences": "GODAI hagaadan yaagees; \"Ta hanqqoi etappe simmiis; hegaa gishshau, taani eta makkala hanuwaappe eta pattana; pattada eta wozanappe siiqana."
    },
    {
        "English Sentences": "Lo, he goeth by me, and I see him not: he passeth on also, but I perceive him not.",
        "Wolaitta Sentences": "Taani Israa7eela asaayyo xaaza mala gidana; eti ciishshaadan ciyyidi, Liibaanoosa zigaadan, xaphuwaa yeddana."
    },
    {
        "English Sentences": "Behold, he taketh away, who can hinder him? who will say unto him, What doest thou?",
        "Wolaitta Sentences": "Eta yelaga marati daayana; wogaraadan eti lo77ana. Eta sawoikka Liibaanoosa zigaadan tonggu gaana."
    },
    {
        "English Sentences": "If God will not withdraw his anger, the proud helpers do stoop under him.",
        "Wolaitta Sentences": "Asai simmidi, ta kuwaa garssan de7ana; kattaa carshshaadan, eti salqqisalqqana; qassi eti woiniyaa turaadan ciyyana; Liibaanoosa woiniyaa eessaadan, deree eriyoobaa gidana."
    },
    {
        "English Sentences": "How much less shall I answer him, and choose out my words to reason with him?",
        "Wolaitta Sentences": "Hagaappe sinttan Efireema asai eeqa misileera gaittenna; taani intte woosaa siyananne inttena naagana. Taani irxxa zigaa mala; intteyyo anjjo ubbai taappe beettana\" yaagees."
    },
    {
        "English Sentences": "Whom, though I were righteous, yet would I not answer, but I would make supplication to my judge.",
        "Wolaitta Sentences": "Aadhdhida erai de7iyo ooninne hagaa akeeko; wozani de7iyo ooninne hagaa ero. GODAA ogee suure; xilloti he ogiyaara hemettoosona. SHin nagaranchchati an xubettoosona."
    }
]