[
    {
        "English Sentences": "Blessed is the man that walketh not in the counsel of the ungodly, nor standeth in the way of sinners, nor sitteth in the seat of the scornful.",
        "Wolaitta Sentences": "Putu7eela na7aa Yuu7eelakko GODAI kiittido qaalai hagaa."
    },
    {
        "English Sentences": "But his delight is in the law of the LORD; and in his law doth he meditate day and night.",
        "Wolaitta Sentences": "Inttenoo cimatoo, hagaa siyite! Yihudaa biittan de7iya asau ubbau, ezggite! Hagaa malabai intte wode woikko intte aawatu wode hani erii?"
    },
    {
        "English Sentences": "And he shall be like a tree planted by the rivers of water, that bringeth forth his fruit in his season; his leaf also shall not wither; and whatsoever he doeth shall prosper.",
        "Wolaitta Sentences": "Hegaa intte naatussi yootite; yootin intte naati bantta naatussi yootona; qassi eta naatikka kaalliya yeletaassi yootona."
    },
    {
        "English Sentences": "The ungodly are not so: but are like the chaff which the wind driveth away.",
        "Wolaitta Sentences": "Gondduwaappe attida kattaa wude boolee miis; wude booliyaappe attida kattaa gumbburoi miis; qassi gumbburuwaappekka attida kattaa ukkubboi miis."
    },
    {
        "English Sentences": "Therefore the ungodly shall not stand in the judgment, nor sinners in the congregation of the righteous.",
        "Wolaitta Sentences": "Inttenoo mattottiyaageetoo, beegottidi yeekkite! Inttenoo, woine eessaa uyiya ubbatoo, zilaalite! Aissi giikko, mal77iya woine eessai intte doonaappe attiis."
    },
    {
        "English Sentences": "For the LORD knoweth the way of the righteous: but the way of the ungodly shall perish.",
        "Wolaitta Sentences": "Qoodai bainna wude boolee ta biittaa woraajjiis. Eta achchai gaammuwaa achchaa mala; qassi eta kasilaikka gaammee kasilaa mala."
    },
    {
        "English Sentences": "Why do the heathen rage, and the people imagine a vain thing?",
        "Wolaitta Sentences": "Eti ta woiniyaa turaa booddilissidosona; ta balasiyaa mittaakka xoggidosona. Eti poquwaa ubbaa poqqi olido gishshau, woiniyaanne balasiyaa tasheti ubbai booxxidosona."
    },
    {
        "English Sentences": "The kings of the earth set themselves, and the rulers take counsel together, against the LORD, and against his anointed, saying,",
        "Wolaitta Sentences": "Asau, ba yelagatettan a giigido azinai haiqqin, waaruwaa maayada yeekkiya geela7eedan, ubbaikka yeekkite!"
    },
    {
        "English Sentences": "Let us break their bands asunder, and cast away their cords from us.",
        "Wolaitta Sentences": "Kattaa yarshshoinne ushshaa yarshshoi GODAA Beeta Maqidasiyaa biyoogaa aggiis; hegaa gishshau, GODAASSI oottiya qeeseti yeekkoosona."
    },
    {
        "English Sentences": "He that sitteth in the heavens shall laugh: the LORD shall have them in derision.",
        "Wolaitta Sentences": "SHooqai mela attiis; biittaikka yeekkees. Aissi giikko, kattai xayiis; woiniyaa turai meliis; zaiteekka laafiis."
    },
    {
        "English Sentences": "Then shall he speak unto them in his wrath, and vex them in his sore displeasure.",
        "Wolaitta Sentences": "Inttenoo goshshanchchatoo, azzanite! Inttenoo, woiniyaa turaa tokkiyaageetoo, zilaalite! Aissi giikko, cahau gakkida gistteenne banggai gaden xayiichchiis."
    },
    {
        "English Sentences": "Yet have I set my king upon my holy hill of Zion.",
        "Wolaitta Sentences": "Woiniyaa turai meliis; balasiyaa mittaikka shulliis; roomaane giyo mittai, temire giyo mittai, appiliyaa giyo mittainne qassi shooqan de7iya hara mitta ubbaikka meliis. Hegaa gishshau, asaappe ufaissai haakkiis."
    },
    {
        "English Sentences": "I will declare the decree: the LORD hath said unto me, Thou art my Son; this day have I begotten thee.",
        "Wolaitta Sentences": "Inttenoo qeesetoo, waaruwaa maayidi yeekkite! Inttenoo, yarshshiyoosan oottiya qeesetoo, zilaalite! Inttenoo, ta Xoossaa sinttan oottiyaageetoo, Beeta Maqidasiyaa gelite; gelidi waaruwaa maayidi aqite. Aissi giikko, kattaa yarshshuwaanne ushshaa yarshshuwaa Xoossaa Beeta Maqidasiyan yarshshiyoobi baawa."
    },
    {
        "English Sentences": "Ask of me, and I shall give thee the heathen for thine inheritance, and the uttermost parts of the earth for thy possession.",
        "Wolaitta Sentences": "Xoomaa awaajjite; geeshsha yaa7au asaa xeesidi shiishshite; cimatanne biittan de7iya asa ubbaa GODAA intte Xoossaa Beeta Maqidasiyaa shiishshite; yaatidi yan GODAAKKO waassite!"
    },
    {
        "English Sentences": "Thou shalt break them with a rod of iron; thou shalt dash them in pieces like a potter's vessel.",
        "Wolaitta Sentences": "GODAA gallassai matees; he gallassau aayye7ana! He gallassai Ubbaa Danddayiya Xoossaappe bashsha gallassa gididi yees."
    },
    {
        "English Sentences": "Be wise now therefore, O ye kings: be instructed, ye judges of the earth.",
        "Wolaitta Sentences": "Nu sinttaappe kattai, nu Xoossaa Beeta Maqidasiyaappe ufaissainne ililssai xayiis gidennee?"
    },
    {
        "English Sentences": "Serve the LORD with fear, and rejoice with trembling.",
        "Wolaitta Sentences": "Zerettai biitta giddon buuqqiis; kattai meliichchido gishshau, kootta ubbai gufanniis; gootaratikka kolettiichchidosona."
    },
    {
        "English Sentences": "Kiss the Son, lest he be angry, and ye perish from the way, when his wrath is kindled but a little. Blessed are all they that put their trust in him.",
        "Wolaitta Sentences": "Meheti keehi waassoosona; miizzaa wudiyaukka heemettiyoosai bainna gishshau, yaanne haanne bichchaaroosona. Harai atto, dorssaa wudetikka tuggatoosona."
    },
    {
        "English Sentences": "Lord, how are they increased that trouble me! many are they that rise up against me.",
        "Wolaitta Sentences": "Abeet GODAU, tamai bazzon de7iya hentta gadeta mirggido gishshaunne dembban de7iya mitta ubbaa lacoi xuuggirggido gishshau, taani neekko waassais."
    },
    {
        "English Sentences": "Many there be which say of my soul, There is no help for him in God. Selah.",
        "Wolaitta Sentences": "Goggiya haattai melido gishshaunne tamai bazzon de7iya hentta gadeta mirggido gishshau, harai atto, bazzo do7atikka neekko waassoosona."
    },
    {
        "English Sentences": "But thou, O LORD, art a shield for me; my glory, and the lifter up of mine head.",
        "Wolaitta Sentences": "Xiyoonen malkkataa punnite; ta geeshsha deriyankka malkkataa sissite! Yihudaa biittan de7iya asai ubbai yashshau kokkoro; aissi giikko, GODAA gallassai yees; yiidi matattees."
    },
    {
        "English Sentences": "I cried unto the LORD with my voice, and he heard me out of his holy hill. Selah.",
        "Wolaitta Sentences": "He gallassai xumanne ciggaara gallassa; shaaranne sakkana xuma gallassa! Coranne mino boolee deretu bollan xalqqee wodhdhiyoogaadan wodhdhiis. Eta mali beniisappe doommin de7ibeenna; hagaappe sinttanau daro yeletaa gakkanaukka eta mali de7enna."
    },
    {
        "English Sentences": "I laid me down and slept; I awaked; for the LORD sustained me.",
        "Wolaitta Sentences": "Etappe sinttaara tamai mees; qassi etappe guyyeera lacoi xuuggees; etappe sinttai Edene Gannatiyaa mala; shin etappe guyyee booddila bazzo mala; etappe aibinne kessi ekkenna."
    },
    {
        "English Sentences": "I will not be afraid of ten thousands of people, that have set themselves against me round about.",
        "Wolaitta Sentences": "Eta merai paraa meraa mala; eti olaa paratudan, eesuwan woxxoosona."
    },
    {
        "English Sentences": "Arise, O LORD; save me, O my God: for thou hast smitten all mine enemies upon the cheek bone; thou hast broken the teeth of the ungodly.",
        "Wolaitta Sentences": "Parai goochchiyo gaaretudan giiroosona; mela gattaa miya tamaa lacuwaadan xaragoosona; olaa baanau salppida wolqqaama olanchchatudan, eti deretu xeeraara guppoosona."
    },
    {
        "English Sentences": "Salvation belongeth unto the LORD: thy blessing is upon thy people. Selah.",
        "Wolaitta Sentences": "Etappe sinttaara asai kokkorees; eta yashshau ubbaa som77oi karexxees."
    },
    {
        "English Sentences": "Hear me when I call, O God of my righteousness: thou hast enlarged me when I was in distress; have mercy upon me, and hear my prayer.",
        "Wolaitta Sentences": "Eti wolqqaama asatudan woxxoosona; olanchchatudan dirssaa gimbbiyaakka gi77oosona. Eti ubbaikka maaran salppoosona; bantta salppiyaappe gaxi kiyokkona."
    },
    {
        "English Sentences": "O ye sons of men, how long will ye turn my glory into shame? how long will ye love vanity, and seek after leasing? Selah.",
        "Wolaitta Sentences": "Eti issoi issuwaara sugettokkona; ubbaikka ba salppiyan salppiyan sitti giidi, sinttau hemettoosona. Eti banttanaara olettiyaageetu gidduwaara xuussidi kanttoosona; he wode eta teqqiyaabi baawa."
    },
    {
        "English Sentences": "But know that the LORD hath set apart him that is godly for himself: the LORD will hear when I call unto him.",
        "Wolaitta Sentences": "Eti katamaa eesuwan woraajjoosona; dirssaa gimbbiyaa bollankka woxxoosona. Eti keettaa bollikka kiyoosona; qassi kaisodan, maskkootiyaara geloosona."
    },
    {
        "English Sentences": "Stand in awe, and sin not: commune with your own heart upon your bed, and be still. Selah.",
        "Wolaitta Sentences": "Etappe sinttaara biittai qaaxxees; salotikka kokkoroosona. Awainne aginai xumoosona; qassi xoolinttetikka bantta poo7uwaa genttoosona."
    },
    {
        "English Sentences": "Offer the sacrifices of righteousness, and put your trust in the LORD.",
        "Wolaitta Sentences": "GODAI ba olanchchatu sinttan guummees; au azazettiya olanchchati coranne wolqqaama. GODAA gallassai gitanne daroppe yashshiyaagaa. He gallassaa danddayanai oonee?"
    },
    {
        "English Sentences": "There be many that say, Who will shew us any good? LORD, lift thou up the light of thy countenance upon us.",
        "Wolaitta Sentences": "GODAI hagaadan yaagees; \"Ha77ikka xoomiiddi, yeekkiiddinne kayyottiiddi polo wozanaappe taakko simmite."
    },
    {
        "English Sentences": "Thou hast put gladness in my heart, more than in the time that their corn and their wine increased.",
        "Wolaitta Sentences": "Intte wozanaappe attin, intte maayuwaa pooshshoppite\" yaagees. GODAAKKO, intte Xoossaakko, simmite; aissi giikko, i qaretainne maarotai kumidoogaa; hanqquwau eesotennaagaanne siiqoi daridoogaa; i inttena qaxxayanau yeemottennaagaa."
    },
    {
        "English Sentences": "I will both lay me down in peace, and sleep: for thou, LORD, only makest me dwell in safety.",
        "Wolaitta Sentences": "Ooni erii, GODAI intte Xoossai, ba hanqquwaappe simmidi, intteyyo daro kattaa anjjuwaa immanaakkonne. He wode GODAASSI, intte Xoossaassi, kattaa yarshshuwaanne ushshaa yarshshuwaa intte yarshshana."
    },
    {
        "English Sentences": "Give ear to my words, O LORD, consider my meditation.",
        "Wolaitta Sentences": "Xiyoonen malkkataa punnite; xoomaa awaajjite; geeshsha yaa7au asaa xeesidi shiishshite!"
    },
    {
        "English Sentences": "Hearken unto the voice of my cry, my King, and my God: for unto thee will I pray.",
        "Wolaitta Sentences": "SHiiqida yaa7aa geeshshite; cimata issippe ehiite; guutta naatanne xammiyaageetakka ashshoppite. Bullachchaawai ba kare keettaappe kiyo; bullashettiyaarakka ba siirixaappe kiyu."
    },
    {
        "English Sentences": "My voice shalt thou hear in the morning, O LORD; in the morning will I direct my prayer unto thee, and will look up.",
        "Wolaitta Sentences": "GODAU oottiya qeeseti Beeta Maqidasiyaa baranddaappenne yarshshiyoosaappe gidduwan eqqidi yeekkona. Eti hagaadan yaagidi woossona; \"Abeet GODAU, ne asau qaretta; ne asaa kawotettatu giddon boriyoobaanne baceessiyoobaa kessoppa. Asai ba giddon aissi, Eta Xoossai awan de7ii? yaaganee?\" yaagona."
    },
    {
        "English Sentences": "For thou art not a God that hath pleasure in wickedness: neither shall evil dwell with thee.",
        "Wolaitta Sentences": "Yaatin, GODAI ba biittaassi mishettana; qassi ba asaukka qarettana."
    },
    {
        "English Sentences": "The foolish shall not stand in thy sight: thou hatest all workers of iniquity.",
        "Wolaitta Sentences": "GODAI zaaridi ba asaa hagaadan yaagana; \"Be7ite, taani intteyyo kattaa, woine eessaanne zaitiyaa inttena adda kalissiyaagaa yeddana; taani inttena mulekka kawotettatu giddon boriyoobaa kessikke."
    },
    {
        "English Sentences": "Thou shalt destroy them that speak leasing: the LORD will abhor the bloody and deceitful man.",
        "Wolaitta Sentences": "\"Huuphessa baggaara yiida booliyaa taani yedettada, intteppe haassana; bazzonne mela biitti taani eta yedettana. Sintta baggaara de7iyaageeta Maxine Abbau, guyye baggaara de7iyaageeta qassi Meediteraane Abbau zaarada yeddana; eta ahai xinqquwaa xo77u gaana. Hegee ubbai eti intte bolli gita iitabaa oottido gishshaassa\" yaagana."
    },
    {
        "English Sentences": "But as for me, I will come into thy house in the multitude of thy mercy: and in thy fear will I worship toward thy holy temple.",
        "Wolaitta Sentences": "Biittau, simmi yayyoppa; GODAI gitabaa oottido gishshau, ufaittanne hashshu ga!"
    },
    {
        "English Sentences": "Lead me, O LORD, in thy righteousness because of mine enemies; make thy way straight before my face.",
        "Wolaitta Sentences": "Inttenoo sa7aa mehetoo, yayyoppite; aissi giikko, bazzon de7iya hentta gadee aaciis; mittaikka ba aifiyaa aifiis; balasiyaa mittainne woiniyaa turaikka aifiyaa herxxexxiis."
    },
    {
        "English Sentences": "For there is no faithfulness in their mouth; their inward part is very wickedness; their throat is an open sepulchre; they flatter with their tongue.",
        "Wolaitta Sentences": "Inttenoo Xiyoone asatoo, ufaittite; GODAN, intte Xoossan, hashshu giite! Aissi giikko, i badhdheesaa iraa intteyyo darissidi immiis; qassi i kaseegaadan, intteyyo badhdheesaa iraanne ofinttaa iraa gidissidi immiis."
    },
    {
        "English Sentences": "Destroy thou them, O God; let them fall by their own counsels; cast them out in the multitude of their transgressions; for they have rebelled against thee.",
        "Wolaitta Sentences": "Kattaa qoxxiyo audetun kattai kumana; woiniyaa eessainne zayitee gum77iyo ollata kumidi palahana."
    },
    {
        "English Sentences": "But let all those that put their trust in thee rejoice: let them ever shout for joy, because thou defendest them: let them also that love thy name be joyful in thee.",
        "Wolaitta Sentences": "GODAI hagaadan yaagees; \"Kase taani intte giddo yeddido, ta wolqqaama wudeti, gonddoti, booleti, gumbburotinne ukkubboti miido laittatu acuwaa taani intteyyo qanxxana."
    },
    {
        "English Sentences": "For thou, LORD, wilt bless the righteous; with favour wilt thou compass him as with a shield.",
        "Wolaitta Sentences": "Maanau intteyyo daro qumai de7ana. Hegaa gishshau, intte kallananne maalaalissiyaabaa intteyyo oottida GODAA intte Xoossaa sunttaa galatana. Qassi ta asai naa77antto mulekka yeellatenna."
    },
    {
        "English Sentences": "O LORD, rebuke me not in thine anger, neither chasten me in thy hot displeasure.",
        "Wolaitta Sentences": "He wode taani Israa7eela giddon de7iyoogaa, taani GODAI intte Xoossaa gidiyoogaanne taappe attin, hara xoossi bainnaagaa intte erana. Qassi ta asai naa77antto mulekka yeellatenna."
    },
    {
        "English Sentences": "Have mercy upon me, O LORD; for I am weak: O LORD, heal me; for my bones are vexed.",
        "Wolaitta Sentences": "\"Hegaappe guyyiyan hagaadan hanana; taani asa ubbaa bolli ta Ayyaanaa gussana. Intte attuma naatinne intte macca naati hananabaa yootana; intte cimatikka aimuwaa aimottana; intte wodalla naatikka ajjuutaa be7ana."
    },
    {
        "English Sentences": "My soul is also sore vexed: but thou, O LORD, how long?",
        "Wolaitta Sentences": "He gallassatun ta attuma ashkkaratu bollinne ta macca ashkkaratu bolli taani ta Ayyaanaa gussana."
    },
    {
        "English Sentences": "Return, O LORD, deliver my soul: oh save me for thy mercies' sake.",
        "Wolaitta Sentences": "\"Qassi taani bolla saluwan maalaalissiyaabaa, garssa sa7ankka suuttaa, tamaanne sitti giidi pude denddiya cuwaa bessana."
    },
    {
        "English Sentences": "For in death there is no remembrance of thee: in the grave who shall give thee thanks?",
        "Wolaitta Sentences": "Gitanne daroppe yashshiya GODAA gallassai gakkanaappe kase awai xumana; aginaikka suutta milatana."
    },
    {
        "English Sentences": "I am weary with my groaning; all the night make I my bed to swim; I water my couch with my tears.",
        "Wolaitta Sentences": "He wode hagaadan hanana; GODAA sunttaa xeesiya ubbai attana. GODAI giidoogaadan, Xiyoone Deriyaaninne Yerusalaamen kessi ekkidi attiyaageeti de7ana. Qassi GODAI xeesidoogeeti paxa de7ana."
    },
    {
        "English Sentences": "Mine eye is consumed because of grief; it waxeth old because of all mine enemies.",
        "Wolaitta Sentences": "\"He gallassatuuninne he wodiyan taani Yihudaanne Yerusalaame asaa omooduwaa zaarananne ishalissada wottana."
    },
    {
        "English Sentences": "Depart from me, all ye workers of iniquity; for the LORD hath heard the voice of my weeping.",
        "Wolaitta Sentences": "Taani kawotettatu ubban de7iya asaa shiishshada, duge Yoosaafixa Wombbaa wottana; wottada eti ta asaa Israa7eela bolli oottido mooro ubbaa gishshau, taani eta yan pirddana. Aissi giikko, eti ta asaa kawotettatu giddon laalidosona; qassi ta biittaakka banttau shaakki ekkidosona;"
    },
    {
        "English Sentences": "The LORD hath heard my supplication; the LORD will receive my prayer.",
        "Wolaitta Sentences": "ta asaa bollan saamaa yeggidosona; shaaramuxa maccaasaa demmanau, attuma na7aa immidosona; qassi woine eessaa uyanau, macca na7iyo baizzidosona."
    },
    {
        "English Sentences": "Let all mine enemies be ashamed and sore vexed: let them return and be ashamed suddenly.",
        "Wolaitta Sentences": "\"Inttenoo, Xiiroosa, Sidoonanne Pilisxxeema biittaa asatoo, intte ta bolli ai oottanau qoppidetii? Taani oottidoogaa haluwaa kessanau koyeetii? Hegaa intte koyikko, taani eesotada intte oottido oosuwaa intte bolli zaarana."
    },
    {
        "English Sentences": "O LORD my God, in thee do I put my trust: save me from all them that persecute me, and deliver me:",
        "Wolaitta Sentences": "Aissi giikko, intte ta biraanne ta worqqaa ekkideta; ta al77o miishshaakka intte eeqa keettata gelissideta."
    },
    {
        "English Sentences": "Lest he tear my soul like a lion, rending it in pieces, while there is none to deliver.",
        "Wolaitta Sentences": "Yihudaa biittaa asaanne Yerusalaame katamaa asaa eta biittaappe haassi efiidi, Giriike biittaa asau baizzideta."
    },
    {
        "English Sentences": "O LORD my God, if I have done this; if there be iniquity in my hands;",
        "Wolaitta Sentences": "Be7ite, intte baizzido sohuwaappe taani eta ha77i kessana; kessada intte oottidobaa ubbaa intte huuphiyan zaarana."
    },
    {
        "English Sentences": "If I have rewarded evil unto him that was at peace with me; (yea, I have delivered him that without cause is mine enemy:)",
        "Wolaitta Sentences": "Taani intte attuma naatanne intte macca naata Yihudaa biittaa asau aatta immana; qassi etikka haaho biittan de7iya Saaba biittaa asau eta baizzana. Taani GODAI hagaa odaas."
    },
    {
        "English Sentences": "Let the enemy persecute my soul, and take it; yea, let him tread down my life upon the earth, and lay mine honour in the dust. Selah.",
        "Wolaitta Sentences": "\"Hagaadan yaagidi kawotettatu giddon awaajjite; Olau giigite; mino asata denttettite! Olanchchati shiiqonanne kiyona."
    },
    {
        "English Sentences": "Arise, O LORD, in thine anger, lift up thyself because of the rage of mine enemies: and awake for me to the judgment that thou hast commanded.",
        "Wolaitta Sentences": "Intte marashaa biso, intte baacaakka toora kessanau qoxxite! Daafuranchchai, \"Taani mino!\" yaago."
    },
    {
        "English Sentences": "So shall the congregation of the people compass thee about: for their sakes therefore return thou on high.",
        "Wolaitta Sentences": "Inttenoo, yuushuwan de7iya kawotetta ubbatoo, eesuwan haa yiite; yiidi hegan shiiqite yaagite\" yaagees. Abeet GODAU, ne olanchchata yaa duge wotta!"
    },
    {
        "English Sentences": "The LORD shall judge the people: judge me, O LORD, according to my righteousness, and according to mine integrity that is in me.",
        "Wolaitta Sentences": "Qassikka GODAI hagaadan yaagees; \"Kawotettati denddidi, Yoosaafixa Wombbaa yoona; aissi giikko, Israa7eela yuushuwan de7iya kawotettatu ubbaa bollan pirddanau taani yan uttana."
    },
    {
        "English Sentences": "Oh let the wickedness of the wicked come to an end; but establish the just: for the righteous God trieth the hearts and reins.",
        "Wolaitta Sentences": "Eta iitatettai keehi dariis. Hegaa gishshau, cahaa wodee gakkin baacan cakkiyoogaadan, eta cakkite; woiniyaa aifee gum77iyo ollan kumin yedhdhiyoogaadankka, eta yedhdhite."
    },
    {
        "English Sentences": "My defence is of God, which saveth the upright in heart.",
        "Wolaitta Sentences": "Pirddaa wombban GODAA gallassai gakkiis; hegaa gishshau, daro daro asai pirddaa wombban de7ees."
    },
    {
        "English Sentences": "God judgeth the righteous, and God is angry with the wicked every day.",
        "Wolaitta Sentences": "He gallassi awainne aginai xumana; xoolinttetikka bantta poo7uwaa genttana."
    },
    {
        "English Sentences": "If he turn not, he will whet his sword; he hath bent his bow, and made it ready.",
        "Wolaitta Sentences": "\"GODAI Xiyoonen gididi guummana; Yerusalaamenkka ba cenggurssaa sissana; saloinne sa7ai kokkorana. SHin GODAI ba asaassi Israa7eelassi baqati attiyo sohonne qato gidana."
    },
    {
        "English Sentences": "He hath also prepared for him the instruments of death; he ordaineth his arrows against the persecutors.",
        "Wolaitta Sentences": "Taani ta geeshsha deriyan Xiyoonen de7iya GODAA intte Xoossaa gidiyoogaa intte he wode erana. Yerusalaame katamai geeshsha gidana; qassi allagati naa77antto Yerusalaame woraajjokkona."
    },
    {
        "English Sentences": "Behold, he travaileth with iniquity, and hath conceived mischief, and brought forth falsehood.",
        "Wolaitta Sentences": "\"He gallassi dereti aife eessaa, woiniyaagaa xokkana; keratikka maattaa goggana. Yihudaa biittan de7iya shaafa ubbaara haattai shohattana. GODAA Beeta Maqidasiyaappe pulttoi goggana; goggidi, SHiixima Zanggaaraa ushshana."
    },
    {
        "English Sentences": "He made a pit, and digged it, and is fallen into the ditch which he made.",
        "Wolaitta Sentences": "\"Gibxxe biittai baisa gidana; Eedooma biittaikka booddila bazzo gidana. Aissi giikko, eti Yihudaa asaa bolli iitabaa oottidosona; qassi Yihudaa biittan xillo asaa suuttaakka gussidosona."
    },
    {
        "English Sentences": "His mischief shall return upon his own head, and his violent dealing shall come down upon his own pate.",
        "Wolaitta Sentences": "SHin Yihudaa biittai merinau, Yerusalaame katamaikka yeleta ubbaa gakkanaashin, asi de7iyo soho gidana."
    },
    {
        "English Sentences": "I will praise the LORD according to his righteousness: and will sing praise to the name of the LORD most high.",
        "Wolaitta Sentences": "Taani haluwaa kessennan aggido eta suuttaa haluwaa biron kessana; aissi giikko, GODAI Xiyoonen de7ees\" yaagees."
    }
]