[
    {
        "English Sentences": "Now there was a certain man of Ramathaimzophim, of mount Ephraim, and his name was Elkanah, the son of Jeroham, the son of Elihu, the son of Tohu, the son of Zuph, an Ephrathite:",
        "Wolaitta Sentences": "Ooziyaani Yihudaa biittan kawo, qassi Yo7aasha na7ai Iyorbbaami Israa7eela biittan kawo gididi de7ido laittan Taqo7a biittan dorssaa heemmiyaageetuppe issoi Amoxi, biittai qaaxxanaappe naa77u laittappe kase Israa7eelabaa be7ido ajjuutai hagaa."
    },
    {
        "English Sentences": "And he had two wives; the name of the one was Hannah, and the name of the other Peninnah: and Peninnah had children, but Hannah had no children.",
        "Wolaitta Sentences": "I hagaadan yaagiis; \"GODAI Xiyoone Deriyan gudees; Yerusalaame katamankka ba cenggurssaa sissees. Henttanchchati mehiyaa heemmiyo hentta gadeti meloosona; Qarmmeloosa Deriyaa huuphiyan de7iya irxxaikka shullees\" yaagiis."
    },
    {
        "English Sentences": "And this man went up out of his city yearly to worship and to sacrifice unto the LORD of hosts in Shiloh. And the two sons of Eli, Hophni and Phinehas, the priests of the LORD, were there.",
        "Wolaitta Sentences": "GODAI hagaadan yaagees; \"Damasqqo asai zaari zaaridi oottido nagaraa gishshau, taani eta qaxxayennan aggikke. Aissi giikko, eti Gala7aade biittaa asaa birata achchaara de7iya gaariyan yettidi qoxxidosona."
    },
    {
        "English Sentences": "And when the time was that Elkanah offered, he gave to Peninnah his wife, and to all her sons and her daughters, portions:",
        "Wolaitta Sentences": "Hegaa gishshau, taani Kawuwaa Hazaa7eela keettan tamaa yeddana; yeddin he tamai Kawuwaa Benihadaada qatotakka maana."
    },
    {
        "English Sentences": "But unto Hannah he gave a worthy portion; for he loved Hannah: but the LORD had shut up her womb.",
        "Wolaitta Sentences": "Taani Damasqqo katamaa penggiyaa hiraquwaa menttana; Aweena Wombban de7iya asaa yedettananne kawotaa xam77aa oiqqidaagaakka Beeti-Edeenappe xaissana; qassi Sooriyaa biittaa asaikka omoodettidi, Qiira giyoosaa baana\" yaagees GODAI."
    },
    {
        "English Sentences": "And her adversary also provoked her sore, for to make her fret, because the LORD had shut up her womb.",
        "Wolaitta Sentences": "GODAI hagaadan yaagees; \"Gaaza katamaa asai zaari zaaridi oottido nagaraa gishshau, taani eta qaxxayennan aggikke. Aissi giikko, eti biittan de7iya asa ubbaa omooddidi, Eedooma biittaa asau baizzidosona."
    },
    {
        "English Sentences": "And as he did so year by year, when she went up to the house of the LORD, so she provoked her; therefore she wept, and did not eat.",
        "Wolaitta Sentences": "Hegaa gishshau, taani Gaaza katamaa dirssan tamaa yeddana; yeddin he tamai katamaa qatotakka maana."
    },
    {
        "English Sentences": "Then said Elkanah her husband to her, Hannah, why weepest thou? and why eatest thou not? and why is thy heart grieved? am not I better to thee than ten sons?",
        "Wolaitta Sentences": "Ashddoodan de7iya asaa taani yedettananne kawotaa xam77aa oiqqidaagaakka Asqqaloonappe xaissana. Eqiroona kataman de7iya asaakka qaxxayana; qassi Pilisxxeema biittaa asaappe attidaageetikka haiqqana. Taani Ubbaa Haariya GODAI hagaa odais\" yaagees."
    },
    {
        "English Sentences": "So Hannah rose up after they had eaten in Shiloh, and after they had drunk. Now Eli the priest sat upon a seat by a post of the temple of the LORD.",
        "Wolaitta Sentences": "GODAI hagaadan yaagees; \"Xiiroosa katamaa asai zaari zaaridi oottido nagaraa gishshau, taani eta qaxxayennan aggikke. Aissi giikko, eti maacettido ishatettaa maachchaa kanttidi, omoodettida asaa ubbaa Eedooma asaassi baizzidosona."
    },
    {
        "English Sentences": "And she was in bitterness of soul, and prayed unto the LORD, and wept sore.",
        "Wolaitta Sentences": "Hegaa gishshau, taani Xiiroosa katamaa dirssan tamaa yeddana; yeddin he tamai katamaa qatotakka maana\" yaagees."
    },
    {
        "English Sentences": "And she vowed a vow, and said, O LORD of hosts, if thou wilt indeed look on the affliction of thine handmaid, and remember me, and not forget thine handmaid, but wilt give unto thine handmaid a man child, then I will give him unto the LORD all the days of his life, and there shall no razor come upon his head.",
        "Wolaitta Sentences": "GODAI hagaadan yaagees; \"Eedooma biittaa asai zaari zaaridi oottido nagaraa gishshau, taani eta qaxxayennan aggikke. Aissi giikko, eti bantta ishantta Israa7eelata bisuwan yedettidosona; eti etau qarettibookkona. Eti ubbatoo hanqqettoosona; eta yiilloi merinaukka simmenna."
    },
    {
        "English Sentences": "And it came to pass, as she continued praying before the LORD, that Eli marked her mouth.",
        "Wolaitta Sentences": "Hegaa gishshau, taani Temaana katamaa bolli tamaa yeddana; yeddin he tamai Booxira katamaa qatota maana\" yaagees."
    },
    {
        "English Sentences": "Now Hannah, she spake in her heart; only her lips moved, but her voice was not heard: therefore Eli thought she had been drunken.",
        "Wolaitta Sentences": "GODAI hagaadan yaagees; \"Amoona biittaa asai zaari zaaridi oottido nagaraa gishshau, taani eta qaxxayennan aggikke. Aissi giikko, eti bantta zawaa aassanau Gala7aade biittan de7iya shahaara maccaasatu uluwaa daakkidosona."
    },
    {
        "English Sentences": "And Eli said unto her, How long wilt thou be drunken? put away thy wine from thee.",
        "Wolaitta Sentences": "Hegaa gishshau, taani Raaba katamaa dirssan tamaa yeddana; yeddin he tamai katamaa qatota maana. Hegaappe guyyiyan, olaa gallassi waasoi darana; qassi olanchchati gotiyaadan wolqqaamana."
    },
    {
        "English Sentences": "And Hannah answered and said, No, my lord, I am a woman of a sorrowful spirit: I have drunk neither wine nor strong drink, but have poured out my soul before the LORD.",
        "Wolaitta Sentences": "Eta kawoinne aara oottiya halaqati ubbai omoodettidi issippe baana\" yaagees."
    },
    {
        "English Sentences": "Count not thine handmaid for a daughter of Belial: for out of the abundance of my complaint and grief have I spoken hitherto.",
        "Wolaitta Sentences": "GODAI hagaadan yaagees; \"Moo7aaba biittaa asai zaari zaaridi oottido nagaraa gishshau, taani eta qaxxayennan aggikke. Aissi giikko, eti Eedooma biittaa kawuwaa meqettaa bidintta kiyana gakkanaashin xuuggidosona."
    },
    {
        "English Sentences": "Then Eli answered and said, Go in peace: and the God of Israel grant thee thy petition that thou hast asked of him.",
        "Wolaitta Sentences": "Hegaa gishshau, taani Moo7aaba biittan tamaa yeddana; yeddin he tamai Qiriyoota katamaa qatota maana. Moo7aaba biittaa asai shabbirssaa giddon, olaa waasuwaa giddooninne malkkataa punettaa giddon haiqqi wurana."
    },
    {
        "English Sentences": "And she said, Let thine handmaid find grace in thy sight. So the woman went her way, and did eat, and her countenance was no more sad.",
        "Wolaitta Sentences": "Taani Moo7aaba biittaa haariyaagaa xaissana; qassi halaqata ubbaakka aara issippe worana\" yaagees."
    },
    {
        "English Sentences": "And they rose up in the morning early, and worshipped before the LORD, and returned, and came to their house to Ramah: and Elkanah knew Hannah his wife; and the LORD remembered her.",
        "Wolaitta Sentences": "GODAI hagaadan yaagees; \"Yihudaa biittaa asai zaari zaaridi oottido nagaraa gishshau, taani eta qaxxayennan aggikke. Aissi giikko, eti GODAA higgiyaa ixxidosona; a azazuwaakka naagibookkona. Eta aawati kaallido worddo xoossati etakka balettidosona."
    },
    {
        "English Sentences": "Wherefore it came to pass, when the time was come about after Hannah had conceived, that she bare a son, and called his name Samuel, saying, Because I have asked him of the LORD.",
        "Wolaitta Sentences": "Hegaa gishshau, taani Yihudaa biittaa bolli tamaa yeddana; yeddin he tamai Yerusalaame qatota maana\" yaagees."
    },
    {
        "English Sentences": "And the man Elkanah, and all his house, went up to offer unto the LORD the yearly sacrifice, and his vow.",
        "Wolaitta Sentences": "GODAI hagaadan yaagees; \"Israa7eela asai zaari zaaridi oottido nagaraa gishshau, taani eta qaxxayennan aggikke. Aissi giikko, eti miishshaa ekkana gishshau, xilluwaa baizzoosona; qassi caammaa acuwaa ekkana gishshaukka hiyyeesaa baizzoosona."
    },
    {
        "English Sentences": "But Hannah went not up; for she said unto her husband, I will not go up until the child be weaned, and then I will bring him, that he may appear before the LORD, and there abide for ever.",
        "Wolaitta Sentences": "Manqqota biittaa baanan onggidi, eta huuphiyaa yedhdhoosona; naaqettidaageetu pirddaakka geellayoosona. Qassi aawainne na7ai naa77ai issi maccaasiyo laggettiyoogan ta geeshsha sunttaa keehippe tunissoosona."
    },
    {
        "English Sentences": "And Elkanah her husband said unto her, Do what seemeth thee good; tarry until thou have weaned him; only the LORD establish his word. So the woman abode, and gave her son suck until she weaned him.",
        "Wolaitta Sentences": "Eti asaappe acuwaassi oiqqido maayuwaa yarshshiyo sohotu ubbaa matan hiixxidi, an zin77oosona; qassi asaappe maqqacco oottidi ekkido woine eessaa bantta Xoossaa keettan uyoosona."
    },
    {
        "English Sentences": "And when she had weaned him, she took him up with her, with three bullocks, and one ephah of flour, and a bottle of wine, and brought him unto the house of the LORD in Shiloh: and the child was young.",
        "Wolaitta Sentences": "\"Gidikkonne, zigaadan aduqqidi, wolaadan minnida Amoore biittaa asata eta sinttappe xaissidaagee tana. Taani etau bolla aifiyaarakka garssa xaphuwaarakka ubbaa xaissaas."
    },
    {
        "English Sentences": "And they slew a bullock, and brought the child to Eli.",
        "Wolaitta Sentences": "Taani inttena Gibxxe biittaappe kessada, bazzon oitamu laittaa kaalettaas; qassi Amooretu biittaakka intteyyo laata oottada immaas."
    },
    {
        "English Sentences": "And she said, Oh my lord, as thy soul liveth, my lord, I am the woman that stood by thee here, praying unto the LORD.",
        "Wolaitta Sentences": "\"Intte attuma naatu giddoppe hananabaa yootiyaageeta, intte yelaga asaa giddoppekka banttana GODAASSI dummayida Naaziraaweta denttaas. Inttenoo, Israa7eela asatoo, hagee tuma gidennee? Hagaa taani GODAI odaas."
    },
    {
        "English Sentences": "For this child I prayed; and the LORD hath given me my petition which I asked of him:",
        "Wolaitta Sentences": "SHin intte he Naaziraaweta caaquwaa kolissidi, woine eessaa ushshideta; hananabaa yootiyaageetakka, Hananabaa yootoppite yaagidi azazideta."
    },
    {
        "English Sentences": "Therefore also I have lent him to the LORD; as long as he liveth he shall be lent to the LORD. And he worshipped the LORD there.",
        "Wolaitta Sentences": "\"Be7ite, kattaa darissidi caanido gaaree me77iyoogaadan, taani inttena menttana."
    },
    {
        "English Sentences": "And Hannah prayed, and said, My heart rejoiceth in the LORD, mine horn is exalted in the LORD: my mouth is enlarged over mine enemies; because I rejoice in thy salvation.",
        "Wolaitta Sentences": "Pala woxxiyaagee baqatidi kessi ekkenna; minuwaayyo wolqqi ixxana; olanchchaikka ba shemppuwaa ashshenna."
    },
    {
        "English Sentences": "There is none holy as the LORD: for there is none beside thee: neither is there any rock like our God.",
        "Wolaitta Sentences": "Wonddafiyan dukkiyaagee ba sohuwan eqqanau danddayenna; tohuwaa bol77oikka kessi ekkenna; paraawaikka ba shemppuwaa ashshenna."
    },
    {
        "English Sentences": "Talk no more so exceeding proudly; let not arrogancy come out of your mouth: for the LORD is a God of knowledge, and by him actions are weighed.",
        "Wolaitta Sentences": "He gallassi harai atto olanchchatu giddon keehi xalanchcha giyoogeetikka kallo xiire baqatana\" yaagees GODAI."
    },
    {
        "English Sentences": "The bows of the mighty men are broken, and they that stumbled are girded with strength.",
        "Wolaitta Sentences": "Inttenoo Israa7eela asatoo, GODAI intte bolli, Gibxxe biittaappe i kessido asa ubbaa bolli haasayidoogaa siyite."
    },
    {
        "English Sentences": "They that were full have hired out themselves for bread; and they that were hungry ceased: so that the barren hath born seven; and she that hath many children is waxed feeble.",
        "Wolaitta Sentences": "\"Sa7an de7iya asa ubbaappe taani intte xalaalaa dooraas. Hegaa gishshau, intte oottido nagara ubbaassi taani inttena qaxxayana\" yaagees."
    },
    {
        "English Sentences": "The LORD killeth, and maketh alive: he bringeth down to the grave, and bringeth up.",
        "Wolaitta Sentences": "Naa77u asati maayettennan de7iiddi issippe hemettiyoonaa?"
    },
    {
        "English Sentences": "The LORD maketh poor, and maketh rich: he bringeth low, and lifteth up.",
        "Wolaitta Sentences": "Gaammoi oiqqiyoobaa demmennan woran coo gudiiyye? Woikko wodala gaammoi aibakko yedettidi oiqqennan ba geessuwan daariiyye?"
    },
    {
        "English Sentences": "He raiseth up the poor out of the dust, and lifteth up the beggar from the dunghill, to set them among princes, and to make them inherit the throne of glory: for the pillars of the earth are the LORD's, and he hath set the world upon them.",
        "Wolaitta Sentences": "Oiqqanau yeggido gitiyaa giddon katti xayikko, kafoi coo ohettii? Woikko piree aibakko oiqqiyoobi bainnan coo pirii?"
    },
    {
        "English Sentences": "He will keep the feet of his saints, and the wicked shall be silent in darkness; for by strength shall no man prevail.",
        "Wolaitta Sentences": "Katamaa giddon olaa malkkatai punettiyo wode, asai yashshan kokkorenneeyye? Woikko GODAI kiittennan de7ishin, bashshai issi katamaa bollan yiiyye?"
    },
    {
        "English Sentences": "The adversaries of the LORD shall be broken to pieces; out of heaven shall he thunder upon them: the LORD shall judge the ends of the earth; and he shall give strength unto his king, and exalt the horn of his anointed.",
        "Wolaitta Sentences": "Tumaappe Ubbaa Haariya GODAI ba xuuraa hananabaa yootiya ba ashkkaratussi kasetidi qonccissennan de7iiddi, aibanne oottenna."
    },
    {
        "English Sentences": "And Elkanah went to Ramah to his house. And the child did minister unto the LORD before Eli the priest.",
        "Wolaitta Sentences": "Gaammoi gudin, yayyennai oonee? Ubbaa Haariya GODAI odin, hananabaa yootennai oonee?"
    },
    {
        "English Sentences": "Now the sons of Eli were sons of Belial; they knew not the LORD.",
        "Wolaitta Sentences": "Ashddooda katamaaninne Gibxxe kawo keettatun de7iya ubbatussi hagaadan yaagidi awaajjite; \"Samaariyaa deretu bolli shiiqite; shiiqidi yan haniya gita wocamaanne sugetta oosuwaa be7ite\" yaagite."
    },
    {
        "English Sentences": "And the priests' custom with the people was, that, when any man offered sacrifice, the priest's servant came, while the flesh was in seething, with a fleshhook of three teeth in his hand;",
        "Wolaitta Sentences": "GODAI hagaadan yaagees; \"Ha asati sittabaa oottiyoogaa erokkona; sugettaaninne bonqqidi ehiido miishshan bantta keettaa kuntti wottidosona\" yaagees."
    },
    {
        "English Sentences": "And he struck it into the pan, or kettle, or caldron, or pot; all that the fleshhook brought up the priest took for himself. So they did in Shiloh unto all the Israelites that came thither.",
        "Wolaitta Sentences": "Hegaa gishshau, Ubbaa Haariya GODAI hagaadan yaagees; \"Morkkee intte biittaa dooddana; intte qatuwaa laalana; intte duretu keettaakka bonqqana\" yaagees."
    },
    {
        "English Sentences": "Also before they burnt the fat, the priest's servant came, and said to the man that sacrificed, Give flesh to roast for the priest; for he will not have sodden flesh of thee, but raw.",
        "Wolaitta Sentences": "GODAI hagaadan yaagees; \"Henttanchchai gaammuwaa doonaappe dorssaa wotti ekkiyo wode, dorssaayyo naa77u gedeta woikko duuxa haittaa wotti ekkiyoogaadan, hegaadankka Samaariyaa biittan ishaluwan uttida Israa7eela asaappe amaridaageetu xalaalai attana\" yaagees."
    },
    {
        "English Sentences": "And if any man said unto him, Let them not fail to burn the fat presently, and then take as much as thy soul desireth; then he would answer him, Nay; but thou shalt give it me now: and if not, I will take it by force.",
        "Wolaitta Sentences": "Godai, Ubbaappe Wolqqaama GODAI Xoossai hagaadan yaagees; \"Hagaa siyite; siyidi Yaaqooba zaretu bolli markkattite."
    },
    {
        "English Sentences": "Wherefore the sin of the young men was very great before the LORD: for men abhorred the offering of the LORD.",
        "Wolaitta Sentences": "Taani Israa7eela asaa eta nagaraa gishshau qaxxayiyo gallassi, Beeteele kataman de7iya yarshshiyo sohota kolana; yarshshiyo sohuwan de7iya kacetikka me77idi, sa7an wodhdhana."
    },
    {
        "English Sentences": "But Samuel ministered before the LORD, being a child, girded with a linen ephod.",
        "Wolaitta Sentences": "Balggo eti de7iyo keettaanne bone eti de7iyo keettaa ubbaa taani xaissana. Danggarssaa zaaliyan alleeqissidi, eti keexxido keettaikka kolettana; qassi gita gita keettati ubbaikka xayana\" yaagees."
    },
    {
        "English Sentences": "Moreover his mother made him a little coat, and brought it to him from year to year, when she came up with her husband to offer the yearly sacrifice.",
        "Wolaitta Sentences": "Inttenoo, Samaariyaa maccaasatoo, Baasaane biittaa macca miizzatudan modhdhidaageetoo, hagaa siyite! Intte hiyyeesata huqqunneeta; manqqotakka tuggayeeta. Intte keettaawatakka, \"Nuussi ushshaa hammite\" yaageeta."
    },
    {
        "English Sentences": "And Eli blessed Elkanah and his wife, and said, The LORD give thee seed of this woman for the loan which is lent to the LORD. And they went unto their own home.",
        "Wolaitta Sentences": "Ubbaa Haariya GODAI hagaadan yaagidi, ba geeshshatettan caaqqiis; \"Intte manxxaquwan oiqettidi gooshettana gallassainne intteppe attida amaridaageetikka manxxaquwan ohettidi biya moletudan hanana gallassai yaana."
    },
    {
        "English Sentences": "And the LORD visited Hannah, so that she conceived, and bare three sons and two daughters. And the child Samuel grew before the LORD.",
        "Wolaitta Sentences": "Intte ubbaikka dirssaa xoo7iyaara goochchin kiyidi, Hermmoonen olettana\" yaagidi caaqqiis."
    },
    {
        "English Sentences": "Now Eli was very old, and heard all that his sons did unto all Israel; and how they lay with the women that assembled at the door of the tabernacle of the congregation.",
        "Wolaitta Sentences": "Ubbaa Haariya GODAI hagaadan yaagees; \"Inttenoo, Israa7eela asatoo, biite; Beeteele biidi, nagaraa oottite; Gelggalakka biidi, nagaraa gujjidi oottite. Maallado maallado intte yarshshuwaa yarshshite; heezzantto gallassi gallassi intte asirataa ehiite."
    },
    {
        "English Sentences": "And he said unto them, Why do ye such things? for I hear of your evil dealings by all this people.",
        "Wolaitta Sentences": "Irshshuwaa yeggidi uukkido oittaa xuuggidi, galataa yarshshuwaa yarshshite. Intte intte dosan immiyoobaa gishshau, otorettiiddi awaajjite. Aissi giikko, intte oottanau dosiyoogee hegaa\" yaagees."
    },
    {
        "English Sentences": "Nay, my sons; for it is no good report that I hear: ye make the LORD's people to transgress.",
        "Wolaitta Sentences": "Qassikka GODAI hagaadan yaagees; \"Intte katama ubban taani koshaa yeddada, harai atto intte achchan daxiyoobaakka xaissaas; shin intte hegankka taakko simmibeekketa."
    },
    {
        "English Sentences": "If one man sin against another, the judge shall judge him: but if a man sin against the LORD, who shall intreat for him? Notwithstanding they hearkened not unto the voice of their father, because the LORD would slay them.",
        "Wolaitta Sentences": "Kattaa cakkiyo wodee gakkanau biron heezzu aginai de7ishin, taani intteyyo iraa teqqaas. Taani issi kataman iraa bukissada hara kataman bukkennaadan diggaas; issi shooqan bukkiis; hara bukkibeenna shooqai qassi meliis."
    },
    {
        "English Sentences": "And the child Samuel grew on, and was in favour both with the LORD, and also with men.",
        "Wolaitta Sentences": "Hegaa gishshau, naa77u woikko heezzu katamatu asai haattaa uyanau issi katamaa biidosona; shin alibookkona. Hegankka qassi intte taakko simmibeekketa\" yaagees."
    },
    {
        "English Sentences": "And there came a man of God unto Eli, and said unto him, Thus saith the LORD, Did I plainly appear unto the house of thy father, when they were in Egypt in Pharaoh's house?",
        "Wolaitta Sentences": "GODAI, \"Taani intte kattaa bollan harggiyaa yeddaas; intte ataakilttiyaanne intte woine turaa, intte balasiyaa mittaanne intte wogaraa ubbaa boolee miis; shin intte hegankka taakko simmibeekketa\" yaagees."
    },
    {
        "English Sentences": "And did I choose him out of all the tribes of Israel to be my priest, to offer upon mine altar, to burn incense, to wear an ephod before me? and did I give unto the house of thy father all the offerings made by fire of the children of Israel?",
        "Wolaitta Sentences": "GODAI, \"Taani Gibxxe asatu bolli boshaa yeddidoogaadan, intte bollankka boshaa yeddaas; intte wodalla naata bisuwan woraas; intte paratikka omoodettanaadan oottaas. Intte moottan haiqqida asaa ahaa xinqquwan inttena ullaas; shin intte hegankka taakko simmibeekketa\" yaagees."
    },
    {
        "English Sentences": "Wherefore kick ye at my sacrifice and at mine offering, which I have commanded in my habitation; and honourest thy sons above me, to make yourselves fat with the chiefest of all the offerings of Israel my people?",
        "Wolaitta Sentences": "GODAI, \"Sadoomanne Gamoora katamata xaissidoogaadan, intteppekka darota xaissaas; ha attida inttekka tamaappe eexxiiddi attida xiifa mala; shin intte hegankka taakko simmibeekketa\" yaagees."
    },
    {
        "English Sentences": "Wherefore the LORD God of Israel saith, I said indeed that thy house, and the house of thy father, should walk before me for ever: but now the LORD saith, Be it far from me; for them that honour me I will honour, and they that despise me shall be lightly esteemed.",
        "Wolaitta Sentences": "GODAI, \"Hegaa gishshau, Israa7eela asatoo, taani inttena hegaadan oottada qaxxayana hanais. Taani inttena hagaadan oottada qaxxayana haniyo gishshau, Israa7eela asau, intte Xoossaara gaittanau giigite\" yaagees."
    },
    {
        "English Sentences": "Behold, the days come, that I will cut off thine arm, and the arm of thy father's house, that there shall not be an old man in thine house.",
        "Wolaitta Sentences": "Dereta giigissidaagee, carkkuwaakka medhdhidaagee, ba wozanaa qofaa asau qonccissiyaagee, wonttaa poo7uwaa xumau laammiyaagee, biittan de7iya xoqqa dereta yedhdhiyaagee, au sunttai GODAA, Ubbaappe Wolqqaama Xoossaa."
    },
    {
        "English Sentences": "And thou shalt see an enemy in my habitation, in all the wealth which God shall give Israel: and there shall not be an old man in thine house for ever.",
        "Wolaitta Sentences": "Israa7eela asatoo, taani intte bolli zilaaliyo zilaassaa siyite!"
    },
    {
        "English Sentences": "And the man of thine, whom I shall not cut off from mine altar, shall be to consume thine eyes, and to grieve thine heart: and all the increase of thine house shall die in the flower of their age.",
        "Wolaitta Sentences": "\"Geela7iyaa Israa7eela kunddaasu; simmi naa77antto denddukku. Sa7an olettaasu; o denttiyaabikka baawa!\" yaagaas."
    },
    {
        "English Sentences": "And this shall be a sign unto thee, that shall come upon thy two sons, on Hophni and Phinehas; in one day they shall die both of them.",
        "Wolaitta Sentences": "Ubbaa Haariya GODAI hagaadan yaagees; \"SHa7u olanchchata olau yeddiya Israa7eela katamaassi xeetu olanchchatu xalaalai attana; xeetu olanchchata olau yeddiya Israa7eela katamaassi qassi tammu olanchchatu xalaalai attana\" yaagees."
    },
    {
        "English Sentences": "And I will raise me up a faithful priest, that shall do according to that which is in mine heart and in my mind: and I will build him a sure house; and he shall walk before mine anointed for ever.",
        "Wolaitta Sentences": "GODAI Israa7eela asaassi hagaadan yaagees; \"Tana koyite; yaatikko, intte de7uwan de7ana."
    },
    {
        "English Sentences": "And it shall come to pass, that every one that is left in thine house shall come and crouch to him for a piece of silver and a morsel of bread, and shall say, Put me, I pray thee, into one of the priests' offices, that I may eat a piece of bread.",
        "Wolaitta Sentences": "SHin Beeteele koyoppite. Gelggala geloppite. Berssaabehi pinnoppite. Aissi giikko, Gelggali omoodettana; Beeteeleekka xayana\" yaagees."
    },
    {
        "English Sentences": "And the child Samuel ministered unto the LORD before Eli. And the word of the LORD was precious in those days; there was no open vision.",
        "Wolaitta Sentences": "GODAA koyite; yaatikko, intte de7uwan de7ana. Hegee xayikko, i Yooseefa zariyaa tamaadan xuuggana; Beeteelen de7iya asaakka tamai maana. He tamaa etau ooninne toissenna."
    },
    {
        "English Sentences": "And it came to pass at that time, when Eli was laid down in his place, and his eyes began to wax dim, that he could not see;",
        "Wolaitta Sentences": "Inttenoo, suure pirddaa geellayidaageetoo, xillotettaakka sa7an oliyaageetoo, hagaa siyite."
    },
    {
        "English Sentences": "And ere the lamp of God went out in the temple of the LORD, where the ark of God was, and Samuel was laid down to sleep;",
        "Wolaitta Sentences": "Piliyaadisa geetettiya laappun xoolinttetanne Ooriyoona geetettiya xoolinttetu citaa medhdhidaagee, sakkana xumaa wonttau, gallassa poo7uwaakka qammau laammiyaageenne abban de7iya haattata pude saluwaa xeesidi, sa7a micettaa bolli duge tigiyaagee, au sunttai GODAA."
    },
    {
        "English Sentences": "That the LORD called Samuel: and he answered, Here am I.",
        "Wolaitta Sentences": "I qatota laalanau wolqqaamatu bolli bashshaa ehees."
    },
    {
        "English Sentences": "And he ran unto Eli, and said, Here am I; for thou calledst me. And he said, I called not; lie down again. And he went and lay down.",
        "Wolaitta Sentences": "Intte pirddaa gutaran seeriyaagaa ixxeeta; tumaa yootiyaagaakka sheneteeta."
    },
    {
        "English Sentences": "And the LORD called yet again, Samuel. And Samuel arose and went to Eli, and said, Here am I; for thou didst call me. And he answered, I called not, my son; lie down again.",
        "Wolaitta Sentences": "Intte hiyyeesata yedhdhidi, eta kattaakka etappe bonqqidi ekkideta. Yaatidi masettida shuchchan keettata gimbbideta; shin intte he keettatun de7ekketa. Lo77iya woine turatakka tokkideta; shin intte he woiniyaa eessaa uyekketa."
    },
    {
        "English Sentences": "Now Samuel did not yet know the LORD, neither was the word of the LORD yet revealed unto him.",
        "Wolaitta Sentences": "Aissi giikko, intte naaqoi aappunakkonne intte nagaraikka ai keena gitakko taani erais. Intte xillota naaqqeeta; mattaayiyaakka ekkeeta; qassi gutaran hiyyeesatu pirddaa geellayeeta."
    },
    {
        "English Sentences": "And the LORD called Samuel again the third time. And he arose and went to Eli, and said, Here am I; for thou didst call me. And Eli perceived that the LORD had called the child.",
        "Wolaitta Sentences": "Hegaa gishshau, hagaa mala wodiyan cincca asi co77u gees; aissi giikko, wodee iita."
    },
    {
        "English Sentences": "Therefore Eli said unto Samuel, Go, lie down: and it shall be, if he call thee, that thou shalt say, Speak, LORD; for thy servant heareth. So Samuel went and lay down in his place.",
        "Wolaitta Sentences": "De7uwan de7anau lo77obaappe attin, iitabaa oottoppite; yaatikko, intte giyoogaadan, GODAI, Ubbaappe Wolqqaama Xoossai inttenaara gidana."
    },
    {
        "English Sentences": "And the LORD came, and stood, and called as at other times, Samuel, Samuel. Then Samuel answered, Speak; for thy servant heareth.",
        "Wolaitta Sentences": "Iitabaa ixxite. Lo77obaa dosite. Pirddaa gutarankka suure pirddaa pirddite. Yaatikko, ooni erii, GODAI, Ubbaappe Wolqqaama Xoossai Yooseefa zerettatuppe attida amaridaageetussi qarettanaakkonne."
    },
    {
        "English Sentences": "And the LORD said to Samuel, Behold, I will do a thing in Israel, at which both the ears of every one that heareth it shall tingle.",
        "Wolaitta Sentences": "Hegaa gishshau, Godai, Ubbaappe Wolqqaama GODAI Xoossai hagaadan yaagees; \"Dabaaba ubban waasoi kiyana; oge ubbankka asai, Aayye, aayye! gaana. Goshshanchchati yeehuwau, koizziyaageetikka koissau xeegettana."
    },
    {
        "English Sentences": "In that day I will perform against Eli all things which I have spoken concerning his house: when I begin, I will also make an end.",
        "Wolaitta Sentences": "Woiniyaa turaa soho ubban yeehoi de7ana; aissi giikko, taani inttena qaxxayanau intte giddoora kanttana\" yaagees GODAI."
    },
    {
        "English Sentences": "For I have told him that I will judge his house for ever for the iniquity which he knoweth; because his sons made themselves vile, and he restrained them not.",
        "Wolaitta Sentences": "Inttenoo, GODAA gallassai yaanaadan amottiyaageetoo, intteyyo aayye7ana! GODAA gallassaa aissi amotteetii? He gallassai xumappe attin, poo7o gallassa gidenna."
    },
    {
        "English Sentences": "And therefore I have sworn unto the house of Eli, that the iniquity of Eli's house shall not be purged with sacrifice nor offering for ever.",
        "Wolaitta Sentences": "He gallassi intte gaammuwaappe baqati attiyo wode, maahee gaittiyo asa mala, hegaappekka qassi baqati ba soo gelidi, ba kushiyaa godan zemppissiyo wode, shooshshai dukkiyo asa mala gidana."
    },
    {
        "English Sentences": "And Samuel lay until the morning, and opened the doors of the house of the LORD. And Samuel feared to shew Eli the vision.",
        "Wolaitta Sentences": "GODAA gallassai xumappe attin, poo7o gidenna; sakkana xumappe attin, poo7o shori mulekka baawa!"
    },
    {
        "English Sentences": "Then Eli called Samuel, and said, Samuel, my son. And he answered, Here am I.",
        "Wolaitta Sentences": "GODAI hagaadan yaagees; \"Taani intte bonchchiyo baalata ixxaasinne shenetaas; intte geeshsha yaa7atikka tana ufaissokkona."
    },
    {
        "English Sentences": "And he said, What is the thing that the LORD hath said unto thee? I pray thee hide it not from me: God do so to thee, and more also, if thou hide any thing from me of all the things that he said unto thee.",
        "Wolaitta Sentences": "Intte taayyo xuuggiyo yarshshuwaanne kattaa yarshshuwaakka yarshsheeta; shin taani hegaa ekkikke. Qassi intte taayyo galatau ehiyo issippetettaa yarshshuwaa modhdho mehetakka xeellikke."
    },
    {
        "English Sentences": "And Samuel told him every whit, and hid nothing from him. And he said, It is the LORD: let him do what seemeth him good.",
        "Wolaitta Sentences": "Intte mazamuriyaa canccettaa ta matappe haassite; intte diixxiyo diittaakka siyikke."
    },
    {
        "English Sentences": "And Samuel grew, and the LORD was with him, and did let none of his words fall to the ground.",
        "Wolaitta Sentences": "SHin suure pirddai pultto haattaadan, xillotettaikka to77enna shaafaa haattaadan goggo."
    },
    {
        "English Sentences": "And all Israel from Dan even to Beersheba knew that Samuel was established to be a prophet of the LORD.",
        "Wolaitta Sentences": "\"Inttenoo, Israa7eela asatoo, taani inttena bazzon oitamu laittaa kaalettiyo wode, taassi yarshsho yarshshidetii? Woikko imota immidetii?"
    },
    {
        "English Sentences": "And the LORD appeared again in Shiloh: for the LORD revealed himself to Samuel in Shiloh by the word of the LORD.",
        "Wolaitta Sentences": "He wode intte intte kushiyan medhdhido Kawuwaa Sakkuuta giyo eeqaanne Keewaana giyo intte xoolintte xoossaa eeqaa tookkideta."
    },
    {
        "English Sentences": "And the word of Samuel came to all Israel. Now Israel went out against the Philistines to battle, and pitched beside Ebenezer: and the Philistines pitched in Aphek.",
        "Wolaitta Sentences": "Hegaa gishshau, taani inttena omoodissada Damasqqo katamaappe aattada haahosaa yeddana\" yaagees. Hagaa giyaagee au sunttai Ubbaappe Wolqqaama Xoossaa geetettiyo GODAATTENNE."
    },
    {
        "English Sentences": "And the Philistines put themselves in array against Israel: and when they joined battle, Israel was smitten before the Philistines: and they slew of the army in the field about four thousand men.",
        "Wolaitta Sentences": "Inttenoo, Israa7eela asai maaduwaa oichchiyo bonchchettida Israa7eela biittaa halaqatoo, inttenoo, Xiyoonen baaluwan de7iyaageetoo, Samaariyaa katamankka hirggi bainnan uttidaageetoo, intteyyo aayye7ana!"
    },
    {
        "English Sentences": "And when the people were come into the camp, the elders of Israel said, Wherefore hath the LORD smitten us to day before the Philistines? Let us fetch the ark of the covenant of the LORD out of Shiloh unto us, that, when it cometh among us, it may save us out of the hand of our enemies.",
        "Wolaitta Sentences": "Ane Kalnne giyo katamaa biidi be7ite. Hegaappe qassi Hamaata giyo gita katamaa biidi, yaara qassi duge Pilisxxeematu katamaa Gaate wodhdhite. Eti intte naa77u kawotettatuppe kehiyoonaa? Eta biittai intte biittaappe aakkii?"
    },
    {
        "English Sentences": "So the people sent to Shiloh, that they might bring from thence the ark of the covenant of the LORD of hosts, which dwelleth between the cherubims: and the two sons of Eli, Hophni and Phinehas, were there with the ark of the covenant of God.",
        "Wolaitta Sentences": "Inttenoo, iita gallassai eesuwan yeenna giidi, sugetta oosuwaa oottiyaageetoo,"
    },
    {
        "English Sentences": "And when the ark of the covenant of the LORD came into the camp, all Israel shouted with a great shout, so that the earth rang again.",
        "Wolaitta Sentences": "danggarssaa zaaliyaappe oottido arssan zin77iyaageetoo, minxxaafiyankka injjetidi uttiyaageetoo, qassi dorssaa wudiyaappe anqqaratanne miizzaa zadaluwaappe daddarota miyaageetoo,"
    },
    {
        "English Sentences": "And when the Philistines heard the noise of the shout, they said, What meaneth the noise of this great shout in the camp of the Hebrews? And they understood that the ark of the LORD was come into the camp.",
        "Wolaitta Sentences": "Daawitadan yettaa miishshaa intteyyo giigissidi, maazinqqiyan dumma dumma yettaa yexxiyaageetoo,"
    },
    {
        "English Sentences": "And the Philistines were afraid, for they said, God is come into the camp. And they said, Woe unto us! for there hath not been such a thing heretofore.",
        "Wolaitta Sentences": "woiniyaa eessaa keriyaara ganiyaageetoo, keehi al77o shittuwaakka tiyettiyaageetoo, Yooseefa zaretu bashshaassi ainne azzanennaageetoo, intteyyo aayye7ana!"
    },
    {
        "English Sentences": "Woe unto us! who shall deliver us out of the hand of these mighty Gods? these are the Gods that smote the Egyptians with all the plagues in the wilderness.",
        "Wolaitta Sentences": "Hegaa gishshau, omoodettidi baanaageetuppe koiroti inttena gidana; he wode intte injje duussainne intte baalotiyoogee attana."
    },
    {
        "English Sentences": "Be strong, and quit yourselves like men, O ye Philistines, that ye be not servants unto the Hebrews, as they have been to you: quit yourselves like men, and fight.",
        "Wolaitta Sentences": "Godai, Ubbaappe Wolqqaama GODAI Xoossai hagaadan yaagidi, barkka banan caaqqiis; \"Taani Yaaqooba otoruwaa ixxais; eta qatotakka shenetaas; taani katamaanne kataman de7iya ubbaa eta morkketussi aattada immana\" yaagiis."
    },
    {
        "English Sentences": "And the Philistines fought, and Israel was smitten, and they fled every man into his tent: and there was a very great slaughter; for there fell of Israel thirty thousand footmen.",
        "Wolaitta Sentences": "Issi keettan tammu asai attikko, etikka haiqqana."
    },
    {
        "English Sentences": "And the ark of God was taken; and the two sons of Eli, Hophni and Phinehas, were slain.",
        "Wolaitta Sentences": "Haiqqidaageetu dabbotuppe issoi ahaa mooganau sooppe kessidi efaana; efiiddi, he keettaa qol77on de7iya bitaniyaa, \"Nenaara attida hara asi de7ii?\" yaagidi oichchana. Oichchin i zaaridi, \"Baawa\" yaagana. Yaagin oichchiyaagee, \"Haizza, haizza! GODAA sunttaa nuuni xeesanau koshshenna\" yaagana."
    },
    {
        "English Sentences": "And there ran a man of Benjamin out of the army, and came to Shiloh the same day with his clothes rent, and with earth upon his head.",
        "Wolaitta Sentences": "GODAI azazin, wogga keettati kolettana; qeeri keettatikka me7erettana."
    },
    {
        "English Sentences": "And when he came, lo, Eli sat upon a seat by the wayside watching: for his heart trembled for the ark of God. And when the man came into the city, and told it, all the city cried out.",
        "Wolaitta Sentences": "Parati zaallaa bollan piriixanau danddayiyoonaa? Woi qassi goshshanchchai booraa waaxidi, abbaa goyanau danddayii? SHin intte tumu pirddaa marzziyau, xillotettaa aifiyaakka camuwau laammideta."
    },
    {
        "English Sentences": "And when Eli heard the noise of the crying, he said, What meaneth the noise of this tumult? And the man came in hastily, and told Eli.",
        "Wolaitta Sentences": "Intte Lodabaara katamaa xoonido gishshau ufaitteeta; qassi, \"Nuuni Qarnnaima katamaakka nu minotettan oiqqida\" yaageeta."
    },
    {
        "English Sentences": "Now Eli was ninety and eight years old; and his eyes were dim, that he could not see.",
        "Wolaitta Sentences": "GODAI, Ubbaappe Wolqqaama Xoossai hagaadan yaagees; \"Inttenoo, Israa7eela asatoo, taani intte bolli issi kawotettaa denttana; denttin eti inttena Hamaata Pinuwaappe doommidi, Araba Wombbaa gakkanaassi tuggayana\" yaagees."
    },
    {
        "English Sentences": "And the man said unto Eli, I am he that came out of the army, and I fled to day out of the army. And he said, What is there done, my son?",
        "Wolaitta Sentences": "Ubbaa Haariya GODAI tana ajjuutaa bessiis. He ajjuutan taani kawuwaa gakkiya kattai cakettidoogaappe guyyiyan, naa77anttuwaa caarida carshshaa bolli i booliyaa wudiyaa medhdhishin be7aas."
    },
    {
        "English Sentences": "And the messenger answered and said, Israel is fled before the Philistines, and there hath been also a great slaughter among the people, and thy two sons also, Hophni and Phinehas, are dead, and the ark of God is taken.",
        "Wolaitta Sentences": "Eti irxxabaa ubbaa miidi wurssido wode taani, \"Abeet Ubbaa Haariya GODAU, hai hayyanaa atto garkkii! Yaaqooba zareti waanidi attanau danddayiyoonaa? Eti qii guuttattenne!\" yaagaas."
    },
    {
        "English Sentences": "And it came to pass, when he made mention of the ark of God, that he fell from off the seat backward by the side of the gate, and his neck brake, and he died: for he was an old man, and heavy. And he had judged Israel forty years.",
        "Wolaitta Sentences": "Hegaa gishshau, GODAI qarettidi, ba qofaa laammiis; laammidi hagaadan yaagiis; \"Ha neeni be7idobai polettenna\" yaagiis."
    },
    {
        "English Sentences": "And his daughter in law, Phinehas' wife, was with child, near to be delivered: and when she heard the tidings that the ark of God was taken, and that her father in law and her husband were dead, she bowed herself and travailed; for her pains came upon her.",
        "Wolaitta Sentences": "Ubbaa Haariya GODAI tana hara ajjuutaa bessiis. Ubbaa Haariya GODAI ba asaa pirddanau tamaa xeesiis; xeesin he tamai gita ciimma abbaa mirggidi, biittaakka xuugganau doommiis."
    },
    {
        "English Sentences": "And about the time of her death the women that stood by her said unto her, Fear not; for thou hast born a son. But she answered not, neither did she regard it.",
        "Wolaitta Sentences": "Yaatin taani hagaadan yaagaas; \"Abeet Ubbaa Haariya GODAU, hai hayyanaa ha tamaa toissarkkii! Yaaqooba zareti waanidi attanau danddayiyoonaa? Eti qii guuttattenne!\" yaagaas."
    },
    {
        "English Sentences": "And she named the child Ichabod, saying, The glory is departed from Israel: because the ark of God was taken, and because of her father in law and her husband.",
        "Wolaitta Sentences": "Hegaa gishshau, GODAI qarettidi, ba qofaa laammiis; laammidi Ubbaa Haariya GODAI hagaadan yaagiis; \"Hageekka qassi polettenna\" yaagiis."
    },
    {
        "English Sentences": "And she said, The glory is departed from Israel: for the ark of God is taken.",
        "Wolaitta Sentences": "Qassikka i tana hara ajjuutaa bessiis. Taani he ajjuutan be7iyo wode, Godai gimbbiyaa sittatettaa likkiyo tumbbiyaa oiqqidi, tumbbiyan likettidi gimbbettida gimbbiyaa matan eqqiis."
    },
    {
        "English Sentences": "And the Philistines took the ark of God, and brought it from Ebenezer unto Ashdod.",
        "Wolaitta Sentences": "Eqqidi GODAI tana, \"Amoxaa, ha neeni xeelliyoogee aibee?\" yaagidi oichchiis. Oichchin taani, \"Tumbbiyaa\" yaagaas. Yaagin Godai tana, \"Be7a, taani ta asaa Israa7eela giddon tumbbiyaa yeggais; taani eta qaxxayennan aadhdhikke."
    },
    {
        "English Sentences": "When the Philistines took the ark of God, they brought it into the house of Dagon, and set it by Dagon.",
        "Wolaitta Sentences": "Yisaaqa zareti goinniyo xoqqa sohoti kolettana; Israa7eela geeshsha sohotikka xayana; qassi Iyorbbaama kawotettaa bollikka taani bisuwaara denddana\" yaagiis."
    },
    {
        "English Sentences": "And when they of Ashdod arose early on the morrow, behold, Dagon was fallen upon his face to the earth before the ark of the LORD. And they took Dagon, and set him in his place again.",
        "Wolaitta Sentences": "Beeteele kataman qeese gididi de7iya Amaaxee Israa7eela Kawuwaa Iyorbbaamakko hagaadan yaagidi kiittiis; \"Amoxi Israa7eela asaa giddon de7iiddi, ne bolli maqettiis; i ba oduwan biittaa bashshees."
    },
    {
        "English Sentences": "And when they arose early on the morrow morning, behold, Dagon was fallen upon his face to the ground before the ark of the LORD; and the head of Dagon and both the palms of his hands were cut off upon the threshold; only the stump of Dagon was left to him.",
        "Wolaitta Sentences": "Aissi giikko, i hagaadan yaagees; Iyorbbaami bisuwan haiqqana; Israa7eela asaikka bantta biittaappe omoodettidi baana yaagees\" yaagiis."
    },
    {
        "English Sentences": "Therefore neither the priests of Dagon, nor any that come into Dagon's house, tread on the threshold of Dagon in Ashdod unto this day.",
        "Wolaitta Sentences": "Yaatin Amaaxee Amoxa hagaadan yaagiis; \"Nenoo hananabaa yootiyaagoo, ba; hini Yihudaa biitti baqata baada, yan quma ma; hananabaakka yan yoota."
    },
    {
        "English Sentences": "But the hand of the LORD was heavy upon them of Ashdod, and he destroyed them, and smote them with emerods, even Ashdod and the coasts thereof.",
        "Wolaitta Sentences": "SHin hagee Beeteelee kawoi goinniyo sohonne kawotettaa geeshsha soho gidiyo gishshau, naa77antto ha sohuwan hananabaa yootoppa\" yaagiis."
    },
    {
        "English Sentences": "And when the men of Ashdod saw that it was so, they said, The ark of the God of Israel shall not abide with us: for his hand is sore upon us, and upon Dagon our god.",
        "Wolaitta Sentences": "Yaagin Amoxi zaaridi, Amaaxiyaassi hagaadan yaagiis; \"Taani mehiyaa heemmiyaagaanne ettaa aifiyaa maxiyaagaappe attin, hananabaa yootiyaagaa woikko hananabaa yootiyaagaa na7aa gidikke."
    },
    {
        "English Sentences": "They sent therefore and gathered all the lords of the Philistines unto them, and said, What shall we do with the ark of the God of Israel? And they answered, Let the ark of the God of Israel be carried about unto Gath. And they carried the ark of the God of Israel about thither.",
        "Wolaitta Sentences": "SHin GODAI tana dorssaa wudiyaa heemmiyoosaappe ekkidi, Baada ta asau Israa7eelau hananabaa yoota yaagiis."
    },
    {
        "English Sentences": "And it was so, that, after they had carried it about, the hand of the LORD was against the city with a very great destruction: and he smote the men of the city, both small and great, and they had emerods in their secret parts.",
        "Wolaitta Sentences": "Ha77i simmi GODAI giyoobaa siya! Neeni, Israa7eela bolli hananabaa yootoppa; Yisaaqa zaretu bollikka markkattoppa yaagadasa."
    },
    {
        "English Sentences": "Therefore they sent the ark of God to Ekron. And it came to pass, as the ark of God came to Ekron, that the Ekronites cried out, saying, They have brought about the ark of the God of Israel to us, to slay us and our people.",
        "Wolaitta Sentences": "Hegaa gishshau, GODAI hagaadan yaagees; Ne machchiyaa katamaa giddon shaaramuxa gidana; ne attuma naatinne ne macca naati bisuwan haiqqana; ne biittaikka wodoruwan shaakettana; qassi neeni ne huuphiyaukka allaga biittan haiqqana. Israa7eela asaikka bantta biittaappe omoodettidi tuma baana yaagees\" yaagiis."
    },
    {
        "English Sentences": "So they sent and gathered together all the lords of the Philistines, and said, Send away the ark of the God of Israel, and let it go again to his own place, that it slay us not, and our people: for there was a deadly destruction throughout all the city; the hand of God was very heavy there.",
        "Wolaitta Sentences": "Ubbaa Haariya GODAI tana hara ajjuutaa bessiis; hegeekka, teerai kumido keeshiyaa."
    },
    {
        "English Sentences": "And the men that died not were smitten with the emerods: and the cry of the city went up to heaven.",
        "Wolaitta Sentences": "I tana, \"Amoxaa, ha neeni be7iyoogee aibee?\" yaagidi oichchiis. Oichchin taani, \"Teeri kumido keeshiyaa be7ais\" yaagaas. Yaatin GODAI taayyo hagaadan yaagiis; \"Ta asaa Israa7eelassi wurssettai gakkiis; hagaappe sinttanau taani eta qaxxayennan aadhdhikke\" yaagiis."
    },
    {
        "English Sentences": "And the ark of the LORD was in the country of the Philistines seven months.",
        "Wolaitta Sentences": "Ubbaa Haariya GODAI hagaadan yaagees; \"He gallassi kawo keettan yexxiyo yettai yeehuwau laamettana; haiqqida asaa ahai mule sohuwan darana; qassi co77u gin, yan han olettana\" yaagees."
    },
    {
        "English Sentences": "And the Philistines called for the priests and the diviners, saying, What shall we do to the ark of the LORD? tell us wherewith we shall send it to his place.",
        "Wolaitta Sentences": "Inttenoo, metootanchchata yedhdhiyaageetoo, biittan de7iya hiyyeesatakka xaissanau koyiyaageetoo, hagaa siyite!"
    },
    {
        "English Sentences": "And they said, If ye send away the ark of the God of Israel, send it not empty; but in any wise return him a trespass offering: then ye shall be healed, and it shall be known to you why his hand is not removed from you.",
        "Wolaitta Sentences": "Intte hagaadan yaageeta; \"Nuuni kattaa baizzanau aginai xeeriyo baalai aude aadhdhanee! Qassi nuuni nu zal77iyaa doommanau Sambbatai aude aadhdhanddeeshsha! Yaatiyaakko nuuni kattaa guuttaban makki makkidi, daro miishshaa ekkidi baizzana. Qassi worddo miizaanan likki likkidi, asaa cimmana."
    },
    {
        "English Sentences": "Then said they, What shall be the trespass offering which we shall return to him? They answered, Five golden emerods, and five golden mice, according to the number of the lords of the Philistines: for one plague was on you all, and on your lords.",
        "Wolaitta Sentences": "Nuuni hiyyeesaa biran, metootanchchaakka mexi naa77u tohuwaa caamman shammana; qassi gisttiyaa harqquwaa muruta gisttiyaa waagan baizzana\" yaageeta."
    },
    {
        "English Sentences": "Wherefore ye shall make images of your emerods, and images of your mice that mar the land; and ye shall give glory unto the God of Israel: peradventure he will lighten his hand from off you, and from off your gods, and from off your land.",
        "Wolaitta Sentences": "GODAI Yaaqoobi ceeqettiyo ba sunttan hagaadan yaagidi caaqqiis; \"Taani eti oottido iita oosuwaa mulekka dogikke."
    },
    {
        "English Sentences": "Wherefore then do ye harden your hearts, as the Egyptians and Pharaoh hardened their hearts? when he had wrought wonderfully among them, did they not let the people go, and they departed?",
        "Wolaitta Sentences": "Biittai qaaxxiyoogeenne biittan de7iya asai ubbai yeekkiyoogee hegaa gaasuwaana gidenneeyye? Ee Naile SHaafai kixxidi qaaxxiyoogaadan, biitta ubbai qaaxxidi balbbuqettana; qassi he kixai wodhdhiyoogaadan wodhdhana\" yaagiis."
    },
    {
        "English Sentences": "Now therefore make a new cart, and take two milch kine, on which there hath come no yoke, and tie the kine to the cart, and bring their calves home from them:",
        "Wolaitta Sentences": "Ubbaa Haariya GODAI hagaadan yaagees; \"He gallassi taani awaa seeta gallassi wulissana; sa7aakka galla xumissana."
    },
    {
        "English Sentences": "And take the ark of the LORD, and lay it upon the cart; and put the jewels of gold, which ye return him for a trespass offering, in a coffer by the side thereof; and send it away, that it may go.",
        "Wolaitta Sentences": "Taani intte baalaa ufaissaa azzanuwau, intte yettaakka yeehuwau laammana. Mexi issi na7ai haiqqin yeekkiya asadan, intte intte huuphiyaa meedettidi waaruwaa maayanaadan, taani inttena oottana. He gallassaa wurssettai daro camo gidana\" yaagees."
    },
    {
        "English Sentences": "And see, if it goeth up by the way of his own coast to Bethshemesh, then he hath done us this great evil: but if not, then we shall know that it is not his hand that smote us: it was a chance that happened to us.",
        "Wolaitta Sentences": "Ubbaa Haariya GODAI hagaadan yaagees; \"Be7ite, taani biitta ubbaa bollan koshaa yeddiyo gallassati yoosona. Taani koshaa yeddiyo gallassi, asai siyanau GODAA qaalaa xayidi namisettanappe attin, kattaa xayidi namisettenna woikko haattaa xayidi saamettenna."
    },
    {
        "English Sentences": "And the men did so; and took two milch kine, and tied them to the cart, and shut up their calves at home:",
        "Wolaitta Sentences": "Asai arshsho bagga abbaappe arggo bagga abbaa gakkanaashiininne huuphessappe tohossi gakkanaashin bichchaarana. Eti GODAA qaalaa koyanau yaanne haanne woxxana, shin demmokkona."
    },
    {
        "English Sentences": "And they laid the ark of the LORD upon the cart, and the coffer with the mice of gold and the images of their emerods.",
        "Wolaitta Sentences": "He gallassi puulanchcha geela7otinne wodallati saamuwan hitti gaana."
    },
    {
        "English Sentences": "And the kine took the straight way to the way of Bethshemesh, and went along the highway, lowing as they went, and turned not aside to the right hand or to the left; and the lords of the Philistines went after them unto the border of Bethshemesh.",
        "Wolaitta Sentences": "Samaariyaa eeqatun caaqqiyaageeti, Daana xoossai ero! yaagiyaageetinne, Berssaabeha xoossai ero yaagiyaageeti kunddana. Eti naa77antto mulekka denddokkona\" yaagees."
    },
    {
        "English Sentences": "And they of Bethshemesh were reaping their wheat harvest in the valley: and they lifted up their eyes, and saw the ark, and rejoiced to see it.",
        "Wolaitta Sentences": "Yarshshiyo sohuwaa matan Godai eqqidaashin, taani be7aas. I tana hagaadan yaagiis; \"Baasoi qaaxxanaadan, Beeta Maqidasiyaa gumbbuwaa shoca; shocada asa ubbaa huuphiyan mentteretta. Hegaappe attiya asaa taani bisuwan worana. Baqatiya asi kessi ekkenna; kessi ekkida asikka paxa attenna."
    },
    {
        "English Sentences": "And the cart came into the field of Joshua, a Bethshemite, and stood there, where there was a great stone: and they clave the wood of the cart, and offered the kine a burnt offering unto the LORD.",
        "Wolaitta Sentences": "Eti biittaa bookkidi, Si7ooliyau duge wodhdhikkokka, taani eta hegaappe kessana. Saluwaa pude kiyikkokka, taani eta hegaappe duge wottana."
    },
    {
        "English Sentences": "And the Levites took down the ark of the LORD, and the coffer that was with it, wherein the jewels of gold were, and put them on the great stone: and the men of Bethshemesh offered burnt offerings and sacrificed sacrifices the same day unto the LORD.",
        "Wolaitta Sentences": "Eti Qarmmeloosa Deriyaa xeeran qosettikkokka, taani eta koyada hegaappe kessana. Abbaa ciimmaa giddo gelidi, ta sinttaappe geemmikkokka, taani miimminttiyaa azazin, i eta dukkana."
    },
    {
        "English Sentences": "And when the five lords of the Philistines had seen it, they returned to Ekron the same day.",
        "Wolaitta Sentences": "Qassi bantta morkketun omoodettidi, eti biikkokka, yan eti bisuwan haiqqanaadan, taani azazana; taani eta iita aifiyan xeellanaappe attin, lo77o aifiyan xeellikke\" yaagiis."
    },
    {
        "English Sentences": "And these are the golden emerods which the Philistines returned for a trespass offering unto the LORD; for Ashdod one, for Gaza one, for Askelon one, for Gath one, for Ekron one;",
        "Wolaitta Sentences": "Godai, Ubbaappe Wolqqaama GODAI sa7aa bochchees; bochchin sa7ai seerees; qassi sa7an de7iyaabai ubbaikka yeekkees. Naile SHaafai kixxidi balbbuqettiyoogaadan, biitta ubbai balbbuqettees; qassi he kixai wodhdhiyoogaadankka wodhdhees."
    },
    {
        "English Sentences": "And the golden mice, according to the number of all the cities of the Philistines belonging to the five lords, both of fenced cities, and of country villages, even unto the great stone of Abel, whereon they set down the ark of the LORD: which stone remaineth unto this day in the field of Joshua, the Bethshemite.",
        "Wolaitta Sentences": "I bau de7iyo sohuwaa saluwan giigissees; a baasuwaakka sa7an baasees. Qassi i abbaa haattata xeesidi, biittaa bollan duge gussees; ayyo sunttai GODAA."
    },
    {
        "English Sentences": "And he smote the men of Bethshemesh, because they had looked into the ark of the LORD, even he smote of the people fifty thousand and threescore and ten men: and the people lamented, because the LORD had smitten many of the people with a great slaughter.",
        "Wolaitta Sentences": "GODAI hagaadan yaagees; \"Inttenoo, Israa7eela asatoo, intte taayyo Toophphiyaa asaa mala gidekketiiyye? Taani inttena Gibxxe biittaappe kessidoogaadan, Pilisxxeema asaa Kafttoorappe, qassi Sooriyaa asaakka Qiirappe kessaas\" yaagees."
    },
    {
        "English Sentences": "And the men of Bethshemesh said, Who is able to stand before this holy LORD God? and to whom shall he go up from us?",
        "Wolaitta Sentences": "GODAI hagaadan yaagees; \"Be7ite, Ubbaa Haariya GODAA aifee nagaranchcha kawotettaa bollan de7ees. Taani a biittaa bollappe xaissana; shin taani Yaaqooba zariyaa muleera xaissikke."
    },
    {
        "English Sentences": "And they sent messengers to the inhabitants of Kirjathjearim, saying, The Philistines have brought again the ark of the LORD; come ye down, and fetch it up to you.",
        "Wolaitta Sentences": "\"Be7ite, kattaa zazzariyan zazzariyoogaadan, Israa7eela asaa kawotettatu ubbaa giddon zazzaranaadan, taani azazana; shin eta giddon ammanettiyaageetuppe issoinne sa7an wodhdhidi xayenna."
    },
    {
        "English Sentences": "And the men of Kirjathjearim came, and fetched up the ark of the LORD, and brought it into the house of Abinadab in the hill, and sanctified Eleazar his son to keep the ark of the LORD.",
        "Wolaitta Sentences": "Nuna aiba iitabinne gakkenna woikko demmenna yaagiya ta asaa giddon de7iya nagaranchchati ubbai bisuwan wurana\" yaagees."
    },
    {
        "English Sentences": "And it came to pass, while the ark abode in Kirjathjearim, that the time was long; for it was twenty years: and all the house of Israel lamented after the LORD.",
        "Wolaitta Sentences": "Qassikka GODAI, \"He gallassi taani kolettidi kunddida keettadan hanida Daawita kawotettaa denttana; xoo7etida sohotakka bottokonana; qassi qolettidasaakka ooraxissana; taani a beniigaadan oottada keexxana."
    },
    {
        "English Sentences": "And Samuel spake unto all the house of Israel, saying, If ye do return unto the LORD with all your hearts, then put away the strange gods and Ashtaroth from among you, and prepare your hearts unto the LORD, and serve him only: and he will deliver you out of the hand of the Philistines.",
        "Wolaitta Sentences": "Hegeenne Israa7eela asai Eedooma biittaappe attidaageetanne ta sunttan xeesettida kawotettata ubbaa laattanaassa\" yaagees. Hagaa oottiyaagee tana GODAA."
    },
    {
        "English Sentences": "Then the children of Israel did put away Baalim and Ashtaroth, and served the LORD only.",
        "Wolaitta Sentences": "GODAI hagaadan yaagees; \"Be7ite, kattaa cakkiyaageeti cakkidi wurssennan de7ishin, gadiyaa goyiyaageeti gakkiyo wodee, woiniyaa teeraa gum77iyaageetikka gum77idi wurssennan de7ishin, woiniyaa zeriyaageeti gakkiyo gallassati yaana. He wode dereti mal77o woiniyaa eessaa xokkana; keratu ubbaappekka woine eessai goggana."
    },
    {
        "English Sentences": "And Samuel said, Gather all Israel to Mizpeh, and I will pray for you unto the LORD.",
        "Wolaitta Sentences": "Omooduwan biida ta asaa Israa7eela zaarada ishalissana. Eti qolettida katamata zaaretti keexxidi, etan de7ana. Woine turaakka tokkidi, appe woine eessaa uyana. Qassi ataakilttetakka tokkidi, eta aifiyaa maana."
    },
    {
        "English Sentences": "And they gathered together to Mizpeh, and drew water, and poured it out before the LORD, and fasted on that day, and said there, We have sinned against the LORD. And Samuel judged the children of Israel in Mizpeh.",
        "Wolaitta Sentences": "Taani Israa7eela eta biittan tokkana; eti taani etayyo immido biittaappe naa77antto mulekka shodettokkona\" yaagees. Hagaa yootiyaagee GODAA intte Xoossaa."
    }
]