[
    {
        "English Sentences": "",
        "Wolaitta Sentences": "Hagee, Daawita na7aa, Yerusalaamen kawotida eranchchaa qaalaa."
    },
    {
        "English Sentences": "Now it came to pass after the death of Saul, when David was returned from the slaughter of the Amalekites, and David had abode two days in Ziklag;",
        "Wolaitta Sentences": "He eranchchai, \"Ubbabaikka hada; qassi ubbabaikka hadaappe aadhdhida hada; ubbabaikka muleera hada\" yaagiis."
    },
    {
        "English Sentences": "It came even to pass on the third day, that, behold, a man came out of the camp from Saul with his clothes rent, and earth upon his head: and so it was, when he came to David, that he fell to the earth, and did obeisance.",
        "Wolaitta Sentences": "Ba de7iyoosan ubban, asi daafuridi oottiyooban ubban ayyo woree aibee?"
    },
    {
        "English Sentences": "And David said unto him, From whence comest thou? And he said unto him, Out of the camp of Israel am I escaped.",
        "Wolaitta Sentences": "Issi yeletai aadhdhiyo wode, hara yeletai sohuwaa oiqqees. SHin ha biittai merinaukka laamettennan de7ees."
    },
    {
        "English Sentences": "And David said unto him, How went the matter? I pray thee, tell me. And he answered, That the people are fled from the battle, and many of the people also are fallen and dead; and Saul and Jonathan his son are dead also.",
        "Wolaitta Sentences": "Awai mokkeesinne wullees; qassi naa77anttuwaakka mokkanau yaa mokkiyo sohuwaakko eesotees."
    },
    {
        "English Sentences": "And David said unto the young man that told him, How knowest thou that Saul and Jonathan his son be dead?",
        "Wolaitta Sentences": "Carkkoi issitoo tohossi issitoo huuphessi carkkees; qassi yuuyi yuuyi aadhdhidi, simerettidi yees."
    },
    {
        "English Sentences": "And the young man that told him said, As I happened by chance upon mount Gilboa, behold, Saul leaned upon his spear; and, lo, the chariots and horsemen followed hard after him.",
        "Wolaitta Sentences": "Goggiya haattai ubbai abban gelees; shin abbai kumi erenna. He haattai qassikka simmidi gogganau, guyye ba pulttiyo sohuwaa bees."
    },
    {
        "English Sentences": "And when he looked behind him, he saw me, and called unto me. And I answered, Here am I.",
        "Wolaitta Sentences": "Ubbabaikka salettiyaabaa. Salettiyaabai i woisa keenau salettiyaakkokka odi wurssanau danddayettenna. Aifee xeellidi, kalli erenna; haittaikka siyidi, tau gidiis gi erenna."
    },
    {
        "English Sentences": "And he said unto me, Who art thou? And I answered him, I am an Amalekite.",
        "Wolaitta Sentences": "Kase hanidabai sinttanaukka simmidi i hanana; qassi ha77i haniiddi de7iyaabaikka kase hanidabaa. Hegaa gishshau, salo gufantton oorattabaa giyoobi aibinne baawa."
    },
    {
        "English Sentences": "He said unto me again, Stand, I pray thee, upon me, and slay me: for anguish is come upon me, because my life is yet whole in me.",
        "Wolaitta Sentences": "Ooninne, \"Be7ite! Hagee oorattabaa\" giikko, hegee ooratta gidenna; hegee nuuni yelettanaappe kase baggan hanidabaa."
    },
    {
        "English Sentences": "So I stood upon him, and slew him, because I was sure that he could not live after that he was fallen: and I took the crown that was upon his head, and the bracelet that was on his arm, and have brought them hither unto my lord.",
        "Wolaitta Sentences": "Kase aadhdhida wodetun hanidabata zaaridi hassayiyaabi baawa; guyyeppe hananabatakka etappe guyyiyan ooninne hassayenna."
    },
    {
        "English Sentences": "Then David took hold on his clothes, and rent them; and likewise all the men that were with him:",
        "Wolaitta Sentences": "Taani eranchchai, Yerusalaamen Israa7eelassi kawo gidada de7aas."
    },
    {
        "English Sentences": "And they mourned, and wept, and fasted until even, for Saul, and for Jonathan his son, and for the people of the LORD, and for the house of Israel; because they were fallen by the sword.",
        "Wolaitta Sentences": "Taani biittan sa7an de7iyaabaa ubbaa qora qorada eranaunne aadhdhida eratettan pilgga xeellanau ta qofaa qachchaas. Yaatada asaa ubbaassi Xoossai immido de7oi keehippe daafurssiyaabaanne ufaissennabaa gidiyoogaa akeekaas."
    },
    {
        "English Sentences": "And David said unto the young man that told him, Whence art thou? And he answered, I am the son of a stranger, an Amalekite.",
        "Wolaitta Sentences": "Saloppe garssa baggan hanidabaa ubbaa taani be7aas; shin ubbabaikka hada; carkkuwaa oiqqanau yedettiyoogaa mala."
    },
    {
        "English Sentences": "And David said unto him, How wast thou not afraid to stretch forth thine hand to destroy the LORD's anointed?",
        "Wolaitta Sentences": "Geellai sittanau danddayenna; qassi bainnabaakka qoodanau danddayettenna."
    },
    {
        "English Sentences": "And David called one of the young men, and said, Go near, and fall upon him. And he smote him that he died.",
        "Wolaitta Sentences": "Taani woni ta wozanan hagaadan yaagada qoppaas; \"Taappe kase Yerusalaame haarida ubbatuppe taani gitanne aadhdhida eranchcha gidaas. Cinccatettaanne eraa giyoogee i aibakko paaccada eraas\" yaagaas."
    },
    {
        "English Sentences": "And David said unto him, Thy blood be upon thy head; for thy mouth hath testified against thee, saying, I have slain the LORD's anointed.",
        "Wolaitta Sentences": "Qassi taani aadhdhida eratettaappe, gooshshappenne eeyyatettaappe gidduwan de7iya dummatettai aibakko eranau keehi daafuraas. SHin wurssettan hegeekka carkkuwaa oiqqanau yedettiyoogaa mala hada gidiyoogaa eraas."
    },
    {
        "English Sentences": "And David lamented with this lamentation over Saul and over Jonathan his son:",
        "Wolaitta Sentences": "Aadhdhida eratettai dariyo wode azzanissiyaabai darees; erai dariyo wodekka qassi metoi darees."
    },
    {
        "English Sentences": "(Also he bade them teach the children of Judah the use of the bow: behold, it is written in the book of Jasher.)",
        "Wolaitta Sentences": "Taani ta wozanan, \"Ane taayyo gita ufaissaa immiyaabi aibakko, qassi de7iyo de7uwaa giddonkka lo77obi aibakko be7ana\" yaagada qoppaas; shin hegeekka hada."
    },
    {
        "English Sentences": "The beauty of Israel is slain upon thy high places: how are the mighty fallen!",
        "Wolaitta Sentences": "Ubbatoo miicciyoogee eeyyatetta gidiyoogaa, qassi daro ufaissaikka ainne go77ennabaa gidiyoogaa akeekaas."
    },
    {
        "English Sentences": "Tell it not in Gath, publish it not in the streets of Askelon; lest the daughters of the Philistines rejoice, lest the daughters of the uncircumcised triumph.",
        "Wolaitta Sentences": "Hegee hegaa gidi uttidaashin, aadhdhida eratettaa demmanau amottada, ta wozanaa woine eessan ufaissaidda, hegaa suganau eeyyatettan qofaa qachchaas. Qassi asai ha sa7aa bolli baayyo de7iya qantta wodiyaa aattiyo, ubbaappe aadhdhiya lo77o ogeekka hagaa gaada qoppaas."
    },
    {
        "English Sentences": "Ye mountains of Gilboa, let there be no dew, neither let there be rain, upon you, nor fields of offerings: for there the shield of the mighty is vilely cast away, the shield of Saul, as though he had not been anointed with oil.",
        "Wolaitta Sentences": "Qassi hara issi gitabaa oottaas; taayyo de7iyo keettata keexxaas; woiniyaa turaakka tokkaas."
    },
    {
        "English Sentences": "From the blood of the slain, from the fat of the mighty, the bow of Jonathan turned not back, and the sword of Saul returned not empty.",
        "Wolaitta Sentences": "Dumma dumma ataakilttiyaanne aifiyaa aifiya mittata tokkiyo sohuwaanne asai shemppiyo sohuwaa gannatiyaadan loittada giigissaas. He sohuwan dumma dumma aifiyaa aifiya mittatakka tokkada, dichchaas."
    },
    {
        "English Sentences": "Saul and Jonathan were lovely and pleasant in their lives, and in their death they were not divided: they were swifter than eagles, they were stronger than lions.",
        "Wolaitta Sentences": "He dicciya mittata ushshanau, haattaa dagayiyo sohuwaa zeerada giigissaas."
    },
    {
        "English Sentences": "Ye daughters of Israel, weep over Saul, who clothed you in scarlet, with other delights, who put on ornaments of gold upon your apparel.",
        "Wolaitta Sentences": "Attumanne macca ailleta shammaas; qassi ta son yelettida hara ailletikka taayyo de7oosona. Taappe kase Yerusalaamen de7ida oogaappenne dariya mehiyaa, deeshshaanne dorssaa wudiyaa haaraas."
    },
    {
        "English Sentences": "How are the mighty fallen in the midst of the battle! O Jonathan, thou wast slain in thine high places.",
        "Wolaitta Sentences": "Taani haariyo dumma dumma biittatuppe bonchchettida kawo keettaa buquraa ehiissada, daro worqqaanne biraa taayyo dagayaas. Qassi, tana sabbidi yexxiya attumanne macca yettanchchata qaxaraas; hegaa bollikka, asassi ufaissaa immiya keehi daro macca asaakka shiishshaas."
    },
    {
        "English Sentences": "I am distressed for thee, my brother Jonathan: very pleasant hast thou been unto me: thy love to me was wonderful, passing the love of women.",
        "Wolaitta Sentences": "Hegaa gishshau, taani taappe kase Yerusalaamen de7ida ooppenne aadhdhida gita asa gidaas. Ta aadhdhida eratettaikka tanaara wurssettai gakkanaashin de7iis."
    },
    {
        "English Sentences": "How are the mighty fallen, and the weapons of war perished!",
        "Wolaitta Sentences": "Ta aifee xeellidobaanne ta wozanai amottidobaa ubbaa demmaas; ta asatettai koyiyo ufaissaa ubbaakka diggabeikke. Taani oottido ooso ubban ufaittais; ta daafuraayyo woreekka hegaa."
    },
    {
        "English Sentences": "And it came to pass after this, that David enquired of the LORD, saying, Shall I go up into any of the cities of Judah? And the LORD said unto him, Go up. And David said, Whither shall I go up? And he said, Unto Hebron.",
        "Wolaitta Sentences": "Gido shin, hegaa ubbaa ootta simmada taani akeekiyo wode, keehi taani ayyo daafuridobai ubbaikka hada gidiyoogaa be7aas. Salo gufantton go77iyaabi aibinne baawa; ubbaikka carkkuwaa oiqqanau yedettiyoogaa mala."
    },
    {
        "English Sentences": "So David went up thither, and his two wives also, Ahinoam the Jezreelitess, and Abigail Nabal's wife the Carmelite.",
        "Wolaitta Sentences": "Hegaappe guyyiyan, taani aadhdhida eratettai, eeyyatettainne gooshshai aibakko paaccada eranau qofaa doommaas. Kawuwaa man77iyan kawotiya hara kawoi kase oosettidabaappe aadhdhiya harabaa ai oottanee?"
    },
    {
        "English Sentences": "And his men that were with him did David bring up, every man with his household: and they dwelt in the cities of Hebron.",
        "Wolaitta Sentences": "Taani hagaadan yaagaas; \"Tumukka poo7oi xumaappe kehiyoogaadan, aadhdhida eratettai eeyyatettaappe kehees."
    },
    {
        "English Sentences": "And the men of Judah came, and there they anointed David king over the house of Judah. And they told David, saying, That the men of Jabeshgilead were they that buried Saul.",
        "Wolaitta Sentences": "Cincca asati bantta denddiyo sohuwaanne biidi gakkiyo sohuwaa eroosona; shin eeyyati hegaa ubbaa erokkona\" yaagaas. Gidoppe attin, eta naa77aa wurssettaikka issuwaa."
    },
    {
        "English Sentences": "And David sent messengers unto the men of Jabeshgilead, and said unto them, Blessed be ye of the LORD, that ye have shewed this kindness unto your lord, even unto Saul, and have buried him.",
        "Wolaitta Sentences": "Taani ta wozanan, \"Eeyyaa gakkiya qaadai tanakka gakkees; yaatin, taani aadhdhida eranchcha gidiyoogee tana ai maaddii?\" yaagada qoppaas. Qassi taani ta wozanan, \"Hagee ubbabaikka hada!\" yaagaas."
    },
    {
        "English Sentences": "And now the LORD shew kindness and truth unto you: and I also will requite you this kindness, because ye have done this thing.",
        "Wolaitta Sentences": "Aissi giikko, eeyyin aadhdhida eranchcha gidin, haiqoppe hefinttan simmidi, a hassayiyaabi baawa; sinttappe yiya laittatun nuuni ubbaikka dogetti attana. Eeyyai haiqqiyoogaadan, aadhdhida eranchchaikka haiqqees."
    },
    {
        "English Sentences": "Therefore now let your hands be strengthened, and be ye valiant: for your master Saul is dead, and also the house of Judah have anointed me king over them.",
        "Wolaitta Sentences": "Metoppe attin, go77iyaabi bainna gishshau, ha sa7aa de7oi tana iitiis. Hegeekka hada; carkkuwaa oiqqanau yedettiyoogaa mala."
    },
    {
        "English Sentences": "But Abner the son of Ner, captain of Saul's host, took Ishbosheth the son of Saul, and brought him over to Mahanaim;",
        "Wolaitta Sentences": "Salo gufantton taani keehi daafurada demmido ta aquwaa ubbaa taappe guyyiyan yiya urau yeggada biyo gishshau, taani daafuridobai ubbai tana iitiis."
    },
    {
        "English Sentences": "And made him king over Gilead, and over the Ashurites, and over Jezreel, and over Ephraim, and over Benjamin, and over all Israel.",
        "Wolaitta Sentences": "Taappe guyyiyan yiya bitanee aadhdhida eranchchakko eeyyakko ooni erii? SHin i oona gidinkka, taani keehi daafuridobaanne ta cinccatettan taani demmidobaa ubbaa bau ekkidi, goda gidana; yaatikko, hegeekka hada."
    },
    {
        "English Sentences": "Ishbosheth Saul's son was forty years old when he began to reign over Israel, and reigned two years. But the house of Judah followed David.",
        "Wolaitta Sentences": "Hegaa gishshau, salo gufantton hagaa keenaa aissi daafuridanaashsha gaada ta wozanan azzanaas."
    },
    {
        "English Sentences": "And the time that David was king in Hebron over the house of Judah was seven years and six months.",
        "Wolaitta Sentences": "Asi ba de7ido laittan bau de7ida aadhdhida eratettan, eraaninne hiillan daafuridi demmidobaa ubbaa ainne daafuribeennaagau yeggidi bees. Hegeekka qassi, hadanne likke gidennabaa."
    },
    {
        "English Sentences": "And Abner the son of Ner, and the servants of Ishbosheth the son of Saul, went out from Mahanaim to Gibeon.",
        "Wolaitta Sentences": "Yaatin, salo gufantton asi keehi daafuridi oottidobaappe ubbaappe ai go77a demmii?"
    },
    {
        "English Sentences": "And Joab the son of Zeruiah, and the servants of David, went out, and met together by the pool of Gibeon: and they sat down, the one on the one side of the pool, and the other on the other side of the pool.",
        "Wolaitta Sentences": "I ba de7uwaa laittan daafuriyo daafurai ubbai azzanoppenne kayyoppe harabaa ainne au gujjenna; harai atto qammikka a huuphee qofaappe shemppenna; gido shin, he ubbaikka hada."
    },
    {
        "English Sentences": "And Abner said to Joab, Let the young men now arise, and play before us. And Joab said, Let them arise.",
        "Wolaitta Sentences": "Hegaa gishshau, asassi go77a gidiyaabi aibee giikko, asi ba daafuridobaappe miidinne uyidi ufaittiyoogaa. He ufaissaikka qassi Xoossaa kushiyaappe imettidabaa gidiyoogaa taani akeekaas."
    },
    {
        "English Sentences": "Then there arose and went over by number twelve of Benjamin, which pertained to Ishbosheth the son of Saul, and twelve of the servants of David.",
        "Wolaitta Sentences": "Aissi giikko, a shene gidana xayikko, min uyinkka asau ufaissi awan beettii?"
    },
    {
        "English Sentences": "And they caught every one his fellow by the head, and thrust his sword in his fellow's side; so they fell down together: wherefore that place was called Helkathhazzurim, which is in Gibeon.",
        "Wolaitta Sentences": "Xoossaa ufaissiya uraassi Xoossai cinccatettaa, eratettaanne ufaissaa immees; nagaranchchaassi mati i daafuridi shiishshanaadan, daafuraa immees; shin i shiishshidoogaa Xoossai ekkidi, baayyo yayyiyaagau harau immees. Hegaa gishshau, ha ubbaikka hadanne carkkuwaa oiqqanau yedettiyoogaa mala."
    },
    {
        "English Sentences": "And there was a very sore battle that day; and Abner was beaten, and the men of Israel, before the servants of David.",
        "Wolaitta Sentences": "Ubbabau wodee de7ees; saloppe garssa baggaara oosettiyaabau ubbau a laittai laittai de7ees."
    },
    {
        "English Sentences": "And there were three sons of Zeruiah there, Joab, and Abishai, and Asahel: and Asahel was as light of foot as a wild roe.",
        "Wolaitta Sentences": "Hegaa gishshau, yelettanau wodee de7ees; haiqqanaukka wodee de7ees. Tokkanau wodee de7ees; tokkidoogaa shoddanaukka wodee de7ees."
    },
    {
        "English Sentences": "And Asahel pursued after Abner; and in going he turned not to the right hand nor to the left from following Abner.",
        "Wolaitta Sentences": "Woranau wodee de7ees; pattanaukka wodee de7ees. Qolanau wodee de7ees; qassi keexxanaukka wodee de7ees."
    },
    {
        "English Sentences": "Then Abner looked behind him, and said, Art thou Asahel? And he answered, I am.",
        "Wolaitta Sentences": "Yeekkanau wodee de7ees; miiccanaukka wodee de7ees. Kayyottanau wodee de7ees; qassi ufaittidi yexxanaukka wodee de7ees."
    },
    {
        "English Sentences": "And Abner said to him, Turn thee aside to thy right hand or to thy left, and lay thee hold on one of the young men, and take thee his armour. But Asahel would not turn aside from following of him.",
        "Wolaitta Sentences": "SHuchchaa laalanau wodee de7ees; shuchchaa shiishshanaukka wodee de7ees. Qoomettanau wodee de7ees; qassi shaahettanaukka wodee de7ees."
    },
    {
        "English Sentences": "And Abner said again to Asahel, Turn thee aside from following me: wherefore should I smite thee to the ground? how then should I hold up my face to Joab thy brother?",
        "Wolaitta Sentences": "Koyidi demmanau wodee de7ees; bashshanaukka wodee de7ees. SHiishshi oiqqanau wodee de7ees; laalanaukka wodee de7ees."
    },
    {
        "English Sentences": "Howbeit he refused to turn aside: wherefore Abner with the hinder end of the spear smote him under the fifth rib, that the spear came out behind him; and he fell down there, and died in the same place: and it came to pass, that as many as came to the place where Asahel fell down and died stood still.",
        "Wolaitta Sentences": "Peeranau wodee de7ees; sikkanaukka wodee de7ees. Co77u gaanau wodee de7ees; qassi haasayanaukka wodee de7ees."
    },
    {
        "English Sentences": "Joab also and Abishai pursued after Abner: and the sun went down when they were come to the hill of Ammah, that lieth before Giah by the way of the wilderness of Gibeon.",
        "Wolaitta Sentences": "Dosanau wodee de7ees; ixxanaukka wodee de7ees. Olaassi wodee de7ees; saruwaassi wodee de7ees."
    },
    {
        "English Sentences": "And the children of Benjamin gathered themselves together after Abner, and became one troop, and stood on the top of an hill.",
        "Wolaitta Sentences": "Yaatin, oosanchchi ba daafurido daafuraappe aiba wore demmii?"
    },
    {
        "English Sentences": "Then Abner called to Joab, and said, Shall the sword devour for ever? knowest thou not that it will be bitterness in the latter end? how long shall it be then, ere thou bid the people return from following their brethren?",
        "Wolaitta Sentences": "Taani qassi, asaa naati daafuridi oottana mala, Xoossai immido toohoi keehi deexo gidiyoogaa be7aas."
    },
    {
        "English Sentences": "And Joab said, As God liveth, unless thou hadst spoken, surely then in the morning the people had gone up every one from following his brother.",
        "Wolaitta Sentences": "Xoossai ubbabaa a wodiyan wodiyan loittidi oottiis. Xoossai asaa wozanan merinatettaa wottiis; hegaa gidikkonne, Xoossai oottidobaa ubbaa koiruwaappe wurssettai gakkanaashin, asai wurssidi eranau danddayenna."
    },
    {
        "English Sentences": "So Joab blew a trumpet, and all the people stood still, and pursued after Israel no more, neither fought they any more.",
        "Wolaitta Sentences": "Hegaa gishshau, asi ba de7ido laittan lo77iyaabaa oottiyoogaappenne, ufaittiyoogaappe aadhdhiyaabi aibinne bainnaagaa taani akeekaas."
    },
    {
        "English Sentences": "And Abner and his men walked all that night through the plain, and passed over Jordan, and went through all Bithron, and they came to Mahanaim.",
        "Wolaitta Sentences": "Qassi, asassi au a daafurau waaga gidiyaabi muussaaninne ushshan bana ufaissiyoogaa; hegeekka au Xoossaappe imettida imota."
    },
    {
        "English Sentences": "And Joab returned from following Abner: and when he had gathered all the people together, there lacked of David's servants nineteen men and Asahel.",
        "Wolaitta Sentences": "Xoossai oottidobai ubbai merinau de7iyaabaa gidiyoogaa taani eraas; i oottidobaa bollan gujjanau woikko appe haa guuttanau danddayettenna. Xoossai hegaa oottidoogee, asai baayyo yayyidi bonchchanaassa."
    },
    {
        "English Sentences": "But the servants of David had smitten of Benjamin, and of Abner's men, so that three hundred and threescore men died.",
        "Wolaitta Sentences": "Ha77i haniiddi de7iyaabai woikko sinttappe hananau de7iyaabai ubbai kase aadhdhida wodiyan hanidabaa; aissi giikko, Xoossai kase hanidabai zaari zaaridikka hananaadan oottees."
    },
    {
        "English Sentences": "And they took up Asahel, and buried him in the sepulchre of his father, which was in Bethlehem. And Joab and his men went all night, and they came to Hebron at break of day.",
        "Wolaitta Sentences": "Qassi taani, salo gufantton geeshsha pirddaa sohuwan iitatettai, xillotettaa sohuwankka nagarai de7iyoogaa be7aas."
    },
    {
        "English Sentences": "Now there was long war between the house of Saul and the house of David: but David waxed stronger and stronger, and the house of Saul waxed weaker and weaker.",
        "Wolaitta Sentences": "Be7ada ta wozanan, \"Xoossai xilluwaanne iitaa naa77aakka pirddau shiishshana; aissi giikko, Xoossai allaalle ubbaunne ooso ubbau wodiyaa keeri wottiis\" yaagada qoppaas."
    },
    {
        "English Sentences": "And unto David were sons born in Hebron: and his firstborn was Amnon, of Ahinoam the Jezreelitess;",
        "Wolaitta Sentences": "Qassi taani ta wozanan, \"Asai do7atuppe kehennaagaa eta bessanau, Xoossai eta paaccees\" yaagaas."
    },
    {
        "English Sentences": "And his second, Chileab, of Abigail the wife of Nabal the Carmelite; and the third, Absalom the son of Maacah the daughter of Talmai king of Geshur;",
        "Wolaitta Sentences": "Aissi giikko, asaa gidin, do7ata gidinkka, eta qaadai issuwaa; issoi haiqqiyoogaadan, hankkoikka haiqqees. Qassi naa77aikka issi carkkuwaa shemppoosona; hegaa gishshau, asatikka do7atuppe kehokkona; hegeekka hada."
    },
    {
        "English Sentences": "And the fourth, Adonijah the son of Haggith; and the fifth, Shephatiah the son of Abital;",
        "Wolaitta Sentences": "Eti naa77aikka issi sohuwaa boosona; naa77aikka biittaappe merettido gishshau, biittau simmoosona."
    },
    {
        "English Sentences": "And the sixth, Ithream, by Eglah David's wife. These were born to David in Hebron.",
        "Wolaitta Sentences": "Yaatin, asaa shemppoi saluwaa pude kiyiyoogaanne do7atu shemppoi biittaa ciimmau duge wodhdhiyoogaa shaakkidi eranau danddayiyai oonee?"
    },
    {
        "English Sentences": "And it came to pass, while there was war between the house of Saul and the house of David, that Abner made himself strong for the house of Saul.",
        "Wolaitta Sentences": "Hegaa gishshau, asi ba oottido oosuwan ufaittiyoogaappe kehiyaabi harabi ayyo bainnaagaa be7aas. Aissi giikko, au de7iya lo77o qaadai hegaa xalaala. Asi haiqqiichchobare appe guyyiyan haniyaabaa bessanau, a haiqoppe guyye ehaanau danddayiyai oonee?"
    },
    {
        "English Sentences": "And Saul had a concubine, whose name was Rizpah, the daughter of Aiah: and Ishbosheth said to Abner, Wherefore hast thou gone in unto my father's concubine?",
        "Wolaitta Sentences": "Taani qassikka, salo gufantton asi asa ai keenaa naaqqiyaakkonne xeellaas. Naaqettidaageeti banttana minttettiyaabaa xayidi yeekkoosona. Naaqqiyaageetussi gita maatai de7iyoogaappe attin, naaqettiyaageeta maaddiyaabi ooninne baawa."
    },
    {
        "English Sentences": "Then was Abner very wroth for the words of Ishbosheth, and said, Am I a dog's head, which against Judah do shew kindness this day unto the house of Saul thy father, to his brethren, and to his friends, and have not delivered thee into the hand of David, that thou chargest me to day with a fault concerning this woman?",
        "Wolaitta Sentences": "Hegaa gishshau, taani, \"Ha77i paxa de7iyaageetuppe kase haiqqiichchidaageeti keha\" yaagaas."
    },
    {
        "English Sentences": "So do God to Abner, and more also, except, as the LORD hath sworn to David, even so I do to him;",
        "Wolaitta Sentences": "Gido shin, ha naa77aappekka aadhdhidi qassi, mule yelettibeennaageetu qaadai lo77o; aissi giikko, eti salo gufantton oosettiya naaquwaa muliyaa be7ibookkona."
    },
    {
        "English Sentences": "To translate the kingdom from the house of Saul, and to set up the throne of David over Israel and over Judah, from Dan even to Beersheba.",
        "Wolaitta Sentences": "Asai ba amottidobaa demmanau keehi daafuridi oottees; shin he daafurai ba laggiyaa bollan qanaatiyo qofaappe denddidaagaana gidiyoogaa taani akeekaas. Hegeekka qassi hada; carkkuwaa oiqqanau yedettiyoogaa mala."
    },
    {
        "English Sentences": "And he could not answer Abner a word again, because he feared him.",
        "Wolaitta Sentences": "Ba kushiyaa xaaxidi, utti aggiya azallai, namisan haiqqees."
    },
    {
        "English Sentences": "And Abner sent messengers to David on his behalf, saying, Whose is the land? saying also, Make thy league with me, and, behold, my hand shall be with thee, to bring about all Israel unto thee.",
        "Wolaitta Sentences": "Daafuraaninne carkkuwaa oiqqanau yedettiyoogaa mala jaaman daafuridi demmiyo naa77u kushebaappe, woppan demmiyo issi kushebai darees."
    },
    {
        "English Sentences": "And he said, Well; I will make a league with thee: but one thing I require of thee, that is, Thou shalt not see my face, except thou first bring Michal Saul's daughter, when thou comest to see my face.",
        "Wolaitta Sentences": "Qassi taani, salo gufantton hada gididabaa issi harabaakka be7aas."
    },
    {
        "English Sentences": "And David sent messengers to Ishbosheth Saul's son, saying, Deliver me my wife Michal, which I espoused to me for an hundred foreskins of the Philistines.",
        "Wolaitta Sentences": "Hegeekka issi barkka de7iya bitaniyaabaa; ayyo attuma na7i woikko ishi baawa. SHin i daafuriyo daafurau zawi baawa; qassi baayyo de7iyaaban alenna. I barkka bana oichchiiddi, \"I ta hagaa oossi daafuriyaanaa? Tana ta huuphiyaa aibissi ufaissaa diggiyaanaa?\" yaagidi oichchiis. Hegeekka qassi hadabaanne tugga de7o."
    },
    {
        "English Sentences": "And Ishbosheth sent, and took her from her husband, even from Phaltiel the son of Laish.",
        "Wolaitta Sentences": "Issuwaa gidiyoogaappe naa77a gidiyoogee lo77o; aissi giikko, eta oosoi issuwaagaappe aadhdhidi, lo77o aifiyaa immanau danddayees."
    },
    {
        "English Sentences": "And her husband went with her along weeping behind her to Bahurim. Then said Abner unto him, Go, return. And he returned.",
        "Wolaitta Sentences": "Qassi, naa77aappe issoi kunddikko issoi denttees; shin barkka de7iya urai kunddikkonne a denttiyaabi bainna gishshau, au aayye7ana!"
    },
    {
        "English Sentences": "And Abner had communication with the elders of Israel, saying, Ye sought for David in times past to be king over you:",
        "Wolaitta Sentences": "Meego wodiyan naa77ai issippe zin77ikko ho77ees; shin barkka zin77iya uraa auppe ho77anau danddayii?"
    },
    {
        "English Sentences": "Now then do it: for the LORD hath spoken of David, saying, By the hand of my servant David I will save my people Israel out of the hand of the Philistines, and out of the hand of all their enemies.",
        "Wolaitta Sentences": "Issi asi barkka teqqanau danddayenna metuwaa naa77u asati issippe eqettidi, teqqanau danddayoosona. Heezzu achchan dooqettida wodoroikka elle duuxxenna."
    },
    {
        "English Sentences": "And Abner also spake in the ears of Benjamin: and Abner went also to speak in the ears of David in Hebron all that seemed good to Israel, and that seemed good to the whole house of Benjamin.",
        "Wolaitta Sentences": "Lo77o zoriyaa ekkenna ceega kawuwaappe hiyyeesa gidikkonne, aadhdhida eranchcha yelagai keha."
    },
    {
        "English Sentences": "So Abner came to David to Hebron, and twenty men with him. And David made Abner and the men that were with him a feast.",
        "Wolaitta Sentences": "Aissi giikko, i he hiyyeesa gidiyo sohuwaappe denddidi, woikko qasho keettaappe kiyidi, ba biittan kawo gidiyo sohuwaa gakkanau danddayees."
    },
    {
        "English Sentences": "And Abner said unto David, I will arise and go, and will gather all Israel unto my lord the king, that they may make a league with thee, and that thou mayest reign over all that thine heart desireth. And David sent Abner away; and he went in peace.",
        "Wolaitta Sentences": "Taani salo gufantton de7iyaanne hemettiya asa ubbai kawuwaa kawotettaa araataa laattiya yelagaa kaalliyaagaa be7aas."
    },
    {
        "English Sentences": "And, behold, the servants of David and Joab came from pursuing a troop, and brought in a great spoil with them: but Abner was not with David in Hebron; for he had sent him away, and he was gone in peace.",
        "Wolaitta Sentences": "Issi kawoi haariyo asai qoodi bainna cora gidanau danddayees. SHin kawotaappe i kichchiyo wode, i oottidobau ooninne a galatenna. Hegaa gishshau, ha ubbaikka hada; carkkuwaa oiqqanau yedettiyoogaa mala."
    },
    {
        "English Sentences": "When Joab and all the host that was with him were come, they told Joab, saying, Abner the son of Ner came to the king, and he hath sent him away, and he is gone in peace.",
        "Wolaitta Sentences": "Xoossaa keettaa geliyo wode, ne tohuwaa akeekada tangga. Siyanau mataa shiiqiyoogee, eeyyati yarshshuwaa shiishshiyoogaappe aadhdhees; aissi giikko, eti iita oosuwaa oottiiddi de7iyoogaa erokkona."
    },
    {
        "English Sentences": "Then Joab came to the king, and said, What hast thou done? behold, Abner came unto thee; why is it that thou hast sent him away, and he is quite gone?",
        "Wolaitta Sentences": "Ne doonan haasayanau, Xoossaa sinttankka biddanau eesotoppa. Qassi issibaa Xoossassi immana gaada ne wozanan eesotada geppaichchoppa; aissi giikko, Xoossai saluwan, neeni qassi hagan sa7an de7aasa; hegaa gishshau, ne haasayiyo qaalai guutta gido bayin."
    },
    {
        "English Sentences": "Thou knowest Abner the son of Ner, that he came to deceive thee, and to know thy going out and thy coming in, and to know all that thou doest.",
        "Wolaitta Sentences": "Hirggai dariyo wode, qamman aimoikka darees; hegaadankka, biddaa daroi eeyyatettaa qaalaa kessees."
    },
    {
        "English Sentences": "And when Joab was come out from David, he sent messengers after Abner, which brought him again from the well of Sirah: but David knew it not.",
        "Wolaitta Sentences": "Xoossaassi neeni geppidobaa polanau gam77oppa; aissi giikko, gam77iya eeyyatun Xoossai ufaittenna. Hegaa gishshau, neeni geppidobaa ubbaa pola."
    },
    {
        "English Sentences": "And when Abner was returned to Hebron, Joab took him aside in the gate to speak with him quietly, and smote him there under the fifth rib, that he died, for the blood of Asahel his brother.",
        "Wolaitta Sentences": "Issibaa Xoossassi geppidi, polennan aggiyoogaappe koiro geppennan aggiyoogee lo77o."
    },
    {
        "English Sentences": "And afterward when David heard it, he said, I and my kingdom are guiltless before the LORD for ever from the blood of Abner the son of Ner:",
        "Wolaitta Sentences": "Nena ne doonai nagaran yeggennaadan, ne doonaa zawaappe aadhdhida yeda oottoppa; qassi Xoossaassi oottiyaagau, \"Kasekka hagaa taani akeekennan geppaas\" gooppa. Aissi giikko, hegaa Xoossai keehi hanqqettiyo gishshau, neeni daafurada demmidobaa, ne kushiyaa oosuwaa ubbaa i ba hanqquwan quccidi xaissanau danddayees."
    },
    {
        "English Sentences": "Let it rest on the head of Joab, and on all his father's house; and let there not fail from the house of Joab one that hath an issue, or that is a leper, or that leaneth on a staff, or that falleth on the sword, or that lacketh bread.",
        "Wolaitta Sentences": "Daro aimuwaa aimottikkonne woikko qassi darobaa haasayikkonne he ubbaikka hada; hegaa gishshau, neeni hegaa aggaagada Xoossaassi yayya."
    },
    {
        "English Sentences": "So Joab and Abishai his brother slew Abner, because he had slain their brother Asahel at Gibeon in the battle.",
        "Wolaitta Sentences": "Issi kawotettai ba biittan de7iya hiyyeesata naaqqishiininne pirddaa geellayishin neeni be7ikko, darin maalaalettoppa. Issi issi halaqau appe bollaara sunttettidi, a xeelliya hara halaqai de7ees. Qassi eta naa77aappekka bollaara sunttettidi, eta xeelliya hara halaqatikka de7oosona."
    },
    {
        "English Sentences": "And David said to Joab, and to all the people that were with him, Rend your clothes, and gird you with sackcloth, and mourn before Abner. And king David himself followed the bier.",
        "Wolaitta Sentences": "Harai attin, kawuwaa gidikkonne, goshshaappe beettiya aifeti xayikko, woppan de7anau danddayenna."
    },
    {
        "English Sentences": "And they buried Abner in Hebron: and the king lifted up his voice, and wept at the grave of Abner; and all the people wept.",
        "Wolaitta Sentences": "Bira dosiya uraassi biri gidi erenna; duretanau siiqiya uraikka miishshaa kalli erenna. SHin ha ubbaikka hada."
    },
    {
        "English Sentences": "And the king lamented over Abner, and said, Died Abner as a fool dieth?",
        "Wolaitta Sentences": "Duretettai dariyo wode, miyaabaikka hegaa keenaa darees. Yaatin, ba aquwaa coo aifiyan xeellidi, \"Taani dure\" gaanaappe attin, harabaa au ai maaddii!"
    },
    {
        "English Sentences": "Thy hands were not bound, nor thy feet put into fetters: as a man falleth before wicked men, so fellest thou. And all the people wept again over him.",
        "Wolaitta Sentences": "Oosuwaa oottiya asi guutta min, daro min, saro xiskkuwaa xiskkidi aqees; shin duree ba duretettaassi ubba wode un77ettidi qoppiyo gishshau, xiskkuwaa xayidi de7ees."
    },
    {
        "English Sentences": "And when all the people came to cause David to eat meat while it was yet day, David sware, saying, So do God to me, and more also, if I taste bread, or ought else, till the sun be down.",
        "Wolaitta Sentences": "Salo gufantton keehi azzanissiyaabaa harabaakka taani be7aas; iita wodiyan bana maaddo giidi, asi bau de7idabaappe guyye wottidi dagayees."
    },
    {
        "English Sentences": "And all the people took notice of it, and it pleased them: as whatsoever the king did pleased all the people.",
        "Wolaitta Sentences": "Qassi he duretettai issi iitabai gaittin xayiichchees. I na7a yelidabaa gidikkokka, na7a laatissiyoobaara xayidi, mela attees."
    },
    {
        "English Sentences": "For all the people and all Israel understood that day that it was not of the king to slay Abner the son of Ner.",
        "Wolaitta Sentences": "Asi ubbi koiro kallo yelettidoogaadan, mela kushiyaara simmidi baana. Ai keenaa i daafuridi oottikkonne, ba daafuridobaappe ekkidi biyoobi aibinne baawa."
    },
    {
        "English Sentences": "And the king said unto his servants, Know ye not that there is a prince and a great man fallen this day in Israel?",
        "Wolaitta Sentences": "Asi kallo yelettidi, kallo guyye simmiyoogeekka qassi keehi azzanissiya iitabaa. A daafuri ubbi carkkuwaa kuucciyoogaadan hada gidaappe sinttan, i hegan ai maadettii?"
    },
    {
        "English Sentences": "And I am this day weak, though anointed king; and these men the sons of Zeruiah be too hard for me: the LORD shall reward the doer of evil according to his wickedness.",
        "Wolaitta Sentences": "I ba laittaa ubbaa xuma de7uwan, azzanuwan, yiillotiyoogan, harggiyaaninne hanqquwan wurssees."
    },
    {
        "English Sentences": "And when Saul's son heard that Abner was dead in Hebron, his hands were feeble, and all the Israelites were troubled.",
        "Wolaitta Sentences": "Hegee hegaa gidikkonne, taani akeekido issi lo77obai de7ees; hegeekka salo gufantton Xoossi asi de7anaadan immido qantta laittaa giddon, asi daafuraappe miyoogee, uyiyoogeenne ufaittiyoogee lo77onne bessiyaabaa. Aissi giikko, a qaadai hegaa."
    },
    {
        "English Sentences": "And Saul's son had two men that were captains of bands: the name of the one was Baanah, and the name of the other Rechab, the sons of Rimmon a Beerothite, of the children of Benjamin: (for Beeroth also was reckoned to Benjamin.",
        "Wolaitta Sentences": "Xoossai asassi duretettaanne aquwaa immiyoogee, ba daafuraa waagaa demmidi, miidinne uyidi ufaittanaassa. Hegeekka qassi Xoossaappe au imettida imota."
    },
    {
        "English Sentences": "And the Beerothites fled to Gittaim, and were sojourners there until this day.)",
        "Wolaitta Sentences": "Xoossai a wozanan ubba wode ufaissaa kuntti wottiyo gishshau, i ba de7uwaa laittaabaa daro qoppenna."
    },
    {
        "English Sentences": "And Jonathan, Saul's son, had a son that was lame of his feet. He was five years old when the tidings came of Saul and Jonathan out of Jezreel, and his nurse took him up, and fled: and it came to pass, as she made haste to flee, that he fell, and became lame. And his name was Mephibosheth.",
        "Wolaitta Sentences": "Salo gufantton asa bolli gakkiya keehi iitabaa taani be7aas."
    },
    {
        "English Sentences": "And the sons of Rimmon the Beerothite, Rechab and Baanah, went, and came about the heat of the day to the house of Ishbosheth, who lay on a bed at noon.",
        "Wolaitta Sentences": "Xoossai asassi aquwaa, duretettaanne bonchchuwaa ubbaa immees; ayyo koshshiyaabaappe aibanne pacissenna. SHin, ayyo imettida aqonne duretetta ubban keettaawu ufaittana mala, kumetta sheniyaa au immenna. Hegaa xallakka gidenna; i daafuridi demmidoban hara daafuribeennaagee ufaittanaadan oottees. Hegeekka hadanne keehi azzanissiya iitabaa."
    },
    {
        "English Sentences": "And they came thither into the midst of the house, as though they would have fetched wheat; and they smote him under the fifth rib: and Rechab and Baanah his brother escaped.",
        "Wolaitta Sentences": "Issi asi xeetu naata gakkanau yelidi, adussa laittaa de7idi ceegganau danddayees; shin i bau imettidaban ufaittiyo qaadai au xayikko, qassi wurssettan bonchcho mooguwaakka moogettennan attikko, appe baayee uluwan haiqqidi yelettida boshai keha gais."
    },
    {
        "English Sentences": "For when they came into the house, he lay on his bed in his bedchamber, and they smote him, and slew him, and beheaded him, and took his head, and gat them away through the plain all night.",
        "Wolaitta Sentences": "Aissi giikko, he boshai coo yelettiis; simmidi qassi, a ooninne hassayenna xumau bees; a sunttaikka he xuman kamettidi attees."
    },
    {
        "English Sentences": "And they brought the head of Ishbosheth unto David to Hebron, and said to the king, Behold the head of Ishbosheth the son of Saul thine enemy, which sought thy life; and the LORD hath avenged my lord the king this day of Saul, and of his seed.",
        "Wolaitta Sentences": "I awaa poo7uwaa be7ibeenna; de7obaikka aibakko eribeenna. Hinkko bitaniyaagaappe aadhdhidi shemppiyai a."
    },
    {
        "English Sentences": "And David answered Rechab and Baanah his brother, the sons of Rimmon the Beerothite, and said unto them, As the LORD liveth, who hath redeemed my soul out of all adversity,",
        "Wolaitta Sentences": "Hegaa gishshau, ufaissi bainnan de7ishin, naa77u sha7u laittaa de7iya asappe he boshaa qaadai lo77o. Aissi giikko, wurssettan naa77aikka issi sohuwaa boosona."
    },
    {
        "English Sentences": "When one told me, saying, Behold, Saul is dead, thinking to have brought good tidings, I took hold of him, and slew him in Ziklag, who thought that I would have given him a reward for his tidings:",
        "Wolaitta Sentences": "Asi daafuridi oottiyo ubbai bau miyoobaa demmanaassa; shin a uloi audenne gidana gi erenna."
    },
    {
        "English Sentences": "How much more, when wicked men have slain a righteous person in his own house upon his bed? shall I not therefore now require his blood of your hand, and take you away from the earth?",
        "Wolaitta Sentences": "Yaatin, cincca asi eeyyaappe aibin kehii? Hiyyeesaikka keehi cinccidi, haratu sinttan waani simerettanaakko eriyoogee au ai maaddii?"
    },
    {
        "English Sentences": "And David commanded his young men, and they slew them, and cut off their hands and their feet, and hanged them up over the pool in Hebron. But they took the head of Ishbosheth, and buried it in the sepulchre of Abner in Hebron.",
        "Wolaitta Sentences": "Aifiyan be7iyoobai amottiyoobaappe keha. Qassi hegeekka carkkuwaa oiqqanau yedettiyoogaa mala hada."
    },
    {
        "English Sentences": "Then came all the tribes of Israel to David unto Hebron, and spake, saying, Behold, we are thy bone and thy flesh.",
        "Wolaitta Sentences": "Haniyaabai ubbaikka kasetidi kuuyetti uttiis. Issi issi asi waananau de7iyaakko, adussa wodiyaappe kase baggan eretti uttiis; qassi ai asinne baappe minniyaagaara gaaddetanau danddayenna."
    },
    {
        "English Sentences": "Also in time past, when Saul was king over us, thou wast he that leddest out and broughtest in Israel: and the LORD said to thee, Thou shalt feed my people Israel, and thou shalt be a captain over Israel.",
        "Wolaitta Sentences": "Haasayai corattiyo wode, hadabai corattees; hegee yaatin, asa ai maaddii?"
    },
    {
        "English Sentences": "So all the elders of Israel came to the king to Hebron; and king David made a league with them in Hebron before the LORD: and they anointed David king over Israel.",
        "Wolaitta Sentences": "Hada gididi, kuwaadan coo aadhdhiya guutta laittaa baagaa asi waatidi aattanau koshshiyaakko eriyai oonee? Qassikka asi haiqqidi biichchin, salo gufantton hananau de7iyaabaa asassi odanau danddayiyai oonee?"
    },
    {
        "English Sentences": "David was thirty years old when he began to reign, and he reigned forty years.",
        "Wolaitta Sentences": "Waagai al77o gidido lo77o shittuwaappe lo77o sunttai aadhdhees; yelettiyo gallassaappekka haiqqiyo gallassai lo77o."
    },
    {
        "English Sentences": "In Hebron he reigned over Judah seven years and six months: and in Jerusalem he reigned thirty and three years over all Israel and Judah.",
        "Wolaitta Sentences": "Gibiraa keettaa biyoogaappe, yeeho keettaa biyoogee lo77o; aissi giikko, asa ubbaa wurssettai haiqo; paxa de7iya asaikka hegaa ba wozanan wottanau koshshees."
    },
    {
        "English Sentences": "And the king and his men went to Jerusalem unto the Jebusites, the inhabitants of the land: which spake unto David, saying, Except thou take away the blind and the lame, thou shalt not come in hither: thinking, David cannot come in hither.",
        "Wolaitta Sentences": "Miichchaappe azzanoi keha; aissi giikko, azzanoi som77uwaa karexissikkokka wozanaa poo7issees."
    },
    {
        "English Sentences": "Nevertheless David took the strong hold of Zion: the same is the city of David.",
        "Wolaitta Sentences": "Ubbatoo ufaissiyaabaa xallaa qoppiya urai de7ikko, he urai eeyya; shin cincca asi haiquwaabaakka qoppees."
    },
    {
        "English Sentences": "And David said on that day, Whosoever getteth up to the gutter, and smiteth the Jebusites, and the lame and the blind, that are hated of David's soul, he shall be chief and captain. Wherefore they said, The blind and the lame shall not come into the house.",
        "Wolaitta Sentences": "Eeyyati sabbidi yexxiyo yettaa siyiyoogaappe, aadhdhida eranchcha asi seeriyo seeraa ezggiyoogee lo77o."
    },
    {
        "English Sentences": "So David dwelt in the fort, and called it the city of David. And David built round about from Millo and inward.",
        "Wolaitta Sentences": "Eeyyaa miichchai, suuppa agunttaa taman yeggin eexxiiddi xuuqqiyoogaa mala. Hegeekka qassi hada."
    },
    {
        "English Sentences": "And David went on, and grew great, and the LORD God of hosts was with him.",
        "Wolaitta Sentences": "Sugetta oosoi aadhdhida eranchchaa eeyya kessees; maganxxuwaa asappe ekkiyoogeekka wozanaa bashshees."
    },
    {
        "English Sentences": "And Hiram king of Tyre sent messengers to David, and cedar trees, and carpenters, and masons: and they built David an house.",
        "Wolaitta Sentences": "Ai yohuwaassi gidikkonne, doomettaappe wurssettai keha; qassi otoranchcha uraappekka danddayanchcha urai keha."
    },
    {
        "English Sentences": "And David perceived that the LORD had established him king over Israel, and that he had exalted his kingdom for his people Israel's sake.",
        "Wolaitta Sentences": "Hanqqoi azallati haluwaa kiyanau go7ettiyo miishsha gidiyo gishshau, elle hanqqettoppa."
    },
    {
        "English Sentences": "And David took him more concubines and wives out of Jerusalem, after he was come from Hebron: and there were yet sons and daughters born to David.",
        "Wolaitta Sentences": "\"Ha77i wodiyaappe kase aadhdhida wodee aissi keha gididee?\" gaada oichchoppa; aissi giikko, hegaa mala oishai aadhdhida eranchcha giyo asi oichchiyo oisha gidenna."
    },
    {
        "English Sentences": "And these be the names of those that were born unto him in Jerusalem; Shammuah, and Shobab, and Nathan, and Solomon,",
        "Wolaitta Sentences": "Ha sa7an de7iya asi ubbi aadhdhida eranchcha gidanau koshshees; aissi giikko, aadhdhida eratettaa demmiyoogee aquwaa laattiyoogaappe guuxxenna."
    },
    {
        "English Sentences": "Ibhar also, and Elishua, and Nepheg, and Japhia,",
        "Wolaitta Sentences": "Miishshai asa iitaappe kammidi ashshiyoogaadan, aadhdhida eratettaikka ashshees. SHin, aadhdhida eratettai miishshaappe dariyoogee, i asassi de7o immanau danddayiyoogaana."
    },
    {
        "English Sentences": "And Elishama, and Eliada, and Eliphalet.",
        "Wolaitta Sentences": "Ane Xoossai oottidobaa akeeka! Xoossai geellayidobaa ooni sittissanau danddayii?"
    },
    {
        "English Sentences": "But when the Philistines heard that they had anointed David king over Israel, all the Philistines came up to seek David; and David heard of it, and went down to the hold.",
        "Wolaitta Sentences": "Neeyyo ubbabai giigido wodiyan ufaitta; qassi metoi gakkiyo wodiyankka akeeka; aissi giikko, ufaissa gidin, meto gidin, Xoossai yeddiyo wodiyan yees. SHin augee kasetidi yaanaakko, neeni erakka."
    },
    {
        "English Sentences": "The Philistines also came and spread themselves in the valley of Rephaim.",
        "Wolaitta Sentences": "Ha hada gidida laittan taagan darobaa taani be7aas. Hegeekka, geellai ba geellatettaa oottiiddi, adussa laittaa de7iyo wode, xillotettaa oottiya xilloi qantta laittan haiqqees."
    },
    {
        "English Sentences": "And David enquired of the LORD, saying, Shall I go up to the Philistines? wilt thou deliver them into mine hand? And the LORD said unto David, Go up: for I will doubtless deliver the Philistines into thine hand.",
        "Wolaitta Sentences": "Hegaa gishshau, neeni elle xayennaadan, keehi daro xillo woikko keehi daro aadhdhida eranchcha gidoppa."
    },
    {
        "English Sentences": "And David came to Baalperazim, and David smote them there, and said, The LORD hath broken forth upon mine enemies before me, as the breach of waters. Therefore he called the name of that place Baalperazim.",
        "Wolaitta Sentences": "Qassi wodee bainnan neeni haiqqennaadan, ubba hanttaara iitanne gidoppa; ubba yooqolo eeyyanne gidoppa."
    },
    {
        "English Sentences": "And there they left their images, and David and his men burned them.",
        "Wolaitta Sentences": "Ha ubbankka Xoossaassi yayyiya urai, meto ubbaappe xoonuwan kiyanau danddayiyo gishshau, neeni daro iita woikko daro xillonne gidennan giddo asa gida."
    },
    {
        "English Sentences": "And the Philistines came up yet again, and spread themselves in the valley of Rephaim.",
        "Wolaitta Sentences": "Aadhdhida eratettai aadhdhida eranchchatuyyo immiyo wolqqai tammu katamata haariya asatau wolqqaappe darees."
    },
    {
        "English Sentences": "And when David enquired of the LORD, he said, Thou shalt not go up; but fetch a compass behind them, and come upon them over against the mulberry trees.",
        "Wolaitta Sentences": "Xillobaa xalaalaa oottiiddi, nagara oottennan de7iya asi ha sa7aa bollan baawa."
    },
    {
        "English Sentences": "And let it be, when thou hearest the sound of a going in the tops of the mulberry trees, that then thou shalt bestir thyself: for then shall the LORD go out before thee, to smite the host of the Philistines.",
        "Wolaitta Sentences": "Asai haasayiyo qaalaa muliyaa ezggada polana gooppa; neeni muliyaa ezggana giikko, ne ashkkarai nena qanggishin, neeni siyana."
    },
    {
        "English Sentences": "And David did so, as the LORD had commanded him; and smote the Philistines from Geba until thou come to Gazer.",
        "Wolaitta Sentences": "Qassi neenikka ne huuphen harata qanggidoogaa ne wozanai erees."
    },
    {
        "English Sentences": "Again, David gathered together all the chosen men of Israel, thirty thousand.",
        "Wolaitta Sentences": "Hagaa ubbaa taani aadhdhida eratettan pilggada xeellaas; yaatada, \"Taanikka aadhdhida eranchcha gidana\" yaagaas. SHin taani giidoogaadan hanibeenna."
    },
    {
        "English Sentences": "And David arose, and went with all the people that were with him from Baale of Judah, to bring up from thence the ark of God, whose name is called by the name of the LORD of hosts that dwelleth between the cherubims.",
        "Wolaitta Sentences": "Aadhdhida eratettai ubbatonkka haahuwan de7iyaabaanne ciimmabaa; yaatin, a qoridi demmanau danddayiyai oonee?"
    },
    {
        "English Sentences": "And they set the ark of God upon a new cart, and brought it out of the house of Abinadab that was in Gibeah: and Uzzah and Ahio, the sons of Abinadab, drave the new cart.",
        "Wolaitta Sentences": "Taani eranau, pilgga xeellanaunne aadhdhida eratettaanne yoho ubbaa wurssettaa eranau, qassi nagarai eeyyatetta gidiyoogaanne eeyyatettikka gooshsha gidiyoogaa eranau, ta wozanan yuushsha yuushshada qoppaas."
    },
    {
        "English Sentences": "And they brought it out of the house of Abinadab which was at Gibeah, accompanying the ark of God: and Ahio went before the ark.",
        "Wolaitta Sentences": "Taani haiquwaappe aadhdhidi cammiya hara issibaa pilgga xeellada demmaas; hegeekka, i wozanai pire woikko yardde gidin, i kushee sanssalata mala gidido issi maccaaseebaa. Xoossaa ufaissiya urai ippe kessi ekkana; shin nagaranchchaa a ba piriyaa waaxada oiqqana."
    },
    {
        "English Sentences": "And David and all the house of Israel played before the LORD on all manner of instruments made of fir wood, even on harps, and on psalteries, and on timbrels, and on cornets, and on cymbals.",
        "Wolaitta Sentences": "Eranchchai hagaadan yaagiis; \"Taani kaalla kaallada, pilgga xeellada, haraa demmidobai hagaa."
    },
    {
        "English Sentences": "And when they came to Nachon's threshingfloor, Uzzah put forth his hand to the ark of God, and took hold of it; for the oxen shook it.",
        "Wolaitta Sentences": "Hegeekka, taani hachchi gakkanaashin koyada demmabeennabaa. SHa7u attuma asaa giddoppe bonchchoi bessiyo issi asa xallaa demmaas; shin macca asaa giddoppe issinnonne demmanau danddayabeikke."
    },
    {
        "English Sentences": "And the anger of the LORD was kindled against Uzzah; and God smote him there for his error; and there he died by the ark of God.",
        "Wolaitta Sentences": "Taani qorada demmido harabai, Xoossai asaa suure qofai de7iyoogeeta oottidi medhdhiis; shin asai daro hiilla ogiyaa koyidi biis\" yaagiis."
    },
    {
        "English Sentences": "And David was displeased, because the LORD had made a breach upon Uzzah: and he called the name of the place Perezuzzah to this day.",
        "Wolaitta Sentences": "Aadhdhida eranchcha asa mala asi oonee? Yohotu ubbaa birshshettaa eriyai oonee? Aadhdhida eratettai pashkkissidi, xumida som77uwaa poo7issees."
    },
    {
        "English Sentences": "And David was afraid of the LORD that day, and said, How shall the ark of the LORD come to me?",
        "Wolaitta Sentences": "Kawuwaassi azazetta; aissi giikko, azazettanau neeni kase Xoossaa sinttan caaqqa uttadasa."
    },
    {
        "English Sentences": "So David would not remove the ark of the LORD unto him into the city of David: but David carried it aside into the house of Obededom the Gittite.",
        "Wolaitta Sentences": "Ubba wode iita oosuwaa oottoppa; aissi giikko, kawoi ba koyidobaa oottanau danddayiyo gishshau, neeni a sinttappe elle xayana."
    },
    {
        "English Sentences": "And the ark of the LORD continued in the house of Obededom the Gittite three months: and the LORD blessed Obededom, and all his household.",
        "Wolaitta Sentences": "Mulebaa oottanau kawuwaassi maatai de7ees; yaatin, \"Aissi hagaa oottadii?\" yaagidi a oichchanau danddayiyai oonee?"
    },
    {
        "English Sentences": "And it was told king David, saying, The LORD hath blessed the house of Obededom, and all that pertaineth unto him, because of the ark of God. So David went and brought up the ark of God from the house of Obededom into the city of David with gladness.",
        "Wolaitta Sentences": "A azazuwaa poliya urai qaxxayettenna; aadhdhida eranchcha asi likke gidiya wodiyaanne oottiyo ogiyaa erees."
    },
    {
        "English Sentences": "And it was so, that when they that bare the ark of the LORD had gone six paces, he sacrificed oxen and fatlings.",
        "Wolaitta Sentences": "Issi asa bollan deexo metoi gakkikkonne, yoho ubbaassi au a wodeenne a ogee ogee de7ees."
    },
    {
        "English Sentences": "And David danced before the LORD with all his might; and David was girded with a linen ephod.",
        "Wolaitta Sentences": "Sinttappe hananabaa eriyaabi baawa; hegaa gishshau, \"Hagee hanana\" giidi odanau danddayiyai oonee?"
    },
    {
        "English Sentences": "So David and all the house of Israel brought up the ark of the LORD with shouting, and with the sound of the trumpet.",
        "Wolaitta Sentences": "SHemppoi shaahettidi biyo gallassi oiqqidi, teqqanau danddayiya asi baawa; woikko haiqoi ba gallassan yeennaadan digganau danddayiya asikka baawa. Hegee ooninne kessi ekkanau danddayenna ola. Hegaa gishshau, haiquwaa sinttan iitatetti iitaa oottiya uraa ashshi ekkenna."
    },
    {
        "English Sentences": "And as the ark of the LORD came into the city of David, Michal Saul's daughter looked through a window, and saw king David leaping and dancing before the LORD; and she despised him in her heart.",
        "Wolaitta Sentences": "Salo gufantton haniyaabaa ubbaa taani akeekada qoppiyo wode, issi asi bau de7iya haariyo maataa hara asa qohanau go7ettiyoogaa be7aas."
    },
    {
        "English Sentences": "And they brought in the ark of the LORD, and set it in his place, in the midst of the tabernacle that David had pitched for it: and David offered burnt offerings and peace offerings before the LORD.",
        "Wolaitta Sentences": "Qassi iita asati bonchchuwan moogettishin be7aas. Hegaappe aadhdhiyaageekka qassi, mooguwaappe simmiyo wode, eti he iitatettaa oottido katamaa asai shiiqidi, eta sabbishin siyaas. Hegee ubbaikka hada."
    },
    {
        "English Sentences": "And as soon as David had made an end of offering burnt offerings and peace offerings, he blessed the people in the name of the LORD of hosts.",
        "Wolaitta Sentences": "Asi halchchidi iitabaa oottiyo gaasoi, iitabaa oottida asata eesuwan qaxxayiyaabi bainna gishshaassa."
    },
    {
        "English Sentences": "And he dealt among all the people, even among the whole multitude of Israel, as well to the women as men, to every one a cake of bread, and a good piece of flesh, and a flagon of wine. So all the people departed every one to his house.",
        "Wolaitta Sentences": "Nagaranchchai xeetutoo iitabaa oottishin, a baree aduqqikkokka, Xoossaassi yayyiyaageetussi sa7ai lo77anaagaa taani erais."
    },
    {
        "English Sentences": "Then David returned to bless his household. And Michal the daughter of Saul came out to meet David, and said, How glorious was the king of Israel to day, who uncovered himself to day in the eyes of the handmaids of his servants, as one of the vain fellows shamelessly uncovereth himself!",
        "Wolaitta Sentences": "Iitati Xoossaassi yayyenna gishshau, sarotettai etassi baawa; Xoossaassi eti yayyenna gishshau, eta bareekka kuwaadan qaammana."
    },
    {
        "English Sentences": "And David said unto Michal, It was before the LORD, which chose me before thy father, and before all his house, to appoint me ruler over the people of the LORD, over Israel: therefore will I play before the LORD.",
        "Wolaitta Sentences": "Ha sa7an oosettiya issi hadabai de7ees; hegeekka, geeshsha asati nagaranchchatussi yiya qixaatiyaa ekkin, nagaranchchati qassi, geeshshatussi yiya lo77obaa ekkoosona. Ha ubbaikka hada."
    },
    {
        "English Sentences": "And I will yet be more vile than thus, and will be base in mine own sight: and of the maidservants which thou hast spoken of, of them shall I be had in honour.",
        "Wolaitta Sentences": "Hegaa gishshau, asi ba de7on ufaittikko lo77o gaada qofaa immais; aissi giikko, asi miyoogaappe, uyiyoogaappenne bana ufaissiyoogaappe aadhdhida lo77obi ayyo saloppe garssa baggaara hara baawa. Xoossai au immido laittan i daafuridi demmidoban hegaadan oottikko, ufaittanau danddayees."
    },
    {
        "English Sentences": "Therefore Michal the daughter of Saul had no child unto the day of her death.",
        "Wolaitta Sentences": "Taani aadhdhida eratettai aibakko eranaunne asi ha sa7aa bollan daafuriyo daafuraa akeekanau halchchaas; wurssettan asi xiskko xayidi oottiyo duuxxenna oosoi de7iyoogaa be7aas."
    },
    {
        "English Sentences": "And it came to pass, when the king sat in his house, and the LORD had given him rest round about from all his enemies;",
        "Wolaitta Sentences": "Hegaappe guyyiyan, Xoossai oottidobaa ubbaa be7aas. Qassi saloppe garssa baggan oosettida oosuwaa asi pilggidi eranau danddayennaagaa eraas. Asi ai keenaa daafuridi pilggi xeellikkonne, a birshshettaa eranau danddayenna. Qassi aadhdhida eranchcha asi, \"Taani hagaa erais\" giikkonne, i eranau danddayenna."
    },
    {
        "English Sentences": "That the king said unto Nathan the prophet, See now, I dwell in an house of cedar, but the ark of God dwelleth within curtains.",
        "Wolaitta Sentences": "Ha ubba yohotubaa adussa wodiyaa taani qoppidoogaappe guyyiyan, aadhdhida eranchchanne xillo gidida asatinne eta oosoti Xoossaa kushiyan de7oosona gaada qachchaas; shin siiqoi naagiya, ixoi naagiya ooninne bana naagiyaabaa kasetidi erenna."
    },
    {
        "English Sentences": "And Nathan said to the king, Go, do all that is in thine heart; for the LORD is with thee.",
        "Wolaitta Sentences": "Dummatetti bainnan de7ishin, ubbaa gakkiya qaadai issuwaa; xillo gidin makkalanchcha gidin, lo77o gidin iita gidin, geeshsha gidin tuna gidin, yarshshuwaa yarshshiyaagaa gidin yarshshennaagaa gidin, eta ubbaa qaadai issuwaa. Lo77o asassi nagaranchchaagaappe kehiya qaadi baawa; caaqo caaqqanau yayyiyaageekka caaqqanau xaliyaagaappe dummatenna."
    },
    {
        "English Sentences": "And it came to pass that night, that the word of the LORD came unto Nathan, saying,",
        "Wolaitta Sentences": "Asa ubbaa qaadai issuwaa gidiyoogee, ha sa7an de7iya hara iitatettaakka mala daro iita. Asi de7uwan de7ido laittan ubban a wozanai iitatettaaninne gooshshan kumidi de7ees; wurssettan haiqqi aggees."
    },
    {
        "English Sentences": "Go and tell my servant David, Thus saith the LORD, Shalt thou build me an house for me to dwell in?",
        "Wolaitta Sentences": "Haiqqida gaammuwaappe paxa de7iya kanai keha; aissi giikko, paxa de7iyaageetuura de7iya asassi hidootai de7ees."
    },
    {
        "English Sentences": "Whereas I have not dwelt in any house since the time that I brought up the children of Israel out of Egypt, even to this day, but have walked in a tent and in a tabernacle.",
        "Wolaitta Sentences": "Paxa de7iya asati issitoo haiqqanau de7iyoogaa eroosona; shin haiqqidaageeti aibanne erokkona. Eti mulekka dogettiichchidaageeta gidiyo gishshau, ainne maaddokkona."
    },
    {
        "English Sentences": "In all the places wherein I have walked with all the children of Israel spake I a word with any of the tribes of Israel, whom I commanded to feed my people Israel, saying, Why build ye not me an house of cedar?",
        "Wolaitta Sentences": "Eta siiqoi, ixoinne qanaatee ubbai etaara issippe xayiichchiis. Hegaa gishshau, hagaappe hini baggan salo gufantton oosettiya yoho ubban etau merinaukka qaadi baawa."
    },
    {
        "English Sentences": "Now therefore so shalt thou say unto my servant David, Thus saith the LORD of hosts, I took thee from the sheepcote, from following the sheep, to be ruler over my people, over Israel:",
        "Wolaitta Sentences": "Ba, ne qumaa ufaissan ma; ne woiniyaa eessaakka ne wozanai pashkkishin uya. Aissi giikko, Xoossai hegaa neeyyo kaseppekka bazzi wottiis."
    },
    {
        "English Sentences": "And I was with thee whithersoever thou wentest, and have cut off all thine enemies out of thy sight, and have made thee a great name, like unto the name of the great men that are in the earth.",
        "Wolaitta Sentences": "Ubba wode ne maayoi bootta gido; ne huuphiyankka zaitiyaa tiyetta."
    },
    {
        "English Sentences": "Moreover I will appoint a place for my people Israel, and will plant them, that they may dwell in a place of their own, and move no more; neither shall the children of wickedness afflict them any more, as beforetime,",
        "Wolaitta Sentences": "Saloppe garssa baggaara Xoossai neessi immido ha hada de7uwan, ne hada de7otu ubban neeni siiqiyo ne machcheera ufaittada de7a; aissi giikko, neeni saloppe garssa baggaara daafurada oottidobaa ubbaappe nena gakkiya saami hegaa."
    },
    {
        "English Sentences": "And as since the time that I commanded judges to be over my people Israel, and have caused thee to rest from all thine enemies. Also the LORD telleth thee that he will make thee an house.",
        "Wolaitta Sentences": "Ne kushee oottanau demmidobaa ubbaa ne kumetta wolqqan ootta; aissi giikko, neeni baanasan duufuwan oosoi, woikko halchchoi, woikko eri, woikko aadhdhida eratetti baawa."
    },
    {
        "English Sentences": "And when thy days be fulfilled, and thou shalt sleep with thy fathers, I will set up thy seed after thee, which shall proceed out of thy bowels, and I will establish his kingdom.",
        "Wolaitta Sentences": "Taani saloppe garssaara harabaakka be7aas; hegeekka, eesotiya wottanchchati ubba wode xoonokkona; woikko mino olanchchatikka ubba wode olan xoonokkona; woikko aadhdhida eranchchati ubba wode qumaa demmokkona; woikko cinccati ubba wode duretokkona; woikko tamaarida asati ubba wode sabettokkona. SHin ubbaikka qaadainne wodee oottoogaadan hanees."
    },
    {
        "English Sentences": "He shall build an house for my name, and I will stablish the throne of his kingdom for ever.",
        "Wolaitta Sentences": "Hegaa bollikka qassi, sinttappe yaanau de7iya meto wodee aude gakkanaakko, eranau danddayiya asi baawa; kafoi paalliiddi piriyan geliyoogaadan, woikko molee yarddiyan oiqettiyoogaadan, asi ubbi qoppennan gakkiya iita wodiyan oiqettees."
    },
    {
        "English Sentences": "I will be his father, and he shall be my son. If he commit iniquity, I will chasten him with the rod of men, and with the stripes of the children of men:",
        "Wolaitta Sentences": "Salo gufantton taani be7idobai harabaikka de7ees; hegeekka aadhdhida eratettai gita leemiso gidiyoogaa."
    },
    {
        "English Sentences": "But my mercy shall not depart away from him, as I took it from Saul, whom I put away before thee.",
        "Wolaitta Sentences": "Issi biittan issi guutta asai de7iyo qeeri katamiyaa de7ausu; he katamiyo issi wolqqaama kawoi olanau denddiis. Denddidi o dooddiis."
    },
    {
        "English Sentences": "And thine house and thy kingdom shall be established for ever before thee: thy throne shall be established for ever.",
        "Wolaitta Sentences": "Qassi, issi hiyyeesa shin cincca gidida bitanee, he katamen de7ees; i ba aadhdhida eratettan he katamiyo ashshiis. SHin, he hiyyeesa bitaniyaa zaarettidi hassayidabi baawa."
    },
    {
        "English Sentences": "According to all these words, and according to all this vision, so did Nathan speak unto David.",
        "Wolaitta Sentences": "Taani, \"Aadhdhida eratettai wolqqaappe darees\" yaagaas. Gido shin, aadhdhida eranchcha gidikkonne, hiyyeesa asi karettees; i haasayiyoobaakka ezggiyaabi baawa."
    },
    {
        "English Sentences": "Then went king David in, and sat before the LORD, and he said, Who am I, O Lord GOD? and what is my house, that thou hast brought me hitherto?",
        "Wolaitta Sentences": "Hegaa gidikkokka, deriyaa haariyaagee azallatu yaa7an waassiyo waasuwaa siyiyoogaappe, leelan odettiya aadhdhida eranchchaa qaalaa siyiyoogee lo77o."
    },
    {
        "English Sentences": "And this was yet a small thing in thy sight, O Lord GOD; but thou hast spoken also of thy servant's house for a great while to come. And is this the manner of man, O Lord GOD?",
        "Wolaitta Sentences": "Aadhdhida eratettai olaa miishshaappe lo77o; shin issi nagaranchcha asi daro lo77obaa moorees."
    },
    {
        "English Sentences": "And what can David say more unto thee? for thou, Lord GOD, knowest thy servant.",
        "Wolaitta Sentences": "Haiqqida udunxxeti sawiya zaitiyaa shittuwaa xinqqettanau danddayoosona; hegaadankka, guutta eeyyatettai aadhdhida eratettaanne gita bonchchuwaa moorees."
    },
    {
        "English Sentences": "For thy word's sake, and according to thine own heart, hast thou done all these great things, to make thy servant know them.",
        "Wolaitta Sentences": "Aadhdhida eranchcha asa wozanai a ushachchau kaalettees; shin eeyya asa wozanai haddirssau kaalettees."
    },
    {
        "English Sentences": "Wherefore thou art great, O LORD God: for there is none like thee, neither is there any God beside thee, according to all that we have heard with our ears.",
        "Wolaitta Sentences": "Eeyya asi ogiyan hemettiyo wodekka, ayyo akeeki baawa; hegaappe denddidaagan i eeyya gidiyoogaa asi ubbi erees."
    },
    {
        "English Sentences": "And what one nation in the earth is like thy people, even like Israel, whom God went to redeem for a people to himself, and to make him a name, and to do for you great things and terrible, for thy land, before thy people, which thou redeemedst to thee from Egypt, from the nations and their gods?",
        "Wolaitta Sentences": "Ne halaqai ne bollan hanqqettikkonne, ne sunttettido sohuwaappe kichchaichchoppa; aissi giikko, co77u giidi danddayiyoogee gita mooruwaakka atto giissees."
    },
    {
        "English Sentences": "For thou hast confirmed to thyself thy people Israel to be a people unto thee for ever: and thou, LORD, art become their God.",
        "Wolaitta Sentences": "Salo gufantton taani be7ido hara iitabai de7ees; hegeekka deriyaa haariyaageeti oottiyo naaquwaa."
    },
    {
        "English Sentences": "And now, O LORD God, the word that thou hast spoken concerning thy servant, and concerning his house, establish it for ever, and do as thou hast said.",
        "Wolaitta Sentences": "Eeyyati daro xoqqa sunttatettaa oiqqidi de7iyo wode, dureti hirkki ziqqa sohuwan uttidosona."
    },
    {
        "English Sentences": "And let thy name be magnified for ever, saying, The LORD of hosts is the God over Israel: and let the house of thy servant David be established before thee.",
        "Wolaitta Sentences": "Taani, ailleti haariyaageetudan paraa toggidi biishiininne qassi haariyaageeti ailletudan gediyan hemettishin be7aas."
    },
    {
        "English Sentences": "For thou, O LORD of hosts, God of Israel, hast revealed to thy servant, saying, I will build thee an house: therefore hath thy servant found in his heart to pray this prayer unto thee.",
        "Wolaitta Sentences": "Olla bookkiya uri he ollan i kunddana; qassi gimbbe dirssaa koliya uraa shooshshai dukkana."
    },
    {
        "English Sentences": "And now, O Lord GOD, thou art that God, and thy words be true, and thou hast promised this goodness unto thy servant:",
        "Wolaitta Sentences": "Shuchchaa a sohuwaappe aatti yeggiya uri he shuchchan deshettees; qassi mitta qeriya urikka he mittan deshettees."
    },
    {
        "English Sentences": "Therefore now let it please thee to bless the house of thy servant, that it may continue for ever before thee: for thou, O Lord GOD, hast spoken it: and with thy blessing let the house of thy servant be blessed for ever.",
        "Wolaitta Sentences": "Tunida kalttaa poshennan coo qerikko, daro wolqqaa wurssees; shin aadhdhida eran oottiyoogee oosuwaa purissees."
    },
    {
        "English Sentences": "And after this it came to pass that David smote the Philistines, and subdued them: and David took Methegammah out of the hand of the Philistines.",
        "Wolaitta Sentences": "SHooshshai dukkirggin, shooshshaa jallettiyo daadumataa daadumatiyoogee he aawussi ainne maaddenna."
    },
    {
        "English Sentences": "And he smote Moab, and measured them with a line, casting them down to the ground; even with two lines measured he to put to death, and with one full line to keep alive. And so the Moabites became David's servants, and brought gifts.",
        "Wolaitta Sentences": "Aadhdhida eranchchaa haasayai ayyo bonchchuwaa imissees; shin eeyyai ba doonaappe kiyida qaalan i bau metuwan gelees."
    },
    {
        "English Sentences": "David smote also Hadadezer, the son of Rehob, king of Zobah, as he went to recover his border at the river Euphrates.",
        "Wolaitta Sentences": "Eeyyai ba haasayaa eeyya qaalan doommidi, iitatettaaninne gooshshan polees."
    },
    {
        "English Sentences": "And David took from him a thousand chariots, and seven hundred horsemen, and twenty thousand footmen: and David houghed all the chariot horses, but reserved of them for an hundred chariots.",
        "Wolaitta Sentences": "Eeyyai darobaa haasayees. Gidikkonne, sinttappe hananau de7iyaabaa ooninne erenna. Asi haiqqiichchin, hananau de7iyaabaa ayyo odanau danddayiyaabi baawa."
    },
    {
        "English Sentences": "And when the Syrians of Damascus came to succour Hadadezer king of Zobah, David slew of the Syrians two and twenty thousand men.",
        "Wolaitta Sentences": "Eeyya asi ba oosuwan daafurees; i ba soo biyo ogiyaa erenna."
    },
    {
        "English Sentences": "Then David put garrisons in Syria of Damascus: and the Syrians became servants to David, and brought gifts. And the LORD preserved David whithersoever he went.",
        "Wolaitta Sentences": "Yiira na7a gidida kawoinne maallado guuraara gibiraa giigissidi, banttau miya halaqati de7iyo biittee neeyyo aayye7ana!"
    },
    {
        "English Sentences": "And David took the shields of gold that were on the servants of Hadadezer, and brought them to Jerusalem.",
        "Wolaitta Sentences": "Bonchchettida kawoinne mattuwaassa gidennan wolqqaanne minotettaa demmanau maaran miyaanne uyiya halaqati de7iyo biittiyaa galatettidaaro."
    },
    {
        "English Sentences": "And from Betah, and from Berothai, cities of Hadadezer, king David took exceeding much brass.",
        "Wolaitta Sentences": "Bitanee azalla gidikko, a kaarai woddees; a kushee billi giidaagaa gidikko, a keettai aattees."
    },
    {
        "English Sentences": "When Toi king of Hamath heard that David had smitten all the host of Hadadezer,",
        "Wolaitta Sentences": "Qumaa miyoogaaninne woiniyaa eessaa uyiyoogan ufaissai beettees; shin miishshi ubbabaa shammees."
    },
    {
        "English Sentences": "Then Toi sent Joram his son unto king David, to salute him, and to bless him, because he had fought against Hadadezer, and smitten him: for Hadadezer had wars with Toi. And Joram brought with him vessels of silver, and vessels of gold, and vessels of brass:",
        "Wolaitta Sentences": "Siyiyaabi baawa gaada ne wozanaa qofan gidikkonne, kawuwaa cayoppa; woikko ne zin77iyo kifiliyan duriyaa cayoppa; aissi giikko, ne giidoogaa saluwaa kafoi woikko, qefiyaara de7iya meretati biidi, etayyo yootana."
    },
    {
        "English Sentences": "Which also king David did dedicate unto the LORD, with the silver and gold that he had dedicated of all nations which he subdued;",
        "Wolaitta Sentences": "Ne oittaa haattaa bollan ola; daro gallassatuppe guyyiyan, neeni zaarettada a demmana."
    },
    {
        "English Sentences": "Of Syria, and of Moab, and of the children of Ammon, and of the Philistines, and of Amalek, and of the spoil of Hadadezer, son of Rehob, king of Zobah.",
        "Wolaitta Sentences": "Neeyyo de7iya aquwaa laappun woikko, ubba hosppun sohuwan shaakkada wotta; aissi giikko, sinttappe ha sa7aa bolli aiba iitabi yaanaakko, neeni erakka."
    },
    {
        "English Sentences": "And David gat him a name when he returned from smiting of the Syrians in the valley of salt, being eighteen thousand men.",
        "Wolaitta Sentences": "SHaarai haattan kumidabaa gidikko, biittaa bollan iraa tigees. Mittai huuphessi kunddin tohossi kunddin, he ba kunddido sohuwan de7ees."
    },
    {
        "English Sentences": "And he put garrisons in Edom; throughout all Edom put he garrisons, and all they of Edom became David's servants. And the LORD preserved David whithersoever he went.",
        "Wolaitta Sentences": "Carkkuwaa hanotaa naagiya ooninne kattaa zerenna; qassi shaarai denddanaashin naagiya ooninne ba kattaa cakkenna."
    },
    {
        "English Sentences": "And David reigned over all Israel; and David executed judgment and justice unto all his people.",
        "Wolaitta Sentences": "Carkkoi awaara biyaakko, a ogiyaa erakka; qassi na7i aayee uluwan waani merettiyaakkokka erakka. Hegaadankka, ubbabaa medhdhiya Xoossai ba oosuwaa waati oottiyaakko, eranau danddayakka."
    },
    {
        "English Sentences": "And Joab the son of Zeruiah was over the host; and Jehoshaphat the son of Ahilud was recorder;",
        "Wolaitta Sentences": "Maallado guuran gidinkka omarssan, ne zerettaa zeriyoogaa aggoppa; aissi giikko, maalladoogee lo77anaa omarssaagee lo77anaa neeni erakka."
    },
    {
        "English Sentences": "And Zadok the son of Ahitub, and Ahimelech the son of Abiathar, were the priests; and Seraiah was the scribe;",
        "Wolaitta Sentences": "Poo7oi ufaissiyaabaa. Awa aifiyaa be7iyoogeekka lo77obaa."
    },
    {
        "English Sentences": "And Benaiah the son of Jehoiada was over both the Cherethites and the Pelethites; and David's sons were chief rulers.",
        "Wolaitta Sentences": "Asi keehi adussa laittaa ha sa7an de7ikko, he ubba laittankka ufaitto. SHin xuma wodeta qoppa. Aissi giikko, he wodeti aduqqana. Yaanau de7iya ubbabaikka hada."
    },
    {
        "English Sentences": "And David said, Is there yet any that is left of the house of Saul, that I may shew him kindness for Jonathan's sake?",
        "Wolaitta Sentences": "Nenoo yelagau, yelagatettai keehi lo77obaa gidiyo gishshau, ne yelagatettaa laittan ufaitta; ne wozanaikka ufaitto. Ne aifee xeellidobaanne ne wozanai amottidobaa ubbaa pola. SHin, he neeni oottidobaa ubbaa gishshau, nena Xoossai pirddanau de7iyoogaa dogoppa."
    },
    {
        "English Sentences": "And there was of the house of Saul a servant whose name was Ziba. And when they had called him unto David, the king said unto him, Art thou Ziba? And he said, Thy servant is he.",
        "Wolaitta Sentences": "Hegaa gishshau, simmi ne wozanaappe hirggaa, ne bollaappekka seelaa diggargga. Aissi giikko, naatettainne yelagatettai hada."
    },
    {
        "English Sentences": "And the king said, Is there not yet any of the house of Saul, that I may shew the kindness of God unto him? And Ziba said unto the king, Jonathan hath yet a son, which is lame on his feet.",
        "Wolaitta Sentences": "Ne yelagatettaa laittan nena Medhdhidaagaa qoppa. Metiya gallassati yeennan de7ishin, neeni, \"Tana hagee ufaissenna\" giyo wodeti gakkennan de7ishin,"
    },
    {
        "English Sentences": "And the king said unto him, Where is he? And Ziba said unto the king, Behold, he is in the house of Machir, the son of Ammiel, in Lodebar.",
        "Wolaitta Sentences": "awainne poo7oi, aginainne xoolinttee xumennan de7ishin, irai bukki aadhdhinkka shaarai haa simmennan de7ishin, nena Medhdhidaagaa qoppa."
    },
    {
        "English Sentences": "Then king David sent, and fetched him out of the house of Machir, the son of Ammiel, from Lodebar.",
        "Wolaitta Sentences": "Aissi giikko, hegee keettaa naagiyaageeti kokkoriyo wode, mino asi quunniyo wode, gaacciyaageeti qoodan guuxxido gaasuwan gaachchaa aggiyo wode, qassi maskkootiyaara xeelliyaageeti galjjiyo wode gidana."
    },
    {
        "English Sentences": "Now when Mephibosheth, the son of Jonathan, the son of Saul, was come unto David, he fell on his face, and did reverence. And David said, Mephibosheth. And he answered, Behold thy servant!",
        "Wolaitta Sentences": "He wode wogga ogiyaakko simmida penggeti gorddettiyo wode, gaacciya woxatu cenggurssai ziqqi giyo wode, kafuwaa waasoi asaa xiskkuwaappe beegottiyo wode, shin, yettanchcha macca naatu yettaa cenggurssai leppiyo wode gidana."
    },
    {
        "English Sentences": "And David said unto him, Fear not: for I will surely shew thee kindness for Jonathan thy father's sake, and will restore thee all the land of Saul thy father; and thou shalt eat bread at my table continually.",
        "Wolaitta Sentences": "He wodee asai xoqqa sohota kiyanaunne aaho ogetuura hemettanau yayyiyo wode, ne huuphee puulummiyo wode, neeni nena danddayada hemettiyoogee neeyyo ixxiyo wode, amoyiyaabai aggiyo wode gidana. He wodee asi ba merinaa keettaa biyo wode, yeekkiyaageetikka aaho ogiyaara yeekkiiddi yuuyiyo wode gidana."
    },
    {
        "English Sentences": "And he bowed himself, and said, What is thy servant, that thou shouldest look upon such a dead dog as I am?",
        "Wolaitta Sentences": "Bira qacinai duuxxennan, worqqa kereekka meqqennan, haattaa otoikka pulttuwaa lanqqiyan meqqennan, haattaa pude goochchiyo wodoroikka duuxxennan de7ishin,"
    },
    {
        "English Sentences": "Then the king called to Ziba, Saul's servant, and said unto him, I have given unto thy master's son all that pertained to Saul and to all his house.",
        "Wolaitta Sentences": "biittai kase ba ekettido biittaakko simmennan, shemppoikka bana immida Xoossaakko simmidi beenna de7ishin, nena Medhdhidaagaa qoppa."
    },
    {
        "English Sentences": "Thou therefore, and thy sons, and thy servants, shall till the land for him, and thou shalt bring in the fruits, that thy master's son may have food to eat: but Mephibosheth thy master's son shall eat bread alway at my table. Now Ziba had fifteen sons and twenty servants.",
        "Wolaitta Sentences": "Eranchchai odiiddi, \"Hada! Hada! Ubbabaikka hada!\" yaagiis."
    },
    {
        "English Sentences": "Then said Ziba unto the king, According to all that my lord the king hath commanded his servant, so shall thy servant do. As for Mephibosheth, said the king, he shall eat at my table, as one of the king's sons.",
        "Wolaitta Sentences": "Eranchchaassi aadhdhida eratettai de7iyo gishshau, eratettaa dere asaa tamaarissiis. I daro leemisota pilggi qoridi, issuwaa issuwaa a maaran maaran dummayidi wottiis."
    },
    {
        "English Sentences": "And Mephibosheth had a young son, whose name was Micha. And all that dwelt in the house of Ziba were servants unto Mephibosheth.",
        "Wolaitta Sentences": "Eranchchai likke gidida qaalaa demmanau koyiis; hegaa gishshau, i xaafidobai sittanne tuma."
    },
    {
        "English Sentences": "So Mephibosheth dwelt in Jerusalem: for he did eat continually at the king's table; and was lame on both his feet.",
        "Wolaitta Sentences": "Eranchchatu qaalai henttanchchai wudiyaa laaggiyo xeeraa lee7e gatimaa mala. Qassi issippe shiishshido leemisotikka gomppaa gakkidi geliya misimaaretu mala."
    },
    {
        "English Sentences": "And it came to pass after this, that the king of the children of Ammon died, and Hanun his son reigned in his stead.",
        "Wolaitta Sentences": "Ta na7au, ha ubbaappe bollaara neeni naagettanau koshshiyaabai de7ees. Maxaafaa xaafidi wurssanau danddayettenna. Qassi darobaa pilggi xeellidi aggennan ixxiyoogeekka asatettaa daafurssees."
    },
    {
        "English Sentences": "Then said David, I will shew kindness unto Hanun the son of Nahash, as his father shewed kindness unto me. And David sent to comfort him by the hand of his servants for his father. And David's servants came into the land of the children of Ammon.",
        "Wolaitta Sentences": "Hekko ubbabai odettiis; hegaa gishshau, ubbabau kuushshai hagaa: Xoossaassi yayya; a azazuwaa naaga. Aissi giikko, hegee asassi waanna ooso."
    },
    {
        "English Sentences": "And the princes of the children of Ammon said unto Hanun their lord, Thinkest thou that David doth honour thy father, that he hath sent comforters unto thee? hath not David rather sent his servants unto thee, to search the city, and to spy it out, and to overthrow it?",
        "Wolaitta Sentences": "Xoossai ooso ubbaa bollan, qassi geemmida yoho ubbaa bollan, lo77o gidin, iita gidinkka pirddanau de7ees."
    }
]