[
    {
        "English Sentences": "The words of Amos, who was among the herdmen of Tekoa, which he saw concerning Israel in the days of Uzziah king of Judah, and in the days of Jeroboam the son of Joash king of Israel, two years before the earthquake.",
        "Wolaitta Sentences": "Efireema gezziyan, Raama giyo kataman de7iya, Efireema zarenne Xufa yara gidiya, Elqqaana giyo issi bitanee de7ees; i Yirohaama na7aa; Yirohaami Eelihu na7aa; Eelihu Toohu na7aa; Toohu Xufa na7aa."
    },
    {
        "English Sentences": "And he said, The LORD will roar from Zion, and utter his voice from Jerusalem; and the habitations of the shepherds shall mourn, and the top of Carmel shall wither.",
        "Wolaitta Sentences": "Elqqaanassi naa77u maccaasati de7oosona; issinnee sunttai Haanno; hinkkoree sunttai Piniino. Piniinissi naati de7oosona; shin Haannissi issi na7ikka baawa."
    },
    {
        "English Sentences": "Thus saith the LORD; For three transgressions of Damascus, and for four, I will not turn away the punishment thereof; because they have threshed Gilead with threshing instruments of iron:",
        "Wolaitta Sentences": "Ubbaappe Wolqqaama GODAASSI goinnanaunne yarshshanau Elqqaani laittan laittan ba katamaappe Seelo bees. Eela naati naa77ai, Hofiniininne Piinihaasi yan GODAA qeeseta."
    },
    {
        "English Sentences": "But I will send a fire into the house of Hazael, which shall devour the palaces of Benhadad.",
        "Wolaitta Sentences": "Elqqaani yarshshuwaa yarshshiyo wode audenne ashuwaappe issi kituwaa ba keettaayee Piniinissi, qassi issi issi kituwaa i attuma naatussinne macca naatussi huuphiyan huuphiyan immees."
    },
    {
        "English Sentences": "I will break also the bar of Damascus, and cut off the inhabitant from the plain of Aven, and him that holdeth the sceptre from the house of Eden: and the people of Syria shall go into captivity unto Kir, saith the LORD.",
        "Wolaitta Sentences": "GODAI Haanno yeluwaa diggikkokka, Elqqaani o siiqiyo gishshau, iyyo naa77u kituwaa immees."
    },
    {
        "English Sentences": "Thus saith the LORD; For three transgressions of Gaza, and for four, I will not turn away the punishment thereof; because they carried away captive the whole captivity, to deliver them up to Edom:",
        "Wolaitta Sentences": "GODAI Haanniyyo muleera yeluwaa diggido gishshau, i dawuttiyaa o hanqqetissausunne yiilloyausu."
    },
    {
        "English Sentences": "But I will send a fire on the wall of Gaza, which shall devour the palaces thereof:",
        "Wolaitta Sentences": "Hagee laittaappe laittan haniyaabaa; Haanna GODAA keetti biido wode audenne i dawuttiyaa o yeekkana gakkanaassinne qumaa meettaa ixxana gakkanaassi yiilloyausu."
    },
    {
        "English Sentences": "And I will cut off the inhabitant from Ashdod, and him that holdeth the sceptre from Ashkelon, and I will turn mine hand against Ekron: and the remnant of the Philistines shall perish, saith the Lord GOD.",
        "Wolaitta Sentences": "I keettaawai Elqqaani o, \"Haannee, neeni aissi yeekkai? Aissi qumaa miikkii? Ne wozanai aissi azzanii? Taani neeyyo tammu naatuppe aadhdhikkinaayye?\" yaagees."
    },
    {
        "English Sentences": "Thus saith the LORD; For three transgressions of Tyrus, and for four, I will not turn away the punishment thereof; because they delivered up the whole captivity to Edom, and remembered not the brotherly covenant:",
        "Wolaitta Sentences": "Issi gallassi eti Seelon miidoogaappenne uyidoogaappe guyyiyan, Haanna dendda eqqaasu. Dendda eqqiyo wode, GODAA keettaa penggiyaa matan de7iya oidiyan qeesiyaa Eeli uttiis."
    },
    {
        "English Sentences": "But I will send a fire on the wall of Tyrus, which shall devour the palaces thereof.",
        "Wolaitta Sentences": "Haanna keehi mishettada, camo yeehuwaa yeekkada GODAA woossaasu."
    },
    {
        "English Sentences": "Thus saith the LORD; For three transgressions of Edom, and for four, I will not turn away the punishment thereof; because he did pursue his brother with the sword, and did cast off all pity, and his anger did tear perpetually, and he kept his wrath for ever:",
        "Wolaitta Sentences": "A hagaadan yaagada shiiquwaa shiiqettaasu; \"Ubbaappe Wolqqaama GODAU, tana ne ashkkariyo xeella! Ta mishuwaa be7ada, tana hassaya; tana ne ashkkariyo dogoppa. Neeni taayyo ne ashkkareeyyo attuma na7a immikko, a de7o laitta ubban taani a neeyyo immana; a huuphee mulekka meedettenna\" yaagaasu."
    },
    {
        "English Sentences": "But I will send a fire upon Teman, which shall devour the palaces of Bozrah.",
        "Wolaitta Sentences": "Haanna GODAA woosaa adussido wode, Eeli i doonaa xeellees."
    },
    {
        "English Sentences": "Thus saith the LORD; For three transgressions of the children of Ammon, and for four, I will not turn away the punishment thereof; because they have ripped up the women with child of Gilead, that they might enlarge their border:",
        "Wolaitta Sentences": "Haanna ba wozanaa giddon Xoossaa woossiyo wode, i menttershshai qaaxxiyoogaappe attin, i qaalai siyettenna; hegaa gishshau, Eeli o mattottidabaadan qoppiis."
    },
    {
        "English Sentences": "But I will kindle a fire in the wall of Rabbah, and it shall devour the palaces thereof, with shouting in the day of battle, with a tempest in the day of the whirlwind:",
        "Wolaitta Sentences": "Qoppidi o, \"Neeni aude gakkanaashin mattottuutee? Woine eessaa ne achchappe digga\" yaagiis."
    },
    {
        "English Sentences": "And their king shall go into captivity, he and his princes together, saith the LORD.",
        "Wolaitta Sentences": "Yaagin Haanna hagaadan yaagada ayyo zaaraasu; \"CHii, ta godau, taani keehi metootanchcha maccaasa; taani ta shemppuwaappe GODAA woossaisippe attin, woine eessaa woikko mattoyiya ushshaa uyabeikke."
    },
    {
        "English Sentences": "Thus saith the LORD; For three transgressions of Moab, and for four, I will not turn away the punishment thereof; because he burned the bones of the king of Edom into lime:",
        "Wolaitta Sentences": "Taani ta tuggaanne ta mishuwaa daruwaa hagan haasayido gishshau, tana ne ashkkariyo Pattenna maccaasa gaada qoppoppa\" yaagaasu."
    },
    {
        "English Sentences": "But I will send a fire upon Moab, and it shall devour the palaces of Kirioth: and Moab shall die with tumult, with shouting, and with the sound of the trumpet:",
        "Wolaitta Sentences": "Yaagin Eeli iyyo zaaridi, \"Sarotettan ba; neeni a woossidobaa Israa7eela Xoossai neeyyo immo\" yaagiis."
    },
    {
        "English Sentences": "And I will cut off the judge from the midst thereof, and will slay all the princes thereof with him, saith the LORD.",
        "Wolaitta Sentences": "Yaagin Haanna, \"Ne ashkkariyaa ne sinttan nashuwaa demmu\" yaagaasu. Hegaappe guyyiyan, a ba ogiyaa baada, qumaa maasu; hegaappe simmin mulekka azzanabeikku."
    },
    {
        "English Sentences": "Thus saith the LORD; For three transgressions of Judah, and for four, I will not turn away the punishment thereof; because they have despised the law of the LORD, and have not kept his commandments, and their lies caused them to err, after the which their fathers have walked:",
        "Wolaitta Sentences": "Wonttetta gallassi guuraara denddidi, Elqqaaninne a so asai GODAAYYO goinnidoogaappe guyyiyan, bantta soo, Raama katamaa simmidosona. Elqqaani ba maccaasee Haanniira aqiis; GODAI o qoppiis;"
    },
    {
        "English Sentences": "But I will send a fire upon Judah, and it shall devour the palaces of Jerusalem.",
        "Wolaitta Sentences": "qoppin a abbe ixettada wodee wurin attuma na7aa yelaasu. Haanna, \"Taani GODAA woossin siyiis\" gaada a sunttaa Sameela sunttaasu."
    },
    {
        "English Sentences": "Thus saith the LORD; For three transgressions of Israel, and for four, I will not turn away the punishment thereof; because they sold the righteous for silver, and the poor for a pair of shoes;",
        "Wolaitta Sentences": "Elqqaani ba so asaa ubbaara laittaa yarshshuwaa GODAU yarshshanaunne shiiquwaa gattanau Seelo biis;"
    },
    {
        "English Sentences": "That pant after the dust of the earth on the head of the poor, and turn aside the way of the meek: and a man and his father will go in unto the same maid, to profane my holy name:",
        "Wolaitta Sentences": "shin Haanna babeikku. A ba keettaawaa, \"Ta na7ai xanttaa duuxxidoogaappe guyyiyan, taani a efaada, GODAAYYO immana; merinau i yan de7ana\" yaagaasu."
    },
    {
        "English Sentences": "And they lay themselves down upon clothes laid to pledge by every altar, and they drink the wine of the condemned in the house of their god.",
        "Wolaitta Sentences": "I keettaawai Elqqaani, \"Nena lo77abaa ootta; a neeni xanttaa duuttana gakkanaassi son takkashsha; yaaninkka GODAI ba qaalaa polo bain\" yaagiis. Yaagin Haanna xanttaa duuttana gakkanaassi ba na7aa xanttaidda son takkaasu."
    },
    {
        "English Sentences": "Yet destroyed I the Amorite before them, whose height was like the height of the cedars, and he was strong as the oaks; yet I destroyed his fruit from above, and his roots from beneath.",
        "Wolaitta Sentences": "Haanna i na7ai xanttaa duuxxidoogaappe guyyiyan, Sameelanne heezzu laitta korimaa, tammu kilo giraame xiilliyaanne ogoro kumetta woine eessaa ekkada GODAA keettaa Seelo baasu; na7ai he wode guutta."
    },
    {
        "English Sentences": "Also I brought you up from the land of Egypt, and led you forty years through the wilderness, to possess the land of the Amorite.",
        "Wolaitta Sentences": "Eti mirgguwaa shukkidoogaappe guyyiyan, na7aa Eelakko efiidosona."
    },
    {
        "English Sentences": "And I raised up of your sons for prophets, and of your young men for Nazarites. Is it not even thus, O ye children of Israel? saith the LORD.",
        "Wolaitta Sentences": "Haanna Eela, \"Ta godau, ne de7oi ero! Ne sinttan eqqada GODAA woossida maccaasiyaa tumu tanattennee."
    },
    {
        "English Sentences": "But ye gave the Nazarites wine to drink; and commanded the prophets, saying, Prophesy not.",
        "Wolaitta Sentences": "Taani ha na7aa yelanau woossin, GODAI taani a woossidobaa immiis."
    },
    {
        "English Sentences": "Behold, I am pressed under you, as a cart is pressed that is full of sheaves.",
        "Wolaitta Sentences": "Hegaa gishshau, taani GODAAYYO a immaas; i ba de7o laitta ubban GODAAYYO imettiis\" yaagaasu. Hegaappe guyyiyan, eti GODAAYYO yan goinnidosona."
    },
    {
        "English Sentences": "Therefore the flight shall perish from the swift, and the strong shall not strengthen his force, neither shall the mighty deliver himself:",
        "Wolaitta Sentences": "Haanna hagaadan yaagada woossaasu; \"Ta wozanai GODAN ufaittees; GODAN ta wolqqai dariis. Ta morkketu bollan taani ceeqettada haasayais; GODAI tana ashshido gishshau, taani ufaittais."
    },
    {
        "English Sentences": "Neither shall he stand that handleth the bow; and he that is swift of foot shall not deliver himself: neither shall he that rideth the horse deliver himself.",
        "Wolaitta Sentences": "GODAA mala geeshshi issoinne baawa; a mali issoinne baawa. Nu Xoossaappe attin, hara attiyo wogga Zaalli baawa."
    },
    {
        "English Sentences": "And he that is courageous among the mighty shall flee away naked in that day, saith the LORD.",
        "Wolaitta Sentences": "\"Otoro haasayaa aggite; otoro qaalai intte doonaappe kiyoppo. Aissi giikko, GODAI eriya Xoossaa; asa ooso i yiggi xeellees."
    },
    {
        "English Sentences": "Hear this word that the LORD hath spoken against you, O children of Israel, against the whole family which I brought up from the land of Egypt, saying,",
        "Wolaitta Sentences": "\"Olanchchatu wonddafee meqqiis; shin xubettidaageeti wolqqaa gixxidosona."
    },
    {
        "English Sentences": "You only have I known of all the families of the earth: therefore I will punish you for all your iniquities.",
        "Wolaitta Sentences": "Kalli uttidaageeti namisettidi, qumau keraa oottoosona; shin namisetti uttidaageeti ha77i kallidosona. Mainiyaa laappun naata yelaasu; shin cora naata yelidaara daafuraasu."
    },
    {
        "English Sentences": "Can two walk together, except they be agreed?",
        "Wolaitta Sentences": "\"GODAI woreesinne pattees; qassi i duge Si7ooliyan yeggeesinne pude kessees."
    },
    {
        "English Sentences": "Will a lion roar in the forest, when he hath no prey? will a young lion cry out of his den, if he have taken nothing?",
        "Wolaitta Sentences": "GODAI manqqetteesinne dureyees; qassi i ziqqisseesinne xoqqissees."
    },
    {
        "English Sentences": "Can a bird fall in a snare upon the earth, where no gin is for him? shall one take up a snare from the earth, and have taken nothing at all?",
        "Wolaitta Sentences": "I hiyyeesata buhiyaappe denttees. Metootanchchatakka bidinttaa pituwaappe denttees; denttidi eta halaqatuura utissees; eta bonchcho araataa laatissees. \"Aissi giikko, biittaa baasoti GODAASSA; i eta bollan sa7aa essiis."
    },
    {
        "English Sentences": "Shall a trumpet be blown in the city, and the people not be afraid? shall there be evil in a city, and the LORD hath not done it?",
        "Wolaitta Sentences": "I Xoossaa asatu gediyaa naagees; shin iitata i xuman co77u oottana. Asi ba wolqqan xoonenna;"
    },
    {
        "English Sentences": "Surely the Lord GOD will do nothing, but he revealeth his secret unto his servants the prophets.",
        "Wolaitta Sentences": "GODAARA eqettiyaageeti liiqana. GODAI saluwaappe eta bolli dadadan guummana; GODAI sa7an de7iyaageeta ubbaa pirddana. I ba kawuwaayyo wolqqaa immana; i ba tiyidoogaayyo xoonuwaa immana\" yaagada woossaasu."
    },
    {
        "English Sentences": "The lion hath roared, who will not fear? the Lord GOD hath spoken, who can but prophesy?",
        "Wolaitta Sentences": "Hegaappe guyyiyan, Elqqaani Raaman de7iya ba soo biis; shin na7ai Sameeli qeesiyaa Eelappe garssaara GODAAYYO oottees."
    },
    {
        "English Sentences": "Publish in the palaces at Ashdod, and in the palaces in the land of Egypt, and say, Assemble yourselves upon the mountains of Samaria, and behold the great tumults in the midst thereof, and the oppressed in the midst thereof.",
        "Wolaitta Sentences": "Eela attuma naati iita asata; eti GODAA erokkona,"
    },
    {
        "English Sentences": "For they know not to do right, saith the LORD, who store up violence and robbery in their palaces.",
        "Wolaitta Sentences": "woikko yarshshuwaa immiya asaayyo qeeseti oottiyo wogaa naagokkona. Hegeenne, asi yarshshuwaa yarshshiyo wode, qeesiyaa ashkkarai heezzu achcha birata sirinttaa ekkees; ekkidi ashoi biron porshshishin,"
    },
    {
        "English Sentences": "Therefore thus saith the Lord GOD; An adversary there shall be even round about the land; and he shall bring down thy strength from thee, and thy palaces shall be spoiled.",
        "Wolaitta Sentences": "doissiyo wogga otuwan woikko keriyan he sirinttaa yeddidi, sirinttai oiqqi kessiyo ai qommo asho gidikkonne efiidi, qeesiyaayyo immees. Yarshsho yarshshanau Seelo yiya Israa7eela asaa ubbaa eti hagaadan oottoosona."
    },
    {
        "English Sentences": "Thus saith the LORD; As the shepherd taketh out of the mouth of the lion two legs, or a piece of an ear; so shall the children of Israel be taken out that dwell in Samaria in the corner of a bed, and in Damascus in a couch.",
        "Wolaitta Sentences": "Qassi modhdhuwaa yarshshiyoosan xuugganaappe kasetidi, qeesiyaa ashkkarai yarshshuwaa yarshshiya bitaniyaakko biidi, \"Qeesee qayye ashoppe attin, doisa asho neeppe ekkenna gishshau, ayyo xiixxanau amarida ashuwaa hamma\" yaagees."
    },
    {
        "English Sentences": "Hear ye, and testify in the house of Jacob, saith the Lord GOD, the God of hosts,",
        "Wolaitta Sentences": "Yaagin bitanee zaaridi, \"Wogaadan qeeseti modhdhuwaa koiro xuuggona; hegaappe guyyiyan, neeni koyiyoogaa ekka\" yaagees; yaagikko qeesiyaa ashkkarai, \"CHii; taayyo ha77i imma; shin neeni diggikko, taani neeppe wolqqan ekkana\" yaagees."
    },
    {
        "English Sentences": "That in the day that I shall visit the transgressions of Israel upon him I will also visit the altars of Bethel: and the horns of the altar shall be cut off, and fall to the ground.",
        "Wolaitta Sentences": "GODAU immiyo yarshshuwaa Eela naati karido gishshau, eta nagarai GODAA sinttan keehi dariis."
    },
    {
        "English Sentences": "And I will smite the winter house with the summer house; and the houses of ivory shall perish, and the great houses shall have an end, saith the LORD.",
        "Wolaitta Sentences": "SHin Sameeli na7atettan de7iiddi, liinuwaa giyo kiriyaappe dadettida eefuude giyo maayuwaa maayidi, GODAAYYO oottees."
    },
    {
        "English Sentences": "Hear this word, ye kine of Bashan, that are in the mountain of Samaria, which oppress the poor, which crush the needy, which say to their masters, Bring, and let us drink.",
        "Wolaitta Sentences": "Sameela aayyiyaa laittan laittan guutta qoliyaa giigissada, laittaa yarshshuwaa yarshshanau ba keettaawaara baidda Sameelayyo ekkada bausu."
    },
    {
        "English Sentences": "The Lord GOD hath sworn by his holiness, that, lo, the days shall come upon you, that he will take you away with hooks, and your posterity with fishhooks.",
        "Wolaitta Sentences": "Bin Eeli Elqqaananne a keettaayyiyo, \"Ne keettaayyiyaa GODAAYYO immido na7aa gishshaa GODAI neeyyo ha maccaasen hara naata immo\" yaagidi anjjees; yaatin, eti bantta soo simmoosona."
    },
    {
        "English Sentences": "And ye shall go out at the breaches, every cow at that which is before her; and ye shall cast them into the palace, saith the LORD.",
        "Wolaitta Sentences": "GODAI Haanno anjjin, shahaarada heezzu attuma naatanne naa77u macca naata yelaasu. Na7ai Sameeli GODAA sinttan dicciis."
    },
    {
        "English Sentences": "Come to Bethel, and transgress; at Gilgal multiply transgression; and bring your sacrifices every morning, and your tithes after three years:",
        "Wolaitta Sentences": "Eeli keehippe ceeggiis. A naati Israa7eela asaa ubbaa bolli oottido ubbabaanne qassi Xoossaa Dunkkaaniyaa penggiyan GODAAYYO oottiya maccaasatuura zin77idoogaa siyiis."
    },
    {
        "English Sentences": "And offer a sacrifice of thanksgiving with leaven, and proclaim and publish the free offerings: for this liketh you, O ye children of Israel, saith the Lord GOD.",
        "Wolaitta Sentences": "Siyidi eta, \"Intte hagaa malabaa aissi ootteetii? Intte iita oosuwaa taani asa ubbaappe siyais."
    },
    {
        "English Sentences": "And I also have given you cleanness of teeth in all your cities, and want of bread in all your places: yet have ye not returned unto me, saith the LORD.",
        "Wolaitta Sentences": "Ta naatoo, hagaa aggite; GODAA asai inttena giyoobaa taani siyidoogee lo77obaa gidenna."
    },
    {
        "English Sentences": "And also I have withholden the rain from you, when there were yet three months to the harvest: and I caused it to rain upon one city, and caused it not to rain upon another city: one piece was rained upon, and the piece whereupon it rained not withered.",
        "Wolaitta Sentences": "Issi asi asa naaqqikko, Xoossai au gaannatana; shin asi GODAA naaqqikko, oonee ayyo gaannatanai?\" yaagiis. GODAI, \"Taani eta worana\" giido gishshau, eti bantta aawaa seeraa siyennan ixxidosona."
    },
    {
        "English Sentences": "So two or three cities wandered unto one city, to drink water; but they were not satisfied: yet have ye not returned unto me, saith the LORD.",
        "Wolaitta Sentences": "Na7ai Sameeli GODAA sinttaaninne asaa sinttan dicciisinne sabettiis."
    },
    {
        "English Sentences": "I have smitten you with blasting and mildew: when your gardens and your vineyards and your fig trees and your olive trees increased, the palmerworm devoured them: yet have ye not returned unto me, saith the LORD.",
        "Wolaitta Sentences": "Issi gallassi Xoossaa asi Eelakko yiidi a, \"GODAI hagaadan yaagees; Ne maizza aawai Aarooninne a so asai Gibxxen kawuwaa ailletettan de7iyo wode, taani etayyo qonccaas."
    },
    {
        "English Sentences": "I have sent among you the pestilence after the manner of Egypt: your young men have I slain with the sword, and have taken away your horses; and I have made the stink of your camps to come up unto your nostrils: yet have ye not returned unto me, saith the LORD.",
        "Wolaitta Sentences": "Qonccada Aarooni ta yarshshiyoosaa pude kiyana mala, ixaanaa cuwayana malanne ta sinttan eefuudiyaa maayana mala, taayyo qeese oottada Israa7eela zaretu ubbaappe a dooraas. Qassi Israa7eela asai taman yarshshiyo yarshsho ubbaa taani ne aawaa zariyaayyo immaas."
    },
    {
        "English Sentences": "I have overthrown some of you, as God overthrew Sodom and Gomorrah, and ye were as a firebrand plucked out of the burning: yet have ye not returned unto me, saith the LORD.",
        "Wolaitta Sentences": "Taani ta de7iyoosaa shiishshana mala azazido ta yarshshuwaanne immiyoobaa intte aissi yedhdhi kaa7eetii? Ta asai Israa7eeli, taayyo shiishshido yarshsho ubbaappe murutiyaagaa intteyyo miidi orddiyoogan, neeni ne naata taappe aattada aissi bonchchadii? yaagees."
    },
    {
        "English Sentences": "Therefore thus will I do unto thee, O Israel: and because I will do this unto thee, prepare to meet thy God, O Israel.",
        "Wolaitta Sentences": "\"Hegaa gishshau, Israa7eela Xoossai hagaadan yaagees; \"Ne zareenne ne aawaa zaree merinau taayyo oottana\" gaas; shin ha77i, hegee taappe haakko! Tana bonchchiyaageeta taani bonchchana; tana kariyaageeta taani kaushshana."
    },
    {
        "English Sentences": "For, lo, he that formeth the mountains, and createth the wind, and declareth unto man what is his thought, that maketh the morning darkness, and treadeth upon the high places of the earth, The LORD, The God of hosts, is his name.",
        "Wolaitta Sentences": "Ne zariyan asi ceeggenna mala, taani ne wolqqaanne ne aawaa zariyaa wolqqaa xaissiyo gallassati yaana."
    },
    {
        "English Sentences": "Hear ye this word which I take up against you, even a lamentation, O house of Israel.",
        "Wolaitta Sentences": "Neeni metootana; taani Israa7eela asaayyo immiyo anjjuwaa be7ada neeni qanaatana; shin ne zariyan ceeggana asi ooninne baawa."
    },
    {
        "English Sentences": "The virgin of Israel is fallen; she shall no more rise: she is forsaken upon her land; there is none to raise her up.",
        "Wolaitta Sentences": "Taani ta yarshshiyoosaappe xaissenna asi de7ikko, a gaasuwan ne aifee afuxxiiddi qooqananne ne wozanaikka mishuwaa xuugettana; ne daro zeretta ubbai yelagatettan de7iiddi haiqqana."
    },
    {
        "English Sentences": "For thus saith the Lord GOD; The city that went out by a thousand shall leave an hundred, and that which went forth by an hundred shall leave ten, to the house of Israel.",
        "Wolaitta Sentences": "\" Ne naati naa77ai Hofiniininne Piinihaasi issi gallassi haiqqana; hegee neeyyo malaata gidana."
    },
    {
        "English Sentences": "For thus saith the LORD unto the house of Israel, Seek ye me, and ye shall live:",
        "Wolaitta Sentences": "Taani taayyo ammanettiya qeesiyaa, ta wozanaadaaninne ta qofaadan oottiyaagaa denttana; taani a zareti de7i be7anaadan oottana; taani doorido kawuwaa sinttan eti ubba wode oottana."
    },
    {
        "English Sentences": "But seek not Bethel, nor enter into Gilgal, and pass not to Beersheba: for Gilgal shall surely go into captivity, and Bethel shall come to nought.",
        "Wolaitta Sentences": "Ne zariyan attida ubbai guutta miishsha woikko baso oitta woossanau yiidi, a sinttan gufannidi, \"Taani oitta maana mala, qeesetuppe issuwaa sohuwaa malan tana wottarkkii\" yaagana yaagees\" yaagiis."
    },
    {
        "English Sentences": "Seek the LORD, and ye shall live; lest he break out like fire in the house of Joseph, and devour it, and there be none to quench it in Bethel.",
        "Wolaitta Sentences": "Na7ai Sameeli Eelappe garssaara GODAAYYO oottees; GODAA qaalai he wode keehi al77o; ajjuutinne darenna."
    },
    {
        "English Sentences": "Ye who turn judgment to wormwood, and leave off righteousness in the earth,",
        "Wolaitta Sentences": "Aifee xeellanau leppin, waayetti xeelliya Eeli issi gallassi qammi ba sohuwan zin77iis."
    },
    {
        "English Sentences": "Seek him that maketh the seven stars and Orion, and turneth the shadow of death into the morning, and maketh the day dark with night: that calleth for the waters of the sea, and poureth them out upon the face of the earth: The LORD is his name:",
        "Wolaitta Sentences": "He wode Xoossaa xomppee biron to77ibeenna; qassi Xoossaa Taabootai de7iyo GODAA keettan Sameeli xiskkees."
    },
    {
        "English Sentences": "That strengtheneth the spoiled against the strong, so that the spoiled shall come against the fortress.",
        "Wolaitta Sentences": "Xiskkidaashin GODAI Sameela xeesiis; xeesin Sameeli, \"Yee!\" giidi koyiis."
    },
    {
        "English Sentences": "They hate him that rebuketh in the gate, and they abhor him that speaketh uprightly.",
        "Wolaitta Sentences": "Koyidi Eelakko woxxi biidi, \"Neeni xeesin hekko yaas\" yaagiis. SHin Eeli, \"Taani nena xeesabeikke; baada zin77a\" yaagiis; yaagin Sameeli biidi zin77iis."
    },
    {
        "English Sentences": "Forasmuch therefore as your treading is upon the poor, and ye take from him burdens of wheat: ye have built houses of hewn stone, but ye shall not dwell in them; ye have planted pleasant vineyards, but ye shall not drink wine of them.",
        "Wolaitta Sentences": "Qassikka GODAI, \"Sameelaa\" yaagidi naa77anttuwaa xeesiis; xeesin Sameeli denddidi, Eelakko biidi, \"Neeni xeesin hekko yaas\" yaagiis. SHin Eeli, \"Ta na7au, taani nena xeesabeikke; baada zin77a\" yaagiis."
    },
    {
        "English Sentences": "For I know your manifold transgressions and your mighty sins: they afflict the just, they take a bribe, and they turn aside the poor in the gate from their right.",
        "Wolaitta Sentences": "Sameeli hegee GODAA gidiyoogaa eribeenna; aissi giikko, GODAA qaalai biron ayyo qonccibeenna."
    },
    {
        "English Sentences": "Therefore the prudent shall keep silence in that time; for it is an evil time.",
        "Wolaitta Sentences": "GODAI Sameela heezzanttuwaa xeesiis; xeesin denddidi, Eelakko biidi, \"Neeni xeesin hekko yaas\" yaagiis. Hegan GODAI na7aa xeesiyoogaa Eeli akeekiis; akeekido gishshau,"
    },
    {
        "English Sentences": "Seek good, and not evil, that ye may live: and so the LORD, the God of hosts, shall be with you, as ye have spoken.",
        "Wolaitta Sentences": "\"Baada zin77a; i nena xeesiyaabaa gidikko, GODAU, yoota; taani ne ashkkarai siyais yaaga\" yaagidi yootiis; yootin Sameeli ba sohuwaa biidi zin77iis."
    },
    {
        "English Sentences": "Hate the evil, and love the good, and establish judgment in the gate: it may be that the LORD God of hosts will be gracious unto the remnant of Joseph.",
        "Wolaitta Sentences": "Hegaappe guyyiyan, GODAI yiidi hegan eqqidi kaseegaadankka, \"Sameelaa, Sameelaa\" yaagidi xeesiis. Xeesin Sameeli, \"Yoota; taani ne ashkkarai siyais\" yaagiis."
    },
    {
        "English Sentences": "Therefore the LORD, the God of hosts, the LORD, saith thus; Wailing shall be in all streets; and they shall say in all the highways, Alas! alas! and they shall call the husbandman to mourning, and such as are skilful of lamentation to wailing.",
        "Wolaitta Sentences": "GODAI Sameela, \"Be7a! Siyiya asa ubbau haittau iitiya issibaa Israa7eela bolli taani oottana hanais."
    },
    {
        "English Sentences": "And in all vineyards shall be wailing: for I will pass through thee, saith the LORD.",
        "Wolaitta Sentences": "Taani Eela so asaa bolli haasayido ubbabaa he gallassan koiruwaappe wurssettaa gakkanaassi Eela bolli ehaana."
    },
    {
        "English Sentences": "Woe unto you that desire the day of the LORD! to what end is it for you? the day of the LORD is darkness, and not light.",
        "Wolaitta Sentences": "Eeli erido nagaraa gishshau, taani a so asaa bolli merinau pirddanaagaa ayyo yoota wottaas; aissi giikko, a naati qanggissiyaabaa oottiyo wode, i eta seeribeenna."
    },
    {
        "English Sentences": "As if a man did flee from a lion, and a bear met him; or went into the house, and leaned his hand on the wall, and a serpent bit him.",
        "Wolaitta Sentences": "Hegaa gishshau, Eela so asaa nagarai yarshshuwaaninne imuwan mulekka atto geetettoppo yaagada taani a so asaassi caaqqaas\" yaagiis."
    },
    {
        "English Sentences": "Shall not the day of the LORD be darkness, and not light? even very dark, and no brightness in it?",
        "Wolaitta Sentences": "Sameeli sa7ai wonttana gakkanaashin zin77iis; wonttin denddidi, GODAA keettaa penggiyaa dooyiis. Sameeli ajjuutaabaa Eelayyo yootanau yayyiis."
    },
    {
        "English Sentences": "I hate, I despise your feast days, and I will not smell in your solemn assemblies.",
        "Wolaitta Sentences": "Eeli Sameela, \"Ta na7au Sameelaa\" yaagidi xeesiis. Xeesin Sameeli, \"Yee\" giidi koyiis."
    },
    {
        "English Sentences": "Though ye offer me burnt offerings and your meat offerings, I will not accept them: neither will I regard the peace offerings of your fat beasts.",
        "Wolaitta Sentences": "Koyin Eeli hagaadan yaagidi Sameela oichchiis; \"GODAI neeyyo yootidobi aibee? Taappe ainne qosoppa; neeni Xoossai neeyyo yootidobaappe issibaanne taappe qottikko, Xoossai hegaadan ne bolli ootto\" yaagiis."
    },
    {
        "English Sentences": "Take thou away from me the noise of thy songs; for I will not hear the melody of thy viols.",
        "Wolaitta Sentences": "Yaagin Sameeli ainne qosennan ubbabaa Eelayyo yootiis. Eeli, \"I GODAA; i bana lo77aa ootto\" yaagiis."
    },
    {
        "English Sentences": "But let judgment run down as waters, and righteousness as a mighty stream.",
        "Wolaitta Sentences": "Sameeli dicciyo wode GODAI aara de7ees; Sameeli haasayidobaappe issi qaalinne sa7an wodhdhenna."
    },
    {
        "English Sentences": "Have ye offered unto me sacrifices and offerings in the wilderness forty years, O house of Israel?",
        "Wolaitta Sentences": "Israa7eela zawan Daanappe biidi Berssaabeha gakkanaassi, Sameeli GODAAYYO tumu hananabaa yootiyaagaa gidiyoogaa Israa7eela asai ubbai eriis."
    },
    {
        "English Sentences": "But ye have borne the tabernacle of your Moloch and Chiun your images, the star of your god, which ye made to yourselves.",
        "Wolaitta Sentences": "GODAI Seelon qonccees; yan ba qaalan banatettaa Sameelayyo qonccissees. Sameeli haasayido qaalai Israa7eela ubbaa gakkiis."
    },
    {
        "English Sentences": "Therefore will I cause you to go into captivity beyond Damascus, saith the LORD, whose name is The God of hosts.",
        "Wolaitta Sentences": "Israa7eelati Pilisxxeematuura olettanau kiyidosona; Israa7eelati Eben77eezeran shiiqin, Pilisxxeemati Afeeqan shiiqidosona."
    },
    {
        "English Sentences": "Woe to them that are at ease in Zion, and trust in the mountain of Samaria, which are named chief of the nations, to whom the house of Israel came!",
        "Wolaitta Sentences": "Pilisxxeemati citan citan gididi, Israa7eelatuura olettanau denddidosona; olai suullin, oiddu sha7u Israa7eelata worida Pilisxxeematun Israa7eelati xoonettidosona."
    },
    {
        "English Sentences": "Pass ye unto Calneh, and see; and from thence go ye to Hamath the great: then go down to Gath of the Philistines: be they better than these kingdoms? or their border greater than your border?",
        "Wolaitta Sentences": "Olanchchati galchchidosaa simmido wode, Israa7eela cimati, \"Hachchi GODAI nuna Pilisxxeematun aissi xoonissidee? Nunaara baanaadaaninne nuna nu morkketu kushiyaappe ashshanaadan GODAA Maachchaa Taabootaa Seeloppe ane ehoos\" yaagidosona."
    },
    {
        "English Sentences": "Ye that put far away the evil day, and cause the seat of violence to come near;",
        "Wolaitta Sentences": "Hegaa gishshau, asai Seelo kiittin, kiruubetu gidduwan araatan uttiya Ubbaappe Wolqqaama GODAA Maachchaa Taabootaa ehiidosona. Eela naati naa77ati Hofiniininne Piinihaasi Xoossaa Maachchaa Taabootaara yan de7oosona."
    },
    {
        "English Sentences": "That lie upon beds of ivory, and stretch themselves upon their couches, and eat the lambs out of the flock, and the calves out of the midst of the stall;",
        "Wolaitta Sentences": "GODAA Maachchaa Taabootai galchchidosaa gakkido wode, Israa7eelati ubbai biittai qaaxxana gakkanaashin bantta qaalaa xoqqu oottidi, \"GODAA Maachchaa Taabootai gakkiis\" yaagidosona."
    },
    {
        "English Sentences": "That chant to the sound of the viol, and invent to themselves instruments of musick, like David;",
        "Wolaitta Sentences": "Israa7eelatu wocamaa Pilisxxeemati siyidi, \"Hagee Ibraaweti galchchidosan siyettiya, wolqqaama wocamai aibee?\" yaagidosona. GODAA Taabootai eti galchchidosaa yiidoogaa Pilisxxeemati eridi yayyidosona."
    },
    {
        "English Sentences": "That drink wine in bowls, and anoint themselves with the chief ointments: but they are not grieved for the affliction of Joseph.",
        "Wolaitta Sentences": "Yayyidi hagaadan yaagidosona; \"Xoossai eti galchchidosaa yiis. Aayye7ana nunoo! Hagaa malabi hagaappe kase hani erenna."
    },
    {
        "English Sentences": "Therefore now shall they go captive with the first that go captive, and the banquet of them that stretched themselves shall be removed.",
        "Wolaitta Sentences": "Aayye7ana nunoo! Ha wolqqaama xoossatu kushiyaappe nuna ashshanai oonee? Ha xoossati Gibxxeta bazzon bosha ubban shocidaageeta."
    },
    {
        "English Sentences": "The Lord GOD hath sworn by himself, saith the LORD the God of hosts, I abhor the excellency of Jacob, and hate his palaces: therefore will I deliver up the city with all that is therein.",
        "Wolaitta Sentences": "Inttenoo Pilisxxeematoo, minnite! Asadan olettite! Hinna xayikko, intte eta kase ailletettan haaridoogaadan, etikka inttena haarana. Hegaa gishshau, asadan olettite!\" yaagidosona."
    },
    {
        "English Sentences": "And it shall come to pass, if there remain ten men in one house, that they shall die.",
        "Wolaitta Sentences": "Pilisxxeemati olettidi, Israa7eelata xoonidosona; xoonin Israa7eelati bantta dunkkaaniyau baqatidosona. He olan daro asai goora7ettiis; Israa7eela olanchchatuppe hasttamu sha7ai haiqqiis."
    },
    {
        "English Sentences": "And a man's uncle shall take him up, and he that burneth him, to bring out the bones out of the house, and shall say unto him that is by the sides of the house, Is there yet any with thee? and he shall say, No. Then shall he say, Hold thy tongue: for we may not make mention of the name of the LORD.",
        "Wolaitta Sentences": "Xoossaa Taabootai omoodettiis; Eela naati naa77ai, Hofiniininne Piinihaasi haiqqidosona."
    },
    {
        "English Sentences": "For, behold, the LORD commandeth, and he will smite the great house with breaches, and the little house with clefts.",
        "Wolaitta Sentences": "Biniyaama zare gidiya issi bitanee olaa dembbaappe woxxidi, he gallassi Seelo gakkiis; gakkidi kayyuwaa erissanau i ba maayuwaa pooshshidi, ba huuphiyankka biittaa qoliis."
    },
    {
        "English Sentences": "Shall horses run upon the rock? will one plow there with oxen? for ye have turned judgment into gall, and the fruit of righteousness into hemlock:",
        "Wolaitta Sentences": "He bitanee gakkiyo wode, Eeli ba wozanan Xoossaa Taabootaabaa hirggido gishshau, naagiiddi ogiyaa doonan de7iya ba oidiyan uttiis. Bitanee katamaa gelidi, hanidabaa yootin, katamai ubbai waasuwaa xulluusiis."
    },
    {
        "English Sentences": "Ye which rejoice in a thing of nought, which say, Have we not taken to us horns by our own strength?",
        "Wolaitta Sentences": "Eelikka he waasuwaa siyidi, \"Hagee aiba waasoo?\" yaagiis. Bitanee eesuwan yiidi, Eelassi yootiis;"
    },
    {
        "English Sentences": "But, behold, I will raise up against you a nation, O house of Israel, saith the LORD the God of hosts; and they shall afflict you from the entering in of Hemath unto the river of the wilderness.",
        "Wolaitta Sentences": "Eeli uddufun tammanne hosppun laitta cima gidida, aifeekka xeelaa aggidi galjjido asa."
    },
    {
        "English Sentences": "Thus hath the Lord GOD shewed unto me; and, behold, he formed grasshoppers in the beginning of the shooting up of the latter growth; and, lo, it was the latter growth after the king's mowings.",
        "Wolaitta Sentences": "Bitanee Eelassi, \"Olaa dembbaappe yiidaagee tana; taani hachchi yaappe baqataas\" yaagiis. Yaagin Eeli, \"Ta na7au, yaatin waanidee?\" yaagidi oichchiis."
    },
    {
        "English Sentences": "And it came to pass, that when they had made an end of eating the grass of the land, then I said, O Lord GOD, forgive, I beseech thee: by whom shall Jacob arise? for he is small.",
        "Wolaitta Sentences": "Oichchin oduwaa ehiida bitanee, \"Israa7eelati Pilisxxeematu sinttaappe baqatidosona; daro asai wuriis; ne naati naa77ai Hofiniininne Piinihaasi haiqqidosona; Xoossaa Taabootaikka omoodettiis\" yaagiis."
    },
    {
        "English Sentences": "The LORD repented for this: It shall not be, saith the LORD.",
        "Wolaitta Sentences": "Bitanee Xoossaa Taabootaabaa yootido wode, penggiyaa matan de7iya ba oidiyaappe Eeli guyye kunddiis; kunddidi garbballee meqqin haiqqiis; aissi giikko, i ceeganne ordde. Eeli Israa7eela biittan oitamu laittaa daannatiis."
    },
    {
        "English Sentences": "Thus hath the Lord GOD shewed unto me: and, behold, the Lord GOD called to contend by fire, and it devoured the great deep, and did eat up a part.",
        "Wolaitta Sentences": "Eela na7aa Piinihaasa maccaasiyaa yelanau wodee wurido ixeta. Xoossaa Taabootai omoodettoogaanne ba bolloinne ba keettaawai haiqqidoogaa a siyido wode, qoppennan maaretai o oiqqin yelaasu."
    },
    {
        "English Sentences": "Then said I, O Lord GOD, cease, I beseech thee: by whom shall Jacob arise? for he is small.",
        "Wolaitta Sentences": "A haiquwau matattido wode, yelissiyaageeti, \"Neeni attuma na7aa yelido gishshau yayyoppa\" yaagidosona; shin etayyo a ainne zaarabeikku; eti giyoobaakka ezggabeikku."
    },
    {
        "English Sentences": "The LORD repented for this: This also shall not be, saith the Lord GOD.",
        "Wolaitta Sentences": "A ba na7aa Ikaabooda sunttaasu; Xoossaa Taabootai omoodettido gishshaunne ba bolloinne ba keettaawai haiqqido gishshau, \"Bonchchoi Israa7eelatuppe shaahettiis\" yaagaasu."
    },
    {
        "English Sentences": "Thus he shewed me: and, behold, the LORD stood upon a wall made by a plumbline, with a plumbline in his hand.",
        "Wolaitta Sentences": "A, \"Bonchchoi Israa7eelatuppe shaahettiis; aissi giikko, Xoossaa Taabootai omoodettiis\" yaagaasu."
    },
    {
        "English Sentences": "And the LORD said unto me, Amos, what seest thou? And I said, A plumbline. Then said the LORD, Behold, I will set a plumbline in the midst of my people Israel: I will not again pass by them any more:",
        "Wolaitta Sentences": "Pilisxxeemati Xoossaa Taabootaa omooddidoogaappe guyyiyan, Eben77eezerappe Ashddooda efiidosona."
    },
    {
        "English Sentences": "And the high places of Isaac shall be desolate, and the sanctuaries of Israel shall be laid waste; and I will rise against the house of Jeroboam with the sword.",
        "Wolaitta Sentences": "Xoossaa Taabootaa efiidi, Daagoona giyo eeqaa keettaa gelissidi, Daagoona matan essidosona."
    },
    {
        "English Sentences": "Then Amaziah the priest of Bethel sent to Jeroboam king of Israel, saying, Amos hath conspired against thee in the midst of the house of Israel: the land is not able to bear all his words.",
        "Wolaitta Sentences": "Ashddooda asai wonttetta gallassi guuridi denddido wode, GODAA Taabootaa sinttan Daagooni ba som77uwan biittan gufannidaagaa be7idosona! Daagoona denttidi, kase sohuwan essidosona."
    },
    {
        "English Sentences": "For thus Amos saith, Jeroboam shall die by the sword, and Israel shall surely be led away captive out of their own land.",
        "Wolaitta Sentences": "Qassikka wonttetta gallassi guuraara denddidi yiidi, eti GODAA Taabootaa sinttan Daagooni ba som77uwan biittan gufannidaagaa be7idosona! He wode Daagoona guuggeenne a naa77u kushee meqerettidi, pengge gophphiyan de7ees; hinkko asatettai aagee dumma attiis."
    },
    {
        "English Sentences": "Also Amaziah said unto Amos, O thou seer, go, flee thee away into the land of Judah, and there eat bread, and prophesy there:",
        "Wolaitta Sentences": "Hegaa gishshau, Daagoona qeesetinne Ashddoodan de7iya Daagoona keettaa geliya asati ubbai Daagoona pengge gophphiyaa hachchi gakkanaashinkka yedhdhi erokkona."
    },
    {
        "English Sentences": "But prophesy not again any more at Bethel: for it is the king's chapel, and it is the king's court.",
        "Wolaitta Sentences": "Ashddooda katamaa bollinne hegaa heeran de7iya asaa bolli GODAA kushee wolqqaamiis; GODAI eta bollan boshaa yeddidi, kixa harggiyan eta qaxxayiis."
    },
    {
        "English Sentences": "Then answered Amos, and said to Amaziah, I was no prophet, neither was I a prophet's son; but I was an herdman, and a gatherer of sycomore fruit:",
        "Wolaitta Sentences": "Ashddooda katamaa asai hanidabaa be7ido wode, \"Israa7eela Xoossaa kushee nu bollinne nu xoossaa Daagoona bolli wolqqaamido gishshau, Israa7eela Xoossaa Taabootai nu matan gam77oppo\" yaagidosona."
    },
    {
        "English Sentences": "And the LORD took me as I followed the flock, and the LORD said unto me, Go, prophesy unto my people Israel.",
        "Wolaitta Sentences": "Yaagidi Pilisxxeema halaqata ubbaa banttakko xeesi shiishshidi, \"Israa7eela Xoossaa Taabootaa waatonii?\" yaagidi oichchidosona. Oichchin halaqati, \"Israa7eela Xoossaa Taabootai Gaate giyo katamaa bo\" yaagidi zaaridosona. Yaatin, Israa7eela Xoossaa Taabootaa Gaate efiidosona."
    },
    {
        "English Sentences": "Now therefore hear thou the word of the LORD: Thou sayest, Prophesy not against Israel, and drop not thy word against the house of Isaac.",
        "Wolaitta Sentences": "SHin Taabootai Gaate gakkidoogaappe guyyiyan, GODAA kushee he katamaa bolli wolqqaamidi, keehi gita daganttuwaa daganttiis; yaatidi kataman de7iya asaa naatuppe cimaa gakkanaassi kixa harggiyan shociis."
    },
    {
        "English Sentences": "Therefore thus saith the LORD; Thy wife shall be an harlot in the city, and thy sons and thy daughters shall fall by the sword, and thy land shall be divided by line; and thou shalt die in a polluted land: and Israel shall surely go into captivity forth of his land.",
        "Wolaitta Sentences": "Hegaa gishshau, Xoossaa Taabootaa Eqiroona katamaa yeddidosona. Xoossaa Taabootai Eqiroona geliyo wode, Eqiroona asati hagaadan yaagidi waassidosona; \"Nunanne nu asaa woranau Israa7eela Xoossaa Taabootaa nuukko ehiidosona\" yaagidosona."
    },
    {
        "English Sentences": "Thus hath the Lord GOD shewed unto me: and behold a basket of summer fruit.",
        "Wolaitta Sentences": "Hegaa gishshau, Pilisxxeema halaqata xeesi shiishshidi, \"Israa7eela Xoossaa Taabootaa hagaappe diggite; i guyye ba sohuwaa simmo; hegee xayikko, nunanne nu asaa worana\" yaagidosona. Aissi giikko, katamaa ubban haiquwaa dagamai de7ees; GODAA kusheekka katamaa bolli wolqqaamiis."
    },
    {
        "English Sentences": "And he said, Amos, what seest thou? And I said, A basket of summer fruit. Then said the LORD unto me, The end is come upon my people of Israel; I will not again pass by them any more.",
        "Wolaitta Sentences": "Haiquwaappe palahida asati kixaa harggidosona; he katamaa waasoinne saluwaa gakkiis."
    },
    {
        "English Sentences": "And the songs of the temple shall be howlings in that day, saith the Lord GOD: there shall be many dead bodies in every place; they shall cast them forth with silence.",
        "Wolaitta Sentences": "GODAA Taabootai Pilisxxeema biittan laappun aginaa uttiis."
    },
    {
        "English Sentences": "Hear this, O ye that swallow up the needy, even to make the poor of the land to fail,",
        "Wolaitta Sentences": "He wode Pilisxxeema asati qeesetanne shareechchota xeesidi, \"GODAA Taabootaa nuuni waatonii? Nuuni guyye a sohuwaa a waati yeddanaakko, nuuyyo yootite\" yaagidosona."
    },
    {
        "English Sentences": "Saying, When will the new moon be gone, that we may sell corn? and the sabbath, that we may set forth wheat, making the ephah small, and the shekel great, and falsifying the balances by deceit?",
        "Wolaitta Sentences": "Yaagin eti, \"Israa7eela Xoossaa Taabootaa guyye yeddiyaabaa gidikko, mela yeddoppite; ai hanidinne intte mooruwaa yarshshuwaa ayyo yeddite; yaatikko, intte paxana; a kushee intte bollappe aibissi kichchibeennaakkokka intte erana\" yaagidi zaaridosona."
    },
    {
        "English Sentences": "That we may buy the poor for silver, and the needy for a pair of shoes; yea, and sell the refuse of the wheat?",
        "Wolaitta Sentences": "Yaagin Pilisxxeema asati, \"Nuuni ayyo yeddanau bessiya mooruwaa yarshshoi aibee?\" yaagidi oichchidosona. Oichchin eti, \"Inttenanne intte halaqata gakkida boshai issuwaa gidiyo gishshau, Pilisxxeema halaqatu qoodaadan ichchashu worqqa kixatanne ichchashu worqqa ecereta yeddite."
    },
    {
        "English Sentences": "The LORD hath sworn by the excellency of Jacob, Surely I will never forget any of their works.",
        "Wolaitta Sentences": "Intte he kixaanne intte biittaa bashshiya he eceretu misileta medhdhidi, Israa7eela Xoossaayyo bonchchuwaa immite; ooni erii intte bollappe, intte xoossatu bollappenne intte biittaa bollappe ba kushiyaa i denttana."
    },
    {
        "English Sentences": "Shall not the land tremble for this, and every one mourn that dwelleth therein? and it shall rise up wholly as a flood; and it shall be cast out and drowned, as by the flood of Egypt.",
        "Wolaitta Sentences": "Gibxxe asatinne eta kawoi zoriyaa ekkennan ixxidoogaadan, intte aissi zoriyaa ekkennan ixxeetii? GODAI eta iissidi qaxxayin, eti Israa7eelata bantta ogiyaa baana mala yeddibookkonaayye?"
    },
    {
        "English Sentences": "And it shall come to pass in that day, saith the Lord GOD, that I will cause the sun to go down at noon, and I will darken the earth in the clear day:",
        "Wolaitta Sentences": "\"Ha77i issi ooratta gaariyaa giigissite; qambbari eta morggen wodhdhi erenna, xanttiya naa77u miizzata he gaariyan waaxite; shin marata etappe duuttidi soo efiite."
    },
    {
        "English Sentences": "And I will turn your feasts into mourning, and all your songs into lamentation; and I will bring up sackcloth upon all loins, and baldness upon every head; and I will make it as the mourning of an only son, and the end thereof as a bitter day.",
        "Wolaitta Sentences": "GODAA Taabootaa ekkidi, gaariyaa bollan wottite; mooruwaa yarshshuwaayyo shiishshido worqqa miishshaa saaxiniyaa giddon yeggidi, saaxiniyaa GODAA Taabootaa matan wottidi, i baana mala yeddite."
    },
    {
        "English Sentences": "Behold, the days come, saith the Lord GOD, that I will send a famine in the land, not a famine of bread, nor a thirst for water, but of hearing the words of the LORD:",
        "Wolaitta Sentences": "SHin i biyoosaa xeellite; i ba zawaa oiqqidi, Beeti-SHemeshi simmidi biyaabaa gidikko, ha gita boshaa nu bolli ehiidaagee GODAA; beennabaa gidikko, hagee nu bolli coo gakkiisippe attin, nuna dechchidai GODAA kushe gidennaagaa nuuni erana\" yaagidi zaaridosona."
    },
    {
        "English Sentences": "And they shall wander from sea to sea, and from the north even to the east, they shall run to and fro to seek the word of the LORD, and shall not find it.",
        "Wolaitta Sentences": "Eti hegaadan oottidosona; eti xanttiya naa77u miizzata ekkidi, gaariyan waaxidosona; miizzatu maratakka son gorddidosona."
    },
    {
        "English Sentences": "In that day shall the fair virgins and young men faint for thirst.",
        "Wolaitta Sentences": "Eti GODAA Taabootaanne qassi worqqa eceretanne kixa milatissi medhdhido misileta yeggido saaxiniyaa gaariyan wottidosona."
    },
    {
        "English Sentences": "They that swear by the sin of Samaria, and say, Thy god, O Dan, liveth; and, The manner of Beersheba liveth; even they shall fall, and never rise up again.",
        "Wolaitta Sentences": "Hegaappe guyyiyan, miizzati Beeti-SHemeshi efiya ogiyaa oiqqi sitti giidi, \"Himbbaa!\" gi waassiiddi biidosona; eti ogiyaara biiddi, ushachchi woikko haddirssi simmibookkona; Pilisxxeema halaqati miizzatu geeduwaa kaallidi, Beeti-SHemesha zawaa gakkanaassi biidosona."
    },
    {
        "English Sentences": "I saw the LORD standing upon the altar: and he said, Smite the lintel of the door, that the posts may shake: and cut them in the head, all of them; and I will slay the last of them with the sword: he that fleeth of them shall not flee away, and he that escapeth of them shall not be delivered.",
        "Wolaitta Sentences": "Beeti-SHemesha asati he wode wombban gisttiyaa cakkoosona; eti pude xoqqu gi xeellidi, Taabootaa be7idosona; be7idi ufaittidosona."
    },
    {
        "English Sentences": "Though they dig into hell, thence shall mine hand take them; though they climb up to heaven, thence will I bring them down:",
        "Wolaitta Sentences": "Gaaree Beeti-SHemeshiyaa Yaasu gade gakkidi, issi gita zaallaa matan eqqiis; eti gaariyaa mittaa qeridi, xuuggiyo yarshshodan he miizzata GODAASSI yarshshidosona."
    },
    {
        "English Sentences": "And though they hide themselves in the top of Carmel, I will search and take them out thence; and though they be hid from my sight in the bottom of the sea, thence will I command the serpent, and he shall bite them:",
        "Wolaitta Sentences": "Leewati GODAA Taabootaanne worqqa miishshaara de7iya saaxiniyaa gaariyaappe denttidi, gita zaallaa bolli wottidosona. He gallassi Beeti-SHemesha asati xuuggiyo yarshshuwaa GODAAYYO yarshshidosona; qassi hara yarshshotakka yarshshidosona."
    },
    {
        "English Sentences": "And though they go into captivity before their enemies, thence will I command the sword, and it shall slay them: and I will set mine eyes upon them for evil, and not for good.",
        "Wolaitta Sentences": "Pilisxxeema halaqati ichchashati hanidabaa ubbaa be7idi, he gallassikka Eqiroona simmidosona."
    },
    {
        "English Sentences": "And the Lord GOD of hosts is he that toucheth the land, and it shall melt, and all that dwell therein shall mourn: and it shall rise up wholly like a flood; and shall be drowned, as by the flood of Egypt.",
        "Wolaitta Sentences": "Pilisxxeema asati mooruwaa yarshshuwaa GODAAYYO kiittido worqqa kixati Ashddooda, Gaaza, Asqqaloona, Gaatanne Eqiroona geetettiya eta ichchashu katamatu sunttan issuwaa issuwaa kiittidoogeeta."
    },
    {
        "English Sentences": "It is he that buildeth his stories in the heaven, and hath founded his troop in the earth; he that calleth for the waters of the sea, and poureth them out upon the face of the earth: The LORD is his name.",
        "Wolaitta Sentences": "Worqqa eceretu qoodai Pilisxxeema halaqatu ichchashatuyyo de7iya gimbbettida katamatunne gimbbettibeenna moottatu ubbaa keena. Eti GODAA Taabootaa wottido gita zaallai, Beeti-SHemeshiyaa Yaasu gaden de7iyaagee hachchi gakkanaashinkka hegau markka gididi de7ees."
    },
    {
        "English Sentences": "Are ye not as children of the Ethiopians unto me, O children of Israel? saith the LORD. Have not I brought up Israel out of the land of Egypt? and the Philistines from Caphtor, and the Syrians from Kir?",
        "Wolaitta Sentences": "SHin GODAI Beeti-SHemesha asaappe amaridaageeta shociis; etappe laappun tammaa woriis; aissi giikko, eti GODAA Taabootaa giddo xeellidosona. GODAI eta asaa suppu oottido gishshau, asai yeekkiis."
    },
    {
        "English Sentences": "Behold, the eyes of the Lord GOD are upon the sinful kingdom, and I will destroy it from off the face of the earth; saving that I will not utterly destroy the house of Jacob, saith the LORD.",
        "Wolaitta Sentences": "Hegaa gishshau, Beeti-SHemesha asai, \"GODAA sinttan, ha geeshsha Xoossaa sinttan ooni eqqanau danddayii? Taabootainne nuuppe pude ookko baanee?\" yaagiis."
    },
    {
        "English Sentences": "For, lo, I will command, and I will sift the house of Israel among all nations, like as corn is sifted in a sieve, yet shall not the least grain fall upon the earth.",
        "Wolaitta Sentences": "Yaagidi Qiriyaati-Yi7aariiman de7iya asatukko kiitaa yeddidi, \"Pilisxxeema asati GODAA Taabootaa zaaridosona; duge yiidi, a pude inttekko ekki biite\" yaagidosona."
    },
    {
        "English Sentences": "All the sinners of my people shall die by the sword, which say, The evil shall not overtake nor prevent us.",
        "Wolaitta Sentences": "Qiriyaati-Yi7aariima asati yiidi, GODAA Taabootaa efiidosona; efiidi keraa huuphiyan de7iya Abinadaaba so ehiidosona. GODAA Taabootaa naaganaadan, Abinaadaaba na7aa El77aazaara dummayidi sunttidosona."
    },
    {
        "English Sentences": "In that day will I raise up the tabernacle of David that is fallen, and close up the breaches thereof; and I will raise up his ruins, and I will build it as in the days of old:",
        "Wolaitta Sentences": "Taabootai Qiriyaati-Yi7aariiman daro wodiyaa gam77iis; hegeenne, laatamu laittaa heera gidiyaagaa. Israa7eela asai ubbai azzanidi, GODAASSI waassiis."
    },
    {
        "English Sentences": "That they may possess the remnant of Edom, and of all the heathen, which are called by my name, saith the LORD that doeth this.",
        "Wolaitta Sentences": "Sameeli Israa7eela asaayyo ubbaayyo, \"Kumetta wozanaappe intte GODAAKKO simmikko, allaga xoossatanne Asttaarooto giyo xoossiyo intte giddoppe diggite; intte huuphiyaa GODAAYYO sheedhdhite; a xalaalaayyo kiitettite; yaatikko, i inttena Pilisxxeematu kushiyaappe ashshana\" yaagidi haasayiis."
    },
    {
        "English Sentences": "Behold, the days come, saith the LORD, that the plowman shall overtake the reaper, and the treader of grapes him that soweth seed; and the mountains shall drop sweet wine, and all the hills shall melt.",
        "Wolaitta Sentences": "Hegaa gishshau, Israa7eela asati Ba7aalanne Asttaarooto bantta giddoppe diggidi, GODAA xalaalaayyo goinnidosona."
    },
    {
        "English Sentences": "And I will bring again the captivity of my people of Israel, and they shall build the waste cities, and inhabit them; and they shall plant vineyards, and drink the wine thereof; they shall also make gardens, and eat the fruit of them.",
        "Wolaitta Sentences": "Hegaappe guyyiyan, Sameeli Israa7eelata, \"Ubbaikka Mixiphpha shiiqite; taani intteyyo yan GODAA gaannatana\" yaagiis."
    },
    {
        "English Sentences": "And I will plant them upon their land, and they shall no more be pulled up out of their land which I have given them, saith the LORD thy God.",
        "Wolaitta Sentences": "Yaagin eti Mixiphpha shiiqidosona. SHiiqidi haattaa duuqqidi, GODAA sinttan tigidosona; he gallassi eti xoomidosona; xoomiiddi he sohuwan, \"Nuuni GODAA bolli nagaraa oottida\" yaagidi paaxidosona. Mixiphphan Sameeli Israa7eela asaa bolli daannatiis."
    }
]