[
    {
        "English Sentences": "The word of the LORD that came to Micah the Morasthite in the days of Jotham, Ahaz, and Hezekiah, kings of Judah, which he saw concerning Samaria and Jerusalem.",
        "Wolaitta Sentences": "Saa7ooli haiqqidoogaappe guyyiyan, Daawiti Amaaleeqa asata xoonidosaappe simmiis; simmidi Xiqilaaga kataman naa77u gallassaa takkiis."
    },
    {
        "English Sentences": "Hear, all ye people; hearken, O earth, and all that therein is: and let the Lord GOD be witness against you, the LORD from his holy temple.",
        "Wolaitta Sentences": "Heezzantto gallassi issi bitanee kayyuwau ba maayuwaa pooshshidi, ba huuphiyan buhiyaa laalidi, Saa7oola qatuwaappe yiis. Daawitakko i yiido wode, sa7an lichchi giidi ziggiis."
    },
    {
        "English Sentences": "For, behold, the LORD cometh forth out of his place, and will come down, and tread upon the high places of the earth.",
        "Wolaitta Sentences": "Daawiti a, \"Neeni awappe yaadii?\" yaagidi oichchiis. Oichchin i, \"Taani Israa7eelatu qatuwaappe kessa ekkada yaas\" yaagiis."
    },
    {
        "English Sentences": "And the mountains shall be molten under him, and the valleys shall be cleft, as wax before the fire, and as the waters that are poured down a steep place.",
        "Wolaitta Sentences": "Daawiti a, \"Aibi kiyidaakko ane taayyo oda\" yaagiis. Yaagin i Daawita, \"Nu olanchchati olaappe baqatidosona; nu asaappe daroti haiqqidosona; qassi Saa7oolinne a na7ai Yonaataani haiqqidosona\" yaagiis."
    },
    {
        "English Sentences": "For the transgression of Jacob is all this, and for the sins of the house of Israel. What is the transgression of Jacob? is it not Samaria? and what are the high places of Judah? are they not Jerusalem?",
        "Wolaitta Sentences": "Oduwaa ehiida wodallaa Daawiti, \"Saa7oolinne a na7aa Yonaataani haiqqidoogaa neeni aibin erai?\" yaagidi oichchiis."
    },
    {
        "English Sentences": "Therefore I will make Samaria as an heap of the field, and as plantings of a vineyard: and I will pour down the stones thereof into the valley, and I will discover the foundations thereof.",
        "Wolaitta Sentences": "Wodallai, \"Qaadadan taani Gilbboo7a deriyan de7ishin, Saa7ooli ba tooraa guufetidi eqqidaagaa be7aas; paraa gaaretinne paraasati Saa7oolakko matattidosona."
    },
    {
        "English Sentences": "And all the graven images thereof shall be beaten to pieces, and all the hires thereof shall be burned with the fire, and all the idols thereof will I lay desolate: for she gathered it of the hire of an harlot, and they shall return to the hire of an harlot.",
        "Wolaitta Sentences": "He wode Saa7ooli yuushshi xeellidi tana be7iis; be7idi tana xeesin taani, Yee! yaagaas."
    },
    {
        "English Sentences": "Therefore I will wail and howl, I will go stripped and naked: I will make a wailing like the dragons, and mourning as the owls.",
        "Wolaitta Sentences": "Yaagin Saa7ooli tana, Neeni oonee? yaagidi oichchiis; oichchin, Taani Amaaleeqa asa yaagada zaaraas."
    },
    {
        "English Sentences": "For her wound is incurable; for it is come unto Judah; he is come unto the gate of my people, even to Jerusalem.",
        "Wolaitta Sentences": "Hegaappe guyyiyan Saa7ooli tana, Taani keehi masunxxada, haiquwau mata uttaas; neeni ta bolli kiya eqqada tana wora yaagiis."
    },
    {
        "English Sentences": "Declare ye it not at Gath, weep ye not at all: in the house of Aphrah roll thyself in the dust.",
        "Wolaitta Sentences": "I kunddidoogaappe guyyiyan, haiquwaappe palahennaagaa erido gishshau, taani a bolli kiya eqqada a woraas; a huuphiyan de7iya kallachchaanne a qesiyan de7iya hirbbooraa ekkada neekko ta godaakko ehaas\" yaagiis."
    },
    {
        "English Sentences": "Pass ye away, thou inhabitant of Saphir, having thy shame naked: the inhabitant of Zaanan came not forth in the mourning of Bethezel; he shall receive of you his standing.",
        "Wolaitta Sentences": "Hegaappe guyyiyan, Daawitinne Daawita asai azzanidi, bantta maayuwaa dafidi pooshshidosona."
    },
    {
        "English Sentences": "For the inhabitant of Maroth waited carefully for good: but evil came down from the LORD unto the gate of Jerusalem.",
        "Wolaitta Sentences": "Eti Saa7ooli, Yonaataani, GODAA olanchchatinne Israa7eela asai olan wurido gishshau, omarssi gakkanaashin kayyottidosona, yeekkidosonanne xoomidosona."
    },
    {
        "English Sentences": "O thou inhabitant of Lachish, bind the chariot to the swift beast: she is the beginning of the sin to the daughter of Zion: for the transgressions of Israel were found in thee.",
        "Wolaitta Sentences": "Oduwaa ehiida wodallaa Daawiti, \"Neeni awa asee?\" yaagidi oichchiis. Oichchin i Daawita, \"Taani betiyaa Amaaleeqa bitaniyaa na7a\" yaagiis."
    },
    {
        "English Sentences": "Therefore shalt thou give presents to Moreshethgath: the houses of Achzib shall be a lie to the kings of Israel.",
        "Wolaitta Sentences": "Yaagin Daawiti a, \"GODAI tiyido kawuwaa woranau ne kushiyaa denttaidda, aissi yayyabeikkii?\" yaagiis."
    },
    {
        "English Sentences": "Yet will I bring an heir unto thee, O inhabitant of Mareshah: he shall come unto Adullam the glory of Israel.",
        "Wolaitta Sentences": "Daawiti ba asatuppe issuwaa xeesidi, \"Ba; baada a wora!\" yaagiis; yaagin i Amaaleeqiyaa dechchidi woriis."
    },
    {
        "English Sentences": "Make thee bald, and poll thee for thy delicate children; enlarge thy baldness as the eagle; for they are gone into captivity from thee.",
        "Wolaitta Sentences": "Daawiti Amaaleeqiyaa, \" GODAI tiyido kawuwaa taani woraas yaagada neeni ne doonan markkattido gishshau, ne suuttaa gomee nena oiqqo\" yaagiis."
    },
    {
        "English Sentences": "Woe to them that devise iniquity, and work evil upon their beds! when the morning is light, they practise it, because it is in the power of their hand.",
        "Wolaitta Sentences": "Daawiti Saa7oolayyoonne a na7aa Yonaataanayyo hagaadan yaagi zilaaliis."
    },
    {
        "English Sentences": "And they covet fields, and take them by violence; and houses, and take them away: so they oppress a man and his house, even a man and his heritage.",
        "Wolaitta Sentences": "Yihudaa asaikka \"Wonddafiyaa\" giyo ha zilaassaa tamaarana mala azaziis; ha zilaassai Yaashaara maxaafan xaafettiis."
    },
    {
        "English Sentences": "Therefore thus saith the LORD; Behold, against this family do I devise an evil, from which ye shall not remove your necks; neither shall ye go haughtily: for this time is evil.",
        "Wolaitta Sentences": "\"Nenoo Israa7eelaa, ne halaqati ne xoqqa sohotun haiqqidosona. Wolqqaamati waani kunddidonaashsha!"
    },
    {
        "English Sentences": "In that day shall one take up a parable against you, and lament with a doleful lamentation, and say, We be utterly spoiled: he hath changed the portion of my people: how hath he removed it from me! turning away he hath divided our fields.",
        "Wolaitta Sentences": "Hagaa Gaate kataman yootoppite; Asqqaloona ogetunkka awaajjoppite. Hegaa siyikko, Pilisxxeematu macca naati ufaittana; shaamatu macca naati Hashshu! gaana."
    },
    {
        "English Sentences": "Therefore thou shalt have none that shall cast a cord by lot in the congregation of the LORD.",
        "Wolaitta Sentences": "\"Inttenoo Gilbboo7a deretoo, intte bollan iri bukkoppo; xaazikka xaazatoppo. He biittaa goshshaikka kattaa mokkoppo; aissi giikko, yan wolqqaamaa gonddallee tunabaa kiyiis; Saa7oola gonddalleekka zaitiyan qucettiyoogaa aggiis."
    },
    {
        "English Sentences": "Prophesy ye not, say they to them that prophesy: they shall not prophesy to them, that they shall not take shame.",
        "Wolaitta Sentences": "Goora7ettidaageetu suuttaappenne wolqqaamatu ashuwaappe Yonaataana wonddafee guyye gibeenna. Qassi Saa7oola bisoikka kallennan simmibeenna."
    },
    {
        "English Sentences": "O thou that art named the house of Jacob, is the spirit of the LORD straitened? are these his doings? do not my words do good to him that walketh uprightly?",
        "Wolaitta Sentences": "\"Saa7oolinne Yonaataani asi siiqiyoogeetanne lo77iyaageeta; bantta haiquwankka bantta paxankka shaahettibookkona. Eti argganttaappekka aadhdhida eeso; gaammuwaappekka aadhdhida mino."
    },
    {
        "English Sentences": "Even of late my people is risen up as an enemy: ye pull off the robe with the garment from them that pass by securely as men averse from war.",
        "Wolaitta Sentences": "\"Israa7eela maccaasatoo, Saa7oolayyo, inttena zo7onne alleeqo maayuwaa maizzidaagaayyoonne worqqan intte maayuwaa alleeqissidaagaayyo yeekkite."
    },
    {
        "English Sentences": "The women of my people have ye cast out from their pleasant houses; from their children have ye taken away my glory for ever.",
        "Wolaitta Sentences": "\"Wolqqaamati olan waani kunddidonaashsha! Yonaataani ne xoqqa sohotun goora7etti zin77iis."
    },
    {
        "English Sentences": "Arise ye, and depart; for this is not your rest: because it is polluted, it shall destroy you, even with a sore destruction.",
        "Wolaitta Sentences": "Ta ishaa Yonaataanaa, taani neeyyo azzanais; ne taayyo daroppe al77o. Neeni tana siiqiyo siiqoi garamissiyaagaa, maccaasa siiqoppekka aadhdhidi garamissiyaagaa."
    },
    {
        "English Sentences": "If a man walking in the spirit and falsehood do lie, saying, I will prophesy unto thee of wine and of strong drink; he shall even be the prophet of this people.",
        "Wolaitta Sentences": "\"Wolqqaamati waani kunddidonaashsha! Ola miishshaikka waani dippi giidee!\" yaagidi Daawiti zilaaliis."
    },
    {
        "English Sentences": "I will surely assemble, O Jacob, all of thee; I will surely gather the remnant of Israel; I will put them together as the sheep of Bozrah, as the flock in the midst of their fold: they shall make great noise by reason of the multitude of men.",
        "Wolaitta Sentences": "Hegaappe guyyiyan Daawiti, \"Yihudaa katamatuppe issuwaa boo?\" yaagidi GODAA oichchiis. Oichchin GODAI a, \"Ee; ba\" yaagiis. Yaagin Daawiti, \"Awa boo\" yaagidi oichchiis. Oichchin i, \"Kebroona ba\" yaagidi zaariis."
    },
    {
        "English Sentences": "The breaker is come up before them: they have broken up, and have passed through the gate, and are gone out by it: and their king shall pass before them, and the LORD on the head of them.",
        "Wolaitta Sentences": "Daawiti ba maccaasata naa77ata, Iziraa7eeliyo Ahino7aamonne Qarmmeloosiyo, Naabaala am77iyo Abigaalonne ekkidi, Kebroona katamaa biis."
    },
    {
        "English Sentences": "And I said, Hear, I pray you, O heads of Jacob, and ye princes of the house of Israel; Is it not for you to know judgment?",
        "Wolaitta Sentences": "Daawiti banaara de7iya asatakka eta so asaa ubbaara ekki ehin, Kebroonaaninne a heeran de7iya guutta katamatun uttidosona."
    },
    {
        "English Sentences": "Who hate the good, and love the evil; who pluck off their skin from off them, and their flesh from off their bones;",
        "Wolaitta Sentences": "Yihudaa asati Kebroona katamaa yiidi, yan eti Daawita Yihudaa asaa bolli kawoyanau tiyidosona. Saa7oola moogidaageeti Gala7aaden de7iya Yaabeesha katamaa asata gididoogaa Daawiti siyido wode,"
    },
    {
        "English Sentences": "Who also eat the flesh of my people, and flay their skin from off them; and they break their bones, and chop them in pieces, as for the pot, and as flesh within the caldron.",
        "Wolaitta Sentences": "asaa kiittidi eta, \"Intte intte godaa Saa7oola moogido kehatettaa gishshau, GODAI inttena anjjo."
    },
    {
        "English Sentences": "Then shall they cry unto the LORD, but he will not hear them: he will even hide his face from them at that time, as they have behaved themselves ill in their doings.",
        "Wolaitta Sentences": "Ha77ikka GODAI aggenna siiquwaanne tumatettaa inttena besso; qassi intte ha kehatettaa oottido gishshau, taanikka intteyyo lo77otettan kushiyaa zaarana."
    },
    {
        "English Sentences": "Thus saith the LORD concerning the prophets that make my people err, that bite with their teeth, and cry, Peace; and he that putteth not into their mouths, they even prepare war against him.",
        "Wolaitta Sentences": "Ha77i simmi minnite; xalite; aissi giikko, intte godai Saa7ooli haiqqiichchiis; qassi Yihudaa asati tana tiyidi, bantta bolli kawoyidosona\" yaagiis."
    },
    {
        "English Sentences": "Therefore night shall be unto you, that ye shall not have a vision; and it shall be dark unto you, that ye shall not divine; and the sun shall go down over the prophets, and the day shall be dark over them.",
        "Wolaitta Sentences": "Saa7oola olanchchatu gadaawai Neera na7aa Abaneeri Saa7oola na7aa Yaabustta ekkidi, Maahinaima giyo sohuwaa efiis."
    },
    {
        "English Sentences": "Then shall the seers be ashamed, and the diviners confounded: yea, they shall all cover their lips; for there is no answer of God.",
        "Wolaitta Sentences": "Efiidi Gala7aade, Aseera, Iziraa7eela, Efireema, Biniyaamanne Israa7eela biittaa ubbaa bollan kawoyiis."
    },
    {
        "English Sentences": "But truly I am full of power by the spirit of the LORD, and of judgment, and of might, to declare unto Jacob his transgression, and to Israel his sin.",
        "Wolaitta Sentences": "Saa7oola na7aa Yaabusttee Israa7eela bolli kawotiyo wode ayyo oitamu laitta; i naa77u laittaa kawotiis; gidikkonne, Yihudaa asai Daawita kaalliis."
    },
    {
        "English Sentences": "Hear this, I pray you, ye heads of the house of Jacob, and princes of the house of Israel, that abhor judgment, and pervert all equity.",
        "Wolaitta Sentences": "Daawiti Kebroonan Yihudaa asatu bolli laappun laittanne usuppun aginaa kawotiis."
    },
    {
        "English Sentences": "They build up Zion with blood, and Jerusalem with iniquity.",
        "Wolaitta Sentences": "Neera na7aa Abaneerinne Saa7oola na7aa Yaabustte asai Maahinaimappe Gabaa7oona katamaa biidosona."
    },
    {
        "English Sentences": "The heads thereof judge for reward, and the priests thereof teach for hire, and the prophets thereof divine for money: yet will they lean upon the LORD, and say, Is not the LORD among us? none evil can come upon us.",
        "Wolaitta Sentences": "Xaruuyi na7ai Yoo7aabinne Daawita asai kiyi biidi, Gabaa7oona dalbbanttaa matan etaara gaittidosona; issi citai dalbbanttaappe hefintta baggaara uttin, issi citai hafintta baggaara uttidosona."
    },
    {
        "English Sentences": "Therefore shall Zion for your sake be plowed as a field, and Jerusalem shall become heaps, and the mountain of the house as the high places of the forest.",
        "Wolaitta Sentences": "Yaatin, Abaneeri Yoo7aaba, \"Ane wodallati denddidi, nu sinttan olaa gaittona\" yaagiis. Yaagin Yoo7aabi, \"Eeno, denddidi gaittona\" yaagiis."
    },
    {
        "English Sentences": "But in the last days it shall come to pass, that the mountain of the house of the LORD shall be established in the top of the mountains, and it shall be exalted above the hills; and people shall flow unto it.",
        "Wolaitta Sentences": "Hegaa gishshau, Biniyaama baggaunne Saa7oola na7aa Yaabustte baggau tammanne naa77u asati qoodan kiyidi, Daawita baggau eqqida tammanne naa77u asatuura olaa gaittidosona."
    },
    {
        "English Sentences": "And many nations shall come, and say, Come, and let us go up to the mountain of the LORD, and to the house of the God of Jacob; and he will teach us of his ways, and we will walk in his paths: for the law shall go forth of Zion, and the word of the LORD from Jerusalem.",
        "Wolaitta Sentences": "Gaittidi issoi issuwaa huuphiyaa oiqqidi, ba oiqqidoogaa daaddan daaddan bisuwaa dirgginttidi, issippe haiqqidosona; hegaa gishshau, Gabaa7oonan de7iya he sohoi Bisuwaa Gade geetettees."
    },
    {
        "English Sentences": "And he shall judge among many people, and rebuke strong nations afar off; and they shall beat their swords into plowshares, and their spears into pruninghooks: nation shall not lift up a sword against nation, neither shall they learn war any more.",
        "Wolaitta Sentences": "He gallassi wolqqaama olai olettin, Daawita asai Abaneeranne Israa7eela asaanne xooniis."
    },
    {
        "English Sentences": "But they shall sit every man under his vine and under his fig tree; and none shall make them afraid: for the mouth of the LORD of hosts hath spoken it.",
        "Wolaitta Sentences": "Xaruuyi naati heezzai Yoo7aabi, Abishaayinne Asaaheeli he sohuwan de7oosona; Asaaheeli wushadan eesotidi woxxees."
    },
    {
        "English Sentences": "For all people will walk every one in the name of his god, and we will walk in the name of the LORD our God for ever and ever.",
        "Wolaitta Sentences": "Asaaheeli ushachchi woikko haddirssi geennan Abaneera yedetaa sikkiis."
    },
    {
        "English Sentences": "In that day, saith the LORD, will I assemble her that halteth, and I will gather her that is driven out, and her that I have afflicted;",
        "Wolaitta Sentences": "Abaneeri guyye simmi xeellidi, \"Asaaheelaa, laa nenee?\" yaagidi oichchiis. Oichchin Asaaheeli, \"Ee tana\" yaagiis."
    },
    {
        "English Sentences": "And I will make her that halted a remnant, and her that was cast far off a strong nation: and the LORD shall reign over them in mount Zion from henceforth, even for ever.",
        "Wolaitta Sentences": "Yaagin Abaneeri a, \"Issi baggi, ushachchi woikko haddirssi simma; simmada asatuppe issuwaa oiqqada a ola miishshaa qaara ekka\" yaagiis; shin Asaaheeli a gooddiyoogaa agganau koyibeenna."
    },
    {
        "English Sentences": "And thou, O tower of the flock, the strong hold of the daughter of Zion, unto thee shall it come, even the first dominion; the kingdom shall come to the daughter of Jerusalem.",
        "Wolaitta Sentences": "Qassikka Abaneeri Asaaheela, \"Taani nena biittaara gattada sikkennan de7ishin, tana gooddiyoogaa agga! Nena worada, taani ne ishaa Yoo7aaba som77uwaa waatada xeellanee?\" yaagidi seeriis."
    },
    {
        "English Sentences": "Now why dost thou cry out aloud? is there no king in thee? is thy counsellor perished? for pangs have taken thee as a woman in travail.",
        "Wolaitta Sentences": "SHin Asaaheeli a gooddiyoogaa aggennan ixxiis. Hegaa gishshau, Abaneeri tooraa guyye tum77idi, Asaaheela uluwaa caddiis; caddin toorai zokkuwaara kantti kiyiis; Asaaheeli he sohuwankka kunddidi haiqqiis. Asaaheeli haiqqido sohuwaa gakkida asai ubbai hegan eqqiis."
    },
    {
        "English Sentences": "Be in pain, and labour to bring forth, O daughter of Zion, like a woman in travail: for now shalt thou go forth out of the city, and thou shalt dwell in the field, and thou shalt go even to Babylon; there shalt thou be delivered; there the LORD shall redeem thee from the hand of thine enemies.",
        "Wolaitta Sentences": "SHin Yoo7aabinne Abishaayi Abaneera gooddidosona; awai wulliyo wode, Gabaa7oona Bazzuwaa efiya ogiyan Giiyaaha katamaappe sintta baggaara de7iya Ama giyo keraa kiyidosona."
    },
    {
        "English Sentences": "Now also many nations are gathered against thee, that say, Let her be defiled, and let our eye look upon Zion.",
        "Wolaitta Sentences": "Biniyaama asati Abaneera guyyen shiiqidosona; eti issi cita gididi, issi keraa huuphiyan eqqidosona."
    },
    {
        "English Sentences": "But they know not the thoughts of the LORD, neither understand they his counsel: for he shall gather them as the sheaves into the floor.",
        "Wolaitta Sentences": "Hegaappe guyyiyan Abaneeri Yoo7aaba xeesidi, \"Merinau olettiiddi de7aneeyye? Hagaa wurssettai camo gidanaagaa neeni erikkii? Ne asata, Intte ishantta gooddiyoogaa aggite geennan aude gattuutee?\" yaagiis."
    },
    {
        "English Sentences": "Arise and thresh, O daughter of Zion: for I will make thine horn iron, and I will make thy hoofs brass: and thou shalt beat in pieces many people: and I will consecrate their gain unto the LORD, and their substance unto the Lord of the whole earth.",
        "Wolaitta Sentences": "Yaagin Yoo7aabi Abaneera, \"Xoossai ero! Neeni haasayennan aggidabaa gidiyaakko, ta asai ba ishantta sa7ai wonttana gakkanaashin gooddana shin\" yaagiis."
    },
    {
        "English Sentences": "Now gather thyself in troops, O daughter of troops: he hath laid siege against us: they shall smite the judge of Israel with a rod upon the cheek.",
        "Wolaitta Sentences": "Hegaa gishshau, Yoo7aabi malkkataa punniis; punnin asai ubbai eqqiis. Israa7eelatakka zaarettidi gooddibookkona woikko olibookkona."
    },
    {
        "English Sentences": "But thou, Bethlehem Ephratah, though thou be little among the thousands of Judah, yet out of thee shall he come forth unto me that is to be ruler in Israel; whose goings forth have been from of old, from everlasting.",
        "Wolaitta Sentences": "Abaneerinne a asai he gallassa qammaa ubbaa salppiyan Aaraba garaara biidosona; biidi Yorddaanoosa SHaafaa pinnidosona. Pinnidi, maalladoora hemettidi Maahinaima simmidosona."
    },
    {
        "English Sentences": "Therefore will he give them up, until the time that she which travaileth hath brought forth: then the remnant of his brethren shall return unto the children of Israel.",
        "Wolaitta Sentences": "Yoo7aabi Abaneera gooddiyoogaa aggi bayidi, ba asa ubbaa issi sohuwaa shiishshiis; shiishshidi xeelliyo wode, Asaaheeli bainnan Daawita asaappe tammanne uddufun asai pacciis."
    },
    {
        "English Sentences": "And he shall stand and feed in the strength of the LORD, in the majesty of the name of the LORD his God; and they shall abide: for now shall he be great unto the ends of the earth.",
        "Wolaitta Sentences": "SHin Daawita asai Abaneera asaappenne Biniyaama zaretuppe heezzu xeetanne usuppun tammu asata woridosona."
    },
    {
        "English Sentences": "And this man shall be the peace, when the Assyrian shall come into our land: and when he shall tread in our palaces, then shall we raise against him seven shepherds, and eight principal men.",
        "Wolaitta Sentences": "Asaaheela ahaa ekkidi, Beetaliheeme kataman de7iya a aawaa duufuwan moogidosona; Yoo7aabinne a asai qammaa hemettiiddi aqidosona; sa7ai wonttishin Kebroona katamaa gakkidosona."
    },
    {
        "English Sentences": "And they shall waste the land of Assyria with the sword, and the land of Nimrod in the entrances thereof: thus shall he deliver us from the Assyrian, when he cometh into our land, and when he treadeth within our borders.",
        "Wolaitta Sentences": "Saa7oola asainne Daawita asai daro wodiyaa olettidosona; Daawiti olan minni minnidi biyo wode, Saa7oola asai laafi laafidi bees."
    },
    {
        "English Sentences": "And the remnant of Jacob shall be in the midst of many people as a dew from the LORD, as the showers upon the grass, that tarrieth not for man, nor waiteth for the sons of men.",
        "Wolaitta Sentences": "Kebroona kataman Daawitayyo naati yelettidosona; Iziraa7eeliyaa Ahino7aama yelido baira na7ai Aminoona;"
    },
    {
        "English Sentences": "And the remnant of Jacob shall be among the Gentiles in the midst of many people as a lion among the beasts of the forest, as a young lion among the flocks of sheep: who, if he go through, both treadeth down, and teareth in pieces, and none can deliver.",
        "Wolaitta Sentences": "Qarmmeloosiyaa Naabaala am77iyaa Abigaala yelido na7ai Kil77aabi naa77antto; Gashuura Kawuwaa Talmmaaya na7iyaa Maa7ika yelido Abeseloomi heezzantto."
    },
    {
        "English Sentences": "Thine hand shall be lifted up upon thine adversaries, and all thine enemies shall be cut off.",
        "Wolaitta Sentences": "Oiddanttoi Haggiiti na7aa Adooniyaa; ichchashanttoi Abiixaali na7aa SHafaaxiyaa."
    },
    {
        "English Sentences": "And it shall come to pass in that day, saith the LORD, that I will cut off thy horses out of the midst of thee, and I will destroy thy chariots:",
        "Wolaitta Sentences": "Usuppunttoi Daawita keettaayee Egili na7aa Yitira7aama; ha naati ubbai Kebroonan Daawitayyo yelettidosona."
    },
    {
        "English Sentences": "And I will cut off the cities of thy land, and throw down all thy strong holds:",
        "Wolaitta Sentences": "Saa7oola asaaranne Daawita asaara olettiyo wode, Abaneeri Saa7oola asatu giddon minni minnidi biis."
    },
    {
        "English Sentences": "And I will cut off witchcrafts out of thine hand; and thou shalt have no more soothsayers:",
        "Wolaitta Sentences": "Saa7oolassi Aaya na7iyaa Rixifo giyo issi baakkiyaa de7ausu; Yaabusttee Abaneera, \"Ta aawaa baakkeera aissi aqadii?\" yaagidi oichchiis."
    },
    {
        "English Sentences": "Thy graven images also will I cut off, and thy standing images out of the midst of thee; and thou shalt no more worship the work of thine hands.",
        "Wolaitta Sentences": "Abaneeri a haasayan daro yiillotidi Yaabustta, \"Tana neeni Yihudaa kana huuphe gaadiiyye? Hachchi taani ne aawaa Saa7oolayyo, a ishanttuyyoonne a dabbotuyyo ammanettais; taani nena Daawita kushiyan aattada immabeikke. SHin ha77i neeni tana ha mishiree gaasuwan mootaasa!"
    },
    {
        "English Sentences": "And I will pluck up thy groves out of the midst of thee: so will I destroy thy cities.",
        "Wolaitta Sentences": "Saa7oola zariyaappe kawotettaa wotti ekkidi, Israa7eela zawan Daanappe biidi Berssaabeha gakkanaashin,"
    },
    {
        "English Sentences": "And I will execute vengeance in anger and fury upon the heathen, such as they have not heard.",
        "Wolaitta Sentences": "Israa7eela bollinne Yihudaa bolli, Daawita kawotettaa essanau GODAI maaci wottido ha yohuwaa taani oottana xayikko, Xoossai Abaneera gufantto\" yaagiis."
    },
    {
        "English Sentences": "Hear ye now what the LORD saith; Arise, contend thou before the mountains, and let the hills hear thy voice.",
        "Wolaitta Sentences": "Yaabusttee Abaneerayyo yayyido gishshau, hara qaala qaattibeenna."
    },
    {
        "English Sentences": "Hear ye, O mountains, the LORD's controversy, and ye strong foundations of the earth: for the LORD hath a controversy with his people, and he will plead with Israel.",
        "Wolaitta Sentences": "Abaneeri Kebroonan de7iya Daawitakko, \"Biittai oossee? Neeni tanaara maachchaa maacetta; Israa7eela asai ubbai neekko simmanaadan taani nena maaddana\" yaagidi kiitaa yeddiis."
    },
    {
        "English Sentences": "O my people, what have I done unto thee? and wherein have I wearied thee? testify against me.",
        "Wolaitta Sentences": "Yaagin Daawiti, \"Lo77o! Taani nenaara maachchaa wottana. SHin taani nena issibaa oichchais; neeni tana be7anau yiyo wode, Saa7oola na7iyo Miikaalo taayyo ekkennan yooppa\" yaagiis."
    },
    {
        "English Sentences": "For I brought thee up out of the land of Egypt, and redeemed thee out of the house of servants; and I sent before thee Moses, Aaron, and Miriam.",
        "Wolaitta Sentences": "Hegaappe guyyiyan, Daawiti Saa7oola na7aa Yaabusttekko kiittidi, \"Xeetu Pilisxxematu qaaratuwaa cilooshada ekkido ta maccaasiyo Miikaalo tau imma\" yaagiis."
    },
    {
        "English Sentences": "O my people, remember now what Balak king of Moab consulted, and what Balaam the son of Beor answered him from Shittim unto Gilgal; that ye may know the righteousness of the LORD.",
        "Wolaitta Sentences": "Yaagin Yaabusttee kiitaa yeddidi, i keettaawaa Laawisha na7aa Palxxi7eelappe wotti ekkidi ehiissiis."
    },
    {
        "English Sentences": "Wherewith shall I come before the LORD, and bow myself before the high God? shall I come before him with burnt offerings, with calves of a year old?",
        "Wolaitta Sentences": "I keettaawai Baahuriima katamaa gakkanaassi yeekkiiddi i geeduwaa kaalliis; kaallin Abaneeri a, \"Guyye simmada so ba\" yaagiis; yaagin bitanee guyye simmidi biis."
    },
    {
        "English Sentences": "Will the LORD be pleased with thousands of rams, or with ten thousands of rivers of oil? shall I give my firstborn for my transgression, the fruit of my body for the sin of my soul?",
        "Wolaitta Sentences": "Abaneeri Israa7eela cimatukko biidi, hagaadan yaagiis; \"Daawiti intte bolli kawotana mala, daro wodiyaa amottideta;"
    },
    {
        "English Sentences": "He hath shewed thee, O man, what is good; and what doth the LORD require of thee, but to do justly, and to love mercy, and to walk humbly with thy God?",
        "Wolaitta Sentences": "ane hekko ha77i polite! Aissi giikko, GODAI, Ta asaa Israa7eela, taani Pilisxxeema asatu kushiyaappenne eta morkke ubbatu kushiyaappe ta ashkkaraa Daawita baggaara ashshana giidoogaa hassayite\" yaagiis."
    },
    {
        "English Sentences": "The LORD's voice crieth unto the city, and the man of wisdom shall see thy name: hear ye the rod, and who hath appointed it.",
        "Wolaitta Sentences": "Abaneeri Biniyaama zaretuyyo dumma haasayiis; hegaappe guyyiyan, Israa7eela asainne Biniyaama asai ubbai oottanau koyido ubbabaa Daawitayyo yootanau Kebroona katamaa biis."
    },
    {
        "English Sentences": "Are there yet the treasures of wickedness in the house of the wicked, and the scant measure that is abominable?",
        "Wolaitta Sentences": "Abaneeri banaara laatamu asata ekkidi, Kebroona katamaa bin, Daawiti ayyoonne a asaayyo imatuwaa makkiis."
    },
    {
        "English Sentences": "Shall I count them pure with the wicked balances, and with the bag of deceitful weights?",
        "Wolaitta Sentences": "Hegaappe guyyiyan Abaneeri Daawita, \"Eti nenaara maachchaa maacettanaadaaninne ne wozanai amottiyo ubbaa haaranaadan, taani baada Israa7eela asaa ubbaa kawuwaassi ta godaassi shiishshais\" yaagiis; yaagin Daawiti Abaneera moissidi saro yeddiis."
    },
    {
        "English Sentences": "For the rich men thereof are full of violence, and the inhabitants thereof have spoken lies, and their tongue is deceitful in their mouth.",
        "Wolaitta Sentences": "He wode Daawita asainne Yoo7aabi olaappe darobaa omooddidi simmidosona; shin Abaneeri Kebroona kataman Daawitaara de7enna; aissi giikko, Daawiti yeddin i saro biichchiis."
    },
    {
        "English Sentences": "Therefore also will I make thee sick in smiting thee, in making thee desolate because of thy sins.",
        "Wolaitta Sentences": "Yoo7aabinne aara de7iya olanchchati gakkiyo wode, asai Yoo7aaba, \"Neera na7aa Abaneeri kawuwaa Daawitakko yin, kawoi a yeddin, i saro biis\" yaagidi yootiis."
    },
    {
        "English Sentences": "Thou shalt eat, but not be satisfied; and thy casting down shall be in the midst of thee; and thou shalt take hold, but shalt not deliver; and that which thou deliverest will I give up to the sword.",
        "Wolaitta Sentences": "Hegaa gishshau, Yoo7aabi kawuwaakko biidi, \"Waanadii! Abaneeri neekko yin, aibissi saro yeddadii? Hekko i biichchiis!"
    },
    {
        "English Sentences": "Thou shalt sow, but thou shalt not reap; thou shalt tread the olives, but thou shalt not anoint thee with oil; and sweet wine, but shalt not drink wine.",
        "Wolaitta Sentences": "Neera na7ai Abaneeri nena cimmanau, neeni geliyoosaanne kiyiyoosaa be7anaunne neeni oottiyo ubbabaa eranau yiis\" yaagiis."
    },
    {
        "English Sentences": "For the statutes of Omri are kept, and all the works of the house of Ahab, and ye walk in their counsels; that I should make thee a desolation, and the inhabitants thereof an hissing: therefore ye shall bear the reproach of my people.",
        "Wolaitta Sentences": "Yoo7aabi Daawita sinttappe kiyidi, Abaneera geeduwaa kiitaa yeddiis; yeddin eti a Siira haatta ollaa lanqqeppe guyye zaaridosona; shin Daawiti ha yohuwaa erenna."
    },
    {
        "English Sentences": "Woe is me! for I am as when they have gathered the summer fruits, as the grapegleanings of the vintage: there is no cluster to eat: my soul desired the firstripe fruit.",
        "Wolaitta Sentences": "Abaneeri Kebroona katamaa guyye simmidi yiido wode, Yoo7aabi aara dumma haasayanabaadan dirssaa pengge a ekkidi efiis; ba ishaa Asaaheela suuttaa achchanau Abaneera uluwaa caddiis; caddin Abaneeri he sohuwan haiqqiis."
    },
    {
        "English Sentences": "The good man is perished out of the earth: and there is none upright among men: they all lie in wait for blood; they hunt every man his brother with a net.",
        "Wolaitta Sentences": "Daawiti ha yohuwaa siyidoogaappe guyyiyan, \"Taaninne ta kawotettai Neera na7aa Abaneera suuttan GODAA sinttan merinaukka ashettokko."
    },
    {
        "English Sentences": "That they may do evil with both hands earnestly, the prince asketh, and the judge asketh for a reward; and the great man, he uttereth his mischievous desire: so they wrap it up.",
        "Wolaitta Sentences": "A suuttai Yoo7aabanne a aawaa so asaa ubbaa achcho; uzuuziya cittoi de7iyo asi, woikko gogai keehippe sakkiyo asi, woikko wobbiya asi, woikko bison haiqqiya asi, woikko namisettida asi Yoo7aaba zariyan mulekka xayoppo!\" yaagiis."
    },
    {
        "English Sentences": "The best of them is as a brier: the most upright is sharper than a thorn hedge: the day of thy watchmen and thy visitation cometh; now shall be their perplexity.",
        "Wolaitta Sentences": "Hegaadan oottidi, Gabaa7oona kataman kiyida olan bantta ishaa Asaaheela Abaneeri worido gishshau, Yoo7aabinne a ishaa Abishaayi Abaneera woridosona."
    },
    {
        "English Sentences": "Trust ye not in a friend, put ye not confidence in a guide: keep the doors of thy mouth from her that lieth in thy bosom.",
        "Wolaitta Sentences": "Daawiti Yoo7aabanne aara de7iya asa ubbaa, \"Intte maayuwaa pooshshite; maaqiyaa maayite; Abaneera halaa sinttan hemettiiddi yeekkite\" yaagiis. Kawoi Daawiti halaa kaallidi biis."
    },
    {
        "English Sentences": "For the son dishonoureth the father, the daughter riseth up against her mother, the daughter in law against her mother in law; a man's enemies are the men of his own house.",
        "Wolaitta Sentences": "Abaneeri Kebroonan moogettiis; kawoi ba qaalaa xoqqissidi duufuwan yeekkiis; asai ubbaikka yeekkiis."
    },
    {
        "English Sentences": "Therefore I will look unto the LORD; I will wait for the God of my salvation: my God will hear me.",
        "Wolaitta Sentences": "Kawoi Abaneerayyo, \"Abaneeri eeya asadan haiqqanau bessii?"
    },
    {
        "English Sentences": "Rejoice not against me, O mine enemy: when I fall, I shall arise; when I sit in darkness, the LORD shall be a light unto me.",
        "Wolaitta Sentences": "A kushee qashettibeenna; a tohoikka sanssalatan qashettibeenna. Asi iita asatu kushiyan haiqqiyoogaadan i haiqqiis\" yaagidi zilaaliis. Asai ubbai Abaneerayyo zaarettidikka yeekkiis."
    },
    {
        "English Sentences": "I will bear the indignation of the LORD, because I have sinned against him, until he plead my cause, and execute judgment for me: he will bring me forth to the light, and I shall behold his righteousness.",
        "Wolaitta Sentences": "Sa7ai poo7o de7ishin, Daawiti oittaa maanaadan shoobbanau asai ubbai akko yiis; shin Daawiti, \"Awa aifee wullennan de7ishin, oitta woikko harabaa baara be7ikko, Xoossai tana woro\" yaagidi caaqqiis."
    },
    {
        "English Sentences": "Then she that is mine enemy shall see it, and shame shall cover her which said unto me, Where is the LORD thy God? mine eyes shall behold her: now shall she be trodden down as the mire of the streets.",
        "Wolaitta Sentences": "Kawoi oottidobaa asai ubbai be7idi ufaittiis; tumukka kawoi oottido ubbabai asa ubbaa ufaissiis."
    },
    {
        "English Sentences": "In the day that thy walls are to be built, in that day shall the decree be far removed.",
        "Wolaitta Sentences": "Hegaa gishshau, he gallassi Daawita asai ubbainne Israa7eela asai ubbai kawoi Neera na7aa Abaneera worissibeennaagaa akeekidosona."
    },
    {
        "English Sentences": "In that day also he shall come even to thee from Assyria, and from the fortified cities, and from the fortress even to the river, and from sea to sea, and from mountain to mountain.",
        "Wolaitta Sentences": "Kawoi ba ashkkarata hagaadan yaagiis; \"Israa7eela biittan gita asinne halaqi haiqqidoogaa intte akeekekketii?"
    },
    {
        "English Sentences": "Notwithstanding the land shall be desolate because of them that dwell therein, for the fruit of their doings.",
        "Wolaitta Sentences": "Taani Xoossai tiyido kawo gidikkokka, hachchi taayyo miyyee pacciis. Hageeti Xaruuyi naati taayyo minnidosona; iitaa oottidaageetuyyo GODAI eta oosuwaadan zaaro\" yaagiis."
    },
    {
        "English Sentences": "Feed thy people with thy rod, the flock of thine heritage, which dwell solitarily in the wood, in the midst of Carmel: let them feed in Bashan and Gilead, as in the days of old.",
        "Wolaitta Sentences": "Saa7oola na7ai Yaabusttee Abaneeri Kebroonan haiqqidoogaa siyido wode, a wozanai taahiis; Israa7eela asai ubbaikka dagammiis."
    },
    {
        "English Sentences": "According to the days of thy coming out of the land of Egypt will I shew unto him marvellous things.",
        "Wolaitta Sentences": "Saa7oola na7aa Yaabustteyyo ambbaanota kaalettiya naa77u halaqati de7oosona; issuwaa sunttai Ba7aana; hinkkuwaa sunttai Rekaaba; eti Biniyaama zare gidiya Ba7erootiyaa Rimmoona naata. Ba7eroota katamai Biniyaama baggadan qoodettees;"
    },
    {
        "English Sentences": "The nations shall see and be confounded at all their might: they shall lay their hand upon their mouth, their ears shall be deaf.",
        "Wolaitta Sentences": "aissi giikko, Ba7erootan de7ida koiro asati Gittaima biitti baqatidi, heedeesappe hachchi gakkanau betedan yan de7idosona."
    },
    {
        "English Sentences": "They shall lick the dust like a serpent, they shall move out of their holes like worms of the earth: they shall be afraid of the LORD our God, and shall fear because of thee.",
        "Wolaitta Sentences": "Saa7oola na7aa Yonaataanayyo naa77u tohoi silido na7ai de7ees; Saa7oolanne Yonaataana woree Iziraa7eelappe gakkido wode, i ichchashu laitta na7a; he na7aa dichchiyaara a ekkada baqataasu; shin a baqatanau dirbbishin, na7ai kunddidi sila kiyiis; he na7aa sunttai Mafibosheeta."
    },
    {
        "English Sentences": "Who is a God like unto thee, that pardoneth iniquity, and passeth by the transgression of the remnant of his heritage? he retaineth not his anger for ever, because he delighteth in mercy.",
        "Wolaitta Sentences": "Ba7erootiyaa Rimmoona naati Rekaabinne Ba7aani Yaabustte so baanau kiyidosona; eti biidi seeta gallassi gakkidosona; gakkiyo wode, i awaappe shemppees."
    },
    {
        "English Sentences": "He will turn again, he will have compassion upon us; he will subdue our iniquities; and thou wilt cast all their sins into the depths of the sea.",
        "Wolaitta Sentences": "Kariyaa naagiya mishiriyaa gisttiyaa punnishin, xiskkoi oiqqin zin77aasu; Rekaabinne a ishaa Ba7aani leelan Yaabusttee zin77iyoosaa gelidosona."
    },
    {
        "English Sentences": "Thou wilt perform the truth to Jacob, and the mercy to Abraham, which thou hast sworn unto our fathers from the days of old.",
        "Wolaitta Sentences": "Eti soo geliyo wode, Yaabusttee qol77on arssan zin77idaagaa demmidi, a uluwaa caddidi woridosona; woridi a qooriyaappe muucidosona; muucido huuphiyaa ekkidi, Aaraba garaara efiya ogiyaa oiqqidi, qammaa ubbaa hemettidosona."
    }
]