[
    {
        "English Sentences": "The word of the LORD that came to Joel the son of Pethuel.",
        "Wolaitta Sentences": "Ubbaa Haariya GODAI Eedooma biittaabaa Abddiyyussi qonccissido ajjuutai hagaa. Eedoomabaa GODAI hagaadan yaagidi, ba kiittiyo uraa bollan kawotettatukko kiittidoogaa nuuni siyida; \"Denddite! Eedooma biittaa oloos\" yaagidi kiittiis."
    },
    {
        "English Sentences": "Hear this, ye old men, and give ear, all ye inhabitants of the land. Hath this been in your days, or even in the days of your fathers?",
        "Wolaitta Sentences": "GODAI Eedooma hagaadan yaagees; \"Be7a, kawotettatu giddon taani nena laafa kessana; neeni keehippe karettana."
    },
    {
        "English Sentences": "Tell ye your children of it, and let your children tell their children, and their children another generation.",
        "Wolaitta Sentences": "Nenoo, zaallaa kooppuwaa giddon de7iyaagoo, ne keettaa xoqqa deretu bollan keexxidaagoo, qassi ne wozanan, Tana hagaappe duge ooni wottii? yaagiyaagoo, nena ne wozanaa otoroi cimmiis."
    },
    {
        "English Sentences": "That which the palmerworm hath left hath the locust eaten; and that which the locust hath left hath the cankerworm eaten; and that which the cankerworm hath left hath the caterpiller eaten.",
        "Wolaitta Sentences": "Neeni argganttaadan pude haakkada paallikko, ne keettaakka xoolinttetu giddon keexxikkokka, taani nena hegaappe duge wottana\" yaagees GODAI."
    },
    {
        "English Sentences": "Awake, ye drunkards, and weep; and howl, all ye drinkers of wine, because of the new wine; for it is cut off from your mouth.",
        "Wolaitta Sentences": "\"Kaisoti woikko bonqqiyaageeti qammi yiikko, banttau gidiyaagaa keena xalaalaa wuuqqoosona; woiniyaa teeraa maxiyaageetikka maxiiddi, poshiluwaa ashshoosona; shin ne morkketi nena muleera xaissana."
    },
    {
        "English Sentences": "For a nation is come up upon my land, strong, and without number, whose teeth are the teeth of a lion, and he hath the cheek teeth of a great lion.",
        "Wolaitta Sentences": "Abeet Eesawa zareti waani bonqqettanddonaashsha! Qosan de7iya eta aqoikka waani qocirettanddeeshsha!"
    },
    {
        "English Sentences": "He hath laid my vine waste, and barked my fig tree: he hath made it clean bare, and cast it away; the branches thereof are made white.",
        "Wolaitta Sentences": "Nenaara maachchan de7iyaageeti ubbai nena ne biittaappe gaxi yedettana; qassi ne dabbotikka cimmidi nena xoonana. Ne qumaa miyaageetikka neeyyo gitiyaa yeggana; shin neeni hegaa akeekakka\" yaagees."
    },
    {
        "English Sentences": "Lament like a virgin girded with sackcloth for the husband of her youth.",
        "Wolaitta Sentences": "GODAI qassikka hagaadan yaagees; \"He gallassi taani Eedoomappe aadhdhida eranchchatanne Eesawa Deriyaappekka eraa xaissana."
    },
    {
        "English Sentences": "The meat offering and the drink offering is cut off from the house of the LORD; the priests, the LORD's ministers, mourn.",
        "Wolaitta Sentences": "Inttenoo, Temaana asatoo, intte olanchchati dagammana; Eesawa Deriyaa bolli de7iya asai ubbaikka goora7ettana."
    },
    {
        "English Sentences": "The field is wasted, the land mourneth; for the corn is wasted: the new wine is dried up, the oil languisheth.",
        "Wolaitta Sentences": "\"Yaaqooba zare gidiya ne ishanttu bolli neeni oottido iitabaa gishshau, neeni yeellaa maayana; neeni merinau xayaagana."
    },
    {
        "English Sentences": "Be ye ashamed, O ye husbandmen; howl, O ye vinedressers, for the wheat and for the barley; because the harvest of the field is perished.",
        "Wolaitta Sentences": "Morkketi yiidi eta aquwaa bonqqiyo wode, he gallassi neeni gaxi shiiqada eqqa xeelladasa. Qassi penggiyaara gelidi, Yerusalaame katamaa saamaa yeggidi shaakkida allagatuppe neeni issuwaa malattenne."
    },
    {
        "English Sentences": "The vine is dried up, and the fig tree languisheth; the pomegranate tree, the palm tree also, and the apple tree, even all the trees of the field, are withered: because joy is withered away from the sons of men.",
        "Wolaitta Sentences": "Neeni ne ishai metootiyo gallassi a metuwan ufaittanau bessenna; qassi Yihudaa asaa bolli bashshai gakkiyo gallassikka hashshu gaanau bessenna. Ee, eta un77uwaa gallassi eta bolli miiccanaukka bessenna!"
    },
    {
        "English Sentences": "Gird yourselves, and lament, ye priests: howl, ye ministers of the altar: come, lie all night in sackcloth, ye ministers of my God: for the meat offering and the drink offering is withholden from the house of your God.",
        "Wolaitta Sentences": "Eta tuggaa gallassi ta asai de7iyo katamaa gelanaunne eta waayiyan neeni ufaittanau bessenna shin! Qassi eta tuggaa gallassi neeni eta aquwaa bonqqanau bessenna;"
    },
    {
        "English Sentences": "Sanctify ye a fast, call a solemn assembly, gather the elders and all the inhabitants of the land into the house of the LORD your God, and cry unto the LORD.",
        "Wolaitta Sentences": "etappe baqatiyaageeta woranau neeni balla ogiyan zuggada naaganaunne attidaageetakka eta un77uwaa gallassi morkketussi aattada immanau bessenna shin!"
    },
    {
        "English Sentences": "Alas for the day! for the day of the LORD is at hand, and as a destruction from the Almighty shall it come.",
        "Wolaitta Sentences": "\"Aihuda gidenna asatu ubbaa bolli GODAA gallassai gakkiis. Nenoo Eedoomaa, neeni haratu bolli oottidobai ne bolli oosettana; ne daafaikka ne huuphiyan simmana."
    },
    {
        "English Sentences": "Is not the meat cut off before our eyes, yea, joy and gladness from the house of our God?",
        "Wolaitta Sentences": "Ta asai ta geeshsha deriyaa huuphiyan metuwaa xuu7aa uyiis. Hegaadan eta yuushuwan de7iya kawotettati zaari zaaridikka metuwaa xuu7aa uyana; uyidi eti ubbaikka kase hani erennabaa hanana."
    },
    {
        "English Sentences": "The seed is rotten under their clods, the garners are laid desolate, the barns are broken down; for the corn is withered.",
        "Wolaitta Sentences": "\"SHin Xiyoone Deriyan bashshaappe kessi ekkiyaageeti de7ana; Xiyooneekka geeshsha gidana; Yaaqooba zaretikka bantta biittaa laattana."
    },
    {
        "English Sentences": "How do the beasts groan! the herds of cattle are perplexed, because they have no pasture; yea, the flocks of sheep are made desolate.",
        "Wolaitta Sentences": "Yaaqooba zareti tama gidana; Yooseefa zaretikka laco gidana; Eesawa zareti utula gidana. Tamai utulaa miyoogaadan, Yaaqooba zaretinne Yooseefa zareti Eesawa zareta miidi muleerakka xaissana\" yaagees GODAI."
    },
    {
        "English Sentences": "O LORD, to thee will I cry: for the fire hath devoured the pastures of the wilderness, and the flame hath burned all the trees of the field.",
        "Wolaitta Sentences": "Neegeeba Bazzuwan de7iya asai Eesawa Deriyaa laattana; garatiya biittan de7iya asai Pilisxxeematu biittaa laattana. Eti Efireema biittaanne Samaariyaa biittaa laattana. Qassi Biniyaama zaretikka Gala7aade biittaa laattana."
    },
    {
        "English Sentences": "The beasts of the field cry also unto thee: for the rivers of waters are dried up, and the fire hath devoured the pastures of the wilderness.",
        "Wolaitta Sentences": "Omoodettidi de7ida Israa7eela asai simmidi, Kanaane biittaa Siraafita giyo katamaa gakkanaashin laattana; qassi Yerusalaameppe omoodettidi, Safaraada giyo sohuwan de7iya asati Neegeeba Bazzuwan de7iya katamata laattana."
    },
    {
        "English Sentences": "Blow ye the trumpet in Zion, and sound an alarm in my holy mountain: let all the inhabitants of the land tremble: for the day of the LORD cometh, for it is nigh at hand;",
        "Wolaitta Sentences": "Ashshiyaageeti Eesawa asaa haaranau Xiyoone Deriyaa bolli kiyana; kawotettaikka GODAABAA gidana."
    }
]