[
    {
        "English Sentences": "The vision of Obadiah. Thus saith the Lord GOD concerning Edom; We have heard a rumour from the LORD, and an ambassador is sent among the heathen, Arise ye, and let us rise up against her in battle.",
        "Wolaitta Sentences": "GODAA qaalai Amiitaaya na7aa Yoonaasakko hagaadan yaagiiddi yiis;"
    },
    {
        "English Sentences": "Behold, I have made thee small among the heathen: thou art greatly despised.",
        "Wolaitta Sentences": "\"Dendda! Denddada he gita katamaa Nanawe ba; baada he katamaa asaa iitatettai ta sintti gakkido gishshau, etayyo markkatta\" yaagiis."
    },
    {
        "English Sentences": "The pride of thine heart hath deceived thee, thou that dwellest in the clefts of the rock, whose habitation is high; that saith in his heart, Who shall bring me down to the ground?",
        "Wolaitta Sentences": "SHin Yoonaasi GODAA sinttaappe baqatidi, Tarsseesa giyo biitti baanau denddiis; i Yoophphe katamaa wodhdhidi, Tarsseesi biya markkabiyaa demmiis. GODAA sinttaappe baqatidi, etaara Tarsseesi baanau miishshaa qanxxidi, markkabiyan geliis."
    },
    {
        "English Sentences": "Though thou exalt thyself as the eagle, and though thou set thy nest among the stars, thence will I bring thee down, saith the LORD.",
        "Wolaitta Sentences": "SHin markkabee biishin, GODAI abbaa bolli wolqqaama carkkuwaa denttiis; denttin abbaa beetai keehi darido gishshau, markkabee me77ana haniis."
    },
    {
        "English Sentences": "If thieves came to thee, if robbers by night, (how art thou cut off!) would they not have stolen till they had enough? if the grapegatherers came to thee, would they not leave some grapes?",
        "Wolaitta Sentences": "Yaatin, markkabiyaa laaggiyaageeti yayyidi, ubbaikka bantta xoossaakko xoossaakko waassidosona. Qassi markkabee kauyyana mala, a giddon de7iya caanaa denttidi, abban olidosona. SHin Yoonaasi markkabiyaayyo giddo kifiliyaa gelidi, yan zin77idi, xiskkuwaa kairiis."
    },
    {
        "English Sentences": "How are the things of Esau searched out! how are his hidden things sought up!",
        "Wolaitta Sentences": "Markkabiyaa halaqai akko biidi, \"Aissi xiskkadii? Dendda, denddada ne xoossaa woossa! Ooni erii, i ba lo77o aifiyan xeellidi, nuna ashshanaakkonne\" yaagiis."
    },
    {
        "English Sentences": "All the men of thy confederacy have brought thee even to the border: the men that were at peace with thee have deceived thee, and prevailed against thee; they that eat thy bread have laid a wound under thee: there is none understanding in him.",
        "Wolaitta Sentences": "Markkabiyaa laaggiyaageeti issoi issuwau hagaadan yaagidosona; \"Haayite; ha iitabai nuna o gaasuwan gakkidaakko eranau saamaa yeggoos\" yaagidosona. Yaagidi saamaa yeggin, saamai Yoonaasa bollan wodhdhiis."
    },
    {
        "English Sentences": "Shall I not in that day, saith the LORD, even destroy the wise men out of Edom, and understanding out of the mount of Esau?",
        "Wolaitta Sentences": "Wodhdhin eti Yoonaasa hagaadan yaagidi oichchidosona; \"Ha iitabai o gaasuwan nu bolli gakkidaakko, ane nuussi yoota. Ne oosoi aibee? Auppe yaadii? Ne biittai awee? Neeni o zaree?\" yaagidosona."
    },
    {
        "English Sentences": "And thy mighty men, O Teman, shall be dismayed, to the end that every one of the mount of Esau may be cut off by slaughter.",
        "Wolaitta Sentences": "Yaagin Yoonaasi zaaridi, hagaadan yaagiis; \"Taani Ibraawe asa; abbaanne biittaa medhdhida GODAAYYO, saluwaa Xoossaayyo goinnais\" yaagiis."
    },
    {
        "English Sentences": "For thy violence against thy brother Jacob shame shall cover thee, and thou shalt be cut off for ever.",
        "Wolaitta Sentences": "Yaagin GODAA sinttappe i baqatiyoogaa i etau yootidobaappe asati erido gishshau yayyidosona. Yayyidi a, \"Laa aiba palabaa oottadii?\" yaagidosona."
    },
    {
        "English Sentences": "In the day that thou stoodest on the other side, in the day that the strangers carried away captive his forces, and foreigners entered into his gates, and cast lots upon Jerusalem, even thou wast as one of them.",
        "Wolaitta Sentences": "Qassi abbaa beetai kaseegaappe haa darido gishshau, asati Yoonaasa, \"Nuuyyo abbai woppana mala, nena nuuni waatinoo?\" yaagidi oichchidosona."
    },
    {
        "English Sentences": "But thou shouldest not have looked on the day of thy brother in the day that he became a stranger; neither shouldest thou have rejoiced over the children of Judah in the day of their destruction; neither shouldest thou have spoken proudly in the day of distress.",
        "Wolaitta Sentences": "Oichchin i etau, \"Ha wolqqaama beetai intte bollan denddidoogee ta gaasuwaana gidiyoogaa taani erais. Hegaa gishshau, tana denttidi, abban olite. Yaatikko, abbai intteyyo woppu gaana\" yaagiis."
    },
    {
        "English Sentences": "Thou shouldest not have entered into the gate of my people in the day of their calamity; yea, thou shouldest not have looked on their affliction in the day of their calamity, nor have laid hands on their substance in the day of their calamity;",
        "Wolaitta Sentences": "SHin markkabiyaa laaggiyaageeti markkabiyaa guyye abbaa dooni kessanau wolqqappe shaaridosona; gidikkonne, abbaa beetai keehippe darido gishshau, kessanau danddayibookkona."
    },
    {
        "English Sentences": "Neither shouldest thou have stood in the crossway, to cut off those of his that did escape; neither shouldest thou have delivered up those of his that did remain in the day of distress.",
        "Wolaitta Sentences": "Hegaa gishshau, eti hagaadan yaagidi, GODAAKKO waassidosona; \"Abeet GODAU, ha bitaniyaa shemppuwaa gishshau, neeni nuna xaissennaadaaninne ha geeshsha suuttaa acuwaakka neeni nuuppe achchennaadan, nuuni nena minttidi woossoos. Aissi giikko, GODAU, neeni ne koyiyoogaadan oottadasa\" yaagidosona."
    },
    {
        "English Sentences": "For the day of the LORD is near upon all the heathen: as thou hast done, it shall be done unto thee: thy reward shall return upon thine own head.",
        "Wolaitta Sentences": "Hegaappe guyyiyan, Yoonaasa denttidi, abban olidosona; olin abbaa beetai woppu giis."
    },
    {
        "English Sentences": "For as ye have drunk upon my holy mountain, so shall all the heathen drink continually, yea, they shall drink, and they shall swallow down, and they shall be as though they had not been.",
        "Wolaitta Sentences": "Yaatin, asati GODAASSI keehi yayyidosona; GODAASSI yarshshuwaa yarshshidosona; shiiquwaakka shiiqqidosona."
    },
    {
        "English Sentences": "But upon mount Zion shall be deliverance, and there shall be holiness; and the house of Jacob shall possess their possessions.",
        "Wolaitta Sentences": "Yoonaasa mittana mala, issi gita moliyaa GODAI giigissiis; giigissin he moliyaa uluwan Yoonaasi heezzu gallassaanne heezzu qammaa de7iis."
    },
    {
        "English Sentences": "And the house of Jacob shall be a fire, and the house of Joseph a flame, and the house of Esau for stubble, and they shall kindle in them, and devour them; and there shall not be any remaining of the house of Esau; for the LORD hath spoken it.",
        "Wolaitta Sentences": "Yoonaasi moliyaa uluwan de7iiddi, hagaadan yaagidi, GODAAKKO, ba Xoossaakko, woossiis;"
    },
    {
        "English Sentences": "And they of the south shall possess the mount of Esau; and they of the plain the Philistines: and they shall possess the fields of Ephraim, and the fields of Samaria: and Benjamin shall possess Gilead.",
        "Wolaitta Sentences": "\"Taani ta tuggaa giddon de7aidda GODAA xeegaas; xeegin i tau koyiis. Taani Si7ooliyaa ulo giddon de7aidda waassaas; neenikka ta waasuwaa siyadasa."
    },
    {
        "English Sentences": "And the captivity of this host of the children of Israel shall possess that of the Canaanites, even unto Zarephath; and the captivity of Jerusalem, which is in Sepharad, shall possess the cities of the south.",
        "Wolaitta Sentences": "Neeni tana ciimma abbaa xaggau duge oladasa; haattai ta yuushuwaa dooddiis; ne dambbalainne ne beetai ta bollaara kanttidosona."
    },
    {
        "English Sentences": "And saviours shall come up on mount Zion to judge the mount of Esau; and the kingdom shall be the LORD's.",
        "Wolaitta Sentences": "Hegaa gishshau, taani hagaadan yaagaas; Taani ne sinttappe wora olettaas; gidikkonne, taani ne geeshsha Beeta Maqidasiyaa zaarettada be7ana yaagaas."
    }
]