[
    {
        "English Sentences": "Now the word of the LORD came unto Jonah the son of Amittai, saying,",
        "Wolaitta Sentences": "Yo7aataami, Akaazinne Hizqqiyaasi kaalli kaallidi Yihudan kawotido wode, Mooresheta katamaa asa gidiya Mikiyaasakko yiida GODAA qaalai hagaa; i be7ido ajjuutai Samaariyaabaanne Yerusalaamebaa."
    },
    {
        "English Sentences": "Arise, go to Nineveh, that great city, and cry against it; for their wickedness is come up before me.",
        "Wolaitta Sentences": "Inttenoo, asau ubbau, siyite! Qassi sa7aunne sa7an de7iya ubbatoo, hagaa ezggite! Ubbaa Haariya GODAI intte bolli markkattees; i ba geeshsha Beeta Maqidasiyan inttebaa haasayees."
    },
    {
        "English Sentences": "But Jonah rose up to flee unto Tarshish from the presence of the LORD, and went down to Joppa; and he found a ship going to Tarshish: so he paid the fare thereof, and went down into it, to go with them unto Tarshish from the presence of the LORD.",
        "Wolaitta Sentences": "Be7ite, GODAI ba de7iyo geeshsha sohuwaappe yees; duge yiidi, deretu huuphiyan hemettees."
    },
    {
        "English Sentences": "But the LORD sent out a great wind into the sea, and there was a mighty tempest in the sea, so that the ship was like to be broken.",
        "Wolaitta Sentences": "Eessaa muqaaddai taman seeriyoogaadan, dereti a tohuwaappe garssaara seerana; eti keraappe zanggaarau duge goggiya haattaadan goggana."
    },
    {
        "English Sentences": "Then the mariners were afraid, and cried every man unto his god, and cast forth the wares that were in the ship into the sea, to lighten it of them. But Jonah was gone down into the sides of the ship; and he lay, and was fast asleep.",
        "Wolaitta Sentences": "Hagee ubbai haniyoogee Yaaqooba zaretu mooruwaa gishshaassanne Israa7eela asaa nagaraa gishshaassa. Yaaqooba zaretu mooruwaassi gaaso gididai oonee? Eta katamaa Samaariyaa gidennee? Yihudaa asai goinniyo xoqqa sohoi awee? Yerusalaame gidenneeyye?"
    },
    {
        "English Sentences": "So the shipmaster came to him, and said unto him, What meanest thou, O sleeper? arise, call upon thy God, if so be that God will think upon us, that we perish not.",
        "Wolaitta Sentences": "Hegaa gishshau, GODAI hagaadan yaagees; \"Taani Samaariyaa, dembban keelettida burcce shuchchanne woiniyaa turaa tokkiyo soho oottana. Qassi taani a shuchchaa burcciyaa duge zanggaarau olana; a baasuwaakka kalloyana."
    },
    {
        "English Sentences": "And they said every one to his fellow, Come, and let us cast lots, that we may know for whose cause this evil is upon us. So they cast lots, and the lot fell upon Jonah.",
        "Wolaitta Sentences": "A eeqa misileti ubbai kinchchettana; a eeqa keettan oottiya shaaramuxatussi imettida shaaramuxaa kerai ubbai taman xuugettana; taani a eeqata ubbaa xaissana. Aissi giikko, he kerai ubbaikka shaaramuxidi demmidobaa gidiyo gishshau, ikka qassi simmidi, hara shaaramuxeessi imettana\" yaagees."
    },
    {
        "English Sentences": "Then said they unto him, Tell us, we pray thee, for whose cause this evil is upon us; What is thine occupation? and whence comest thou? what is thy country? and of what people art thou?",
        "Wolaitta Sentences": "Hegaa gishshau, taani yeekkananne waassana; kallo xiirenne mela tohuwan hemettana; worakanaadan waassana; qassi yanchchaadankka aayyee gaana."
    },
    {
        "English Sentences": "And he said unto them, I am an Hebrew; and I fear the LORD, the God of heaven, which hath made the sea and the dry land.",
        "Wolaitta Sentences": "Aissi giikko, Samaariyaa masunttai paxanau danddayennaagaa. He tuggai Yihudaa biittaa gakkiis; qassi ta asai de7iyo Yerusalaame katamaa penggiyaakka matiis."
    },
    {
        "English Sentences": "Then were the men exceedingly afraid, and said unto him, Why hast thou done this? For the men knew that he fled from the presence of the LORD, because he had told them.",
        "Wolaitta Sentences": "Gaate kataman de7iya nu morkketuyyo hegaa odoppite; eta sinttan mule yeekkoppite. Beeti-Ofira kataman buhiyan gonddorettite."
    },
    {
        "English Sentences": "Then said they unto him, What shall we do unto thee, that the sea may be calm unto us? for the sea wrought, and was tempestuous.",
        "Wolaitta Sentences": "Inttenoo, SHafiira kataman de7iyaageetoo, kallottidi yeellatiiddi, omooduwau biite. Xaa7inaana kataman de7iyaageeti yaappe kiyanau xalokkona. Beeti-Exeela katamai yeehoi de7iyo soho gidiyo gishshau, i intteyyo attiyo soho gidanau danddayenna."
    },
    {
        "English Sentences": "And he said unto them, Take me up, and cast me forth into the sea; so shall the sea be calm unto you: for I know that for my sake this great tempest is upon you.",
        "Wolaitta Sentences": "Metoi GODAAPPE Yerusalaame pengge gakkanaashin yiido gishshau, Marootan de7iya asai, \"Lo77obai yanddeeshsha!\" giidi naagiiddi daafuriis."
    },
    {
        "English Sentences": "Nevertheless the men rowed hard to bring it to the land; but they could not: for the sea wrought, and was tempestuous against them.",
        "Wolaitta Sentences": "Inttenoo, Laakisha kataman de7iyaageetoo, gaariyaa goochchiya parata waaxite. Yerusalaame asai nagaraa oottanaadan gaaso gididai inttena; aissi giikko, Xiyoone asaa nagarai koiro intte bolli beettiis."
    },
    {
        "English Sentences": "Wherefore they cried unto the LORD, and said, We beseech thee, O LORD, we beseech thee, let us not perish for this man's life, and lay not upon us innocent blood: for thou, O LORD, hast done as it pleased thee.",
        "Wolaitta Sentences": "Hegaa gishshau, inttenoo Yihudaa asatoo, intte biiddi, Mooresheta-Gaate katamaa asaayyo imotaa immana. Akiziiba katamaa asaikka Israa7eela kawota cimmiyaageeta gidana."
    },
    {
        "English Sentences": "So they took up Jonah, and cast him forth into the sea: and the sea ceased from her raging.",
        "Wolaitta Sentences": "Inttenoo, Mareesha kataman de7iyaageetoo, GODAI inttena xooniyaagaa intte bolli ehaana; bonchchettida Israa7eela kaalettiyaageeti Adulaama gonggoluwan qosettana."
    },
    {
        "English Sentences": "Then the men feared the LORD exceedingly, and offered a sacrifice unto the LORD, and made vows.",
        "Wolaitta Sentences": "Inttenoo, Yihudaa asatoo, intte siiqiyo naati intteppe omoodettidi baanau de7iyo gishshau, intte huuphiyaa meedettite; intte huuphiyaakka ankkuwaa huuphiyaadan bo77ayite."
    },
    {
        "English Sentences": "Now the LORD had prepared a great fish to swallow up Jonah. And Jonah was in the belly of the fish three days and three nights.",
        "Wolaitta Sentences": "Iitabaa halchchiyaageetuyyo, qassi bantta hiixan de7iiddi, palabaa waati oottanaakko qoppiyaageetuyyo aayye7ana! Wolqqai eta kushiyan de7iyo gishshau, sa7ai wonttiyo wode, bantta halchchuwaa poloosona."
    },
    {
        "English Sentences": "Then Jonah prayed unto the LORD his God out of the fish's belly,",
        "Wolaitta Sentences": "Eti goshsha gadiyaa amottikko, asabaa wolqqan ekki aggoosona; keettata koyikkokka ekki aggoosona. Asa maataa yedhdhidi, a laataa coo bonqqoosona."
    },
    {
        "English Sentences": "And said, I cried by reason of mine affliction unto the LORD, and he heard me; out of the belly of hell cried I, and thou heardest my voice.",
        "Wolaitta Sentences": "Hegaa gishshau, GODAI hagaadan yaagees; \"Be7ite, taani intte bollan iitabaa ehaanau halchchais; hegaappe intte kessi ekkanau danddayekketa. Hegee iita wode gidiyo gishshau, intte otorettiiddi simerettanau danddayekketa."
    },
    {
        "English Sentences": "For thou hadst cast me into the deep, in the midst of the seas; and the floods compassed me about: all thy billows and thy waves passed over me.",
        "Wolaitta Sentences": "He gallassi eti intte bollan leemisi leemisidi qilliiccana; qassi hagaadan yaagidi zilaaliiddi, inttena baceessana; Nuuni ubbaikka muleera xayida. GODAI nu biittaa ekkidi, makkalanchchatussi shaakki shaakkidi immirggiis yaagana\" yaagees."
    },
    {
        "English Sentences": "Then I said, I am cast out of thy sight; yet I will look again toward thy holy temple.",
        "Wolaitta Sentences": "Hegaa gishshau, gadiyaa saaman shaakkiyo wode, GODAA yaa7aa giddon ne saamaa kessiya issi asinne de7enna."
    },
    {
        "English Sentences": "The waters compassed me about, even to the soul: the depth closed me round about, the weeds were wrapped about my head.",
        "Wolaitta Sentences": "Asai tana hagaadan yaagees; \"Nu bolli hananabaa yootoppa. Hagee hagee intte bolli hanana giidi ooninne haasayanau koshshenna. Hegaa mala kaushshai nu bolli mulekka yeenna\" yaagoosona."
    },
    {
        "English Sentences": "I went down to the bottoms of the mountains; the earth with her bars was about me for ever: yet hast thou brought up my life from corruption, O LORD my God.",
        "Wolaitta Sentences": "Yaagin taani eta, \"Inttenoo Yaaqooba zaretoo, GODAA Ayyaanai danddayanchcha gidenneeyye? I hegaa malabaa oottiiyye? yaagidi intte oichchanau bessii?\" yaagaas. GODAI hagaadan yaagees; \"Suure ogiyan biyaageetuyyo ta qaalai lo77obaa oottees gidennee?"
    },
    {
        "English Sentences": "When my soul fainted within me I remembered the LORD: and my prayer came in unto thee, into thine holy temple.",
        "Wolaitta Sentences": "SHin mata wodiyaappe doommidi, ta asai issoi issuwaa bolli morkkedan denddiis. Intte saro asatu maayuwaa, ola qofi mulekka bainnan ammanettidi kanttiya asatu maayuwaa qaari ekkeeta;"
    },
    {
        "English Sentences": "They that observe lying vanities forsake their own mercy.",
        "Wolaitta Sentences": "ta asaa giddon de7iya maccaasata eta lo77o keettaappe laaggidi kesseeta; ta anjjuwaakka eta naatu bollappe merinau ekkirggeeta."
    },
    {
        "English Sentences": "But I will sacrifice unto thee with the voice of thanksgiving; I will pay that that I have vowed. Salvation is of the LORD.",
        "Wolaitta Sentences": "Denddite; denddidi biite! Hagee intteyyo shemppiyo soho gidenna. Aissi giikko, ha sohoi tunatettaappe denddidaagan daro moorettiis."
    },
    {
        "English Sentences": "And the LORD spake unto the fish, and it vomited out Jonah upon the dry land.",
        "Wolaitta Sentences": "\"Issi cimmiya worddanchchai yiidi, Intteyyo sinttappe woine eessainne mattoyiya ushshai guufettana yaagidi wordduwaa hananabaa yootiyaakko, i intteyyo hananabaa yootiyaagaa gidana."
    },
    {
        "English Sentences": "And the word of the LORD came unto Jonah the second time, saying,",
        "Wolaitta Sentences": "\"Inttenoo, Yaaqooba zaretoo, taani inttena ubbaakka shiishshana; taani Israa7eela asaappe attidaageeta tumuppe muliyaakka shiishshana. Dorssati birddiyan shiiqiyoogaadaaninne dorssaa wudee hentta gaden shiiqiyoogaadan, taani eta issippe shiishshada wottana. He sohoi daro asaa wocaman kumana."
    },
    {
        "English Sentences": "Arise, go unto Nineveh, that great city, and preach unto it the preaching that I bid thee.",
        "Wolaitta Sentences": "Eta kessiyaagee etappe sinttatidi kiyana; etikka penggiyaa menttidi, hegaara kiyidi baana. GODAI ba huuphen etayyo kawo gididi, eta sinttau aadhdhidi, eta kaalettana\" yaagees."
    },
    {
        "English Sentences": "So Jonah arose, and went unto Nineveh, according to the word of the LORD. Now Nineveh was an exceeding great city of three days' journey.",
        "Wolaitta Sentences": "Taani hagaadan yaagaas; \"Inttenoo, Yaaqooba zaretu halaqatoonne Israa7eela asaa kaalettiyaageetoo, siyite! Intte suure pirddaa eranau intteyyo bessenneeyye?"
    },
    {
        "English Sentences": "And Jonah began to enter into the city a day's journey, and he cried, and said, Yet forty days, and Nineveh shall be overthrown.",
        "Wolaitta Sentences": "Intte lo77uwaa ixxidi, iitaa doseeta. Ta asaappe eta galbbaa qaareeta; eta ashuwaakka eta meqettaappe shaakkeeta."
    },
    {
        "English Sentences": "So the people of Nineveh believed God, and proclaimed a fast, and put on sackcloth, from the greatest of them even to the least of them.",
        "Wolaitta Sentences": "Intte ta asaa ashuwaa meeta; eta galbbaakka etappe qaareeta; eta meqettaa mentterettidi, eta ashuwaakka xaaruwan yegganau muxiyoogaadan muxeretteeta\" yaagaas."
    },
    {
        "English Sentences": "For word came unto the king of Nineveh, and he arose from his throne, and he laid his robe from him, and covered him with sackcloth, and sat in ashes.",
        "Wolaitta Sentences": "He wode eti GODAAKKO waassana, shin i etau zaarenna; i ba sinttaa he wode etappe qottana; aissi giikko, eti iita oosuwaa oottidosona."
    },
    {
        "English Sentences": "And he caused it to be proclaimed and published through Nineveh by the decree of the king and his nobles, saying, Let neither man nor beast, herd nor flock, taste any thing: let them not feed, nor drink water:",
        "Wolaitta Sentences": "Ba asaa wora kaalettiya hananabaa yootiyaageetubaa GODAI hagaadan yaagees; \"Intteyyo miyoobaa immiyo wode, Neeyyo sa7ai saro yaageeta; shin inttena quma mizennaagaa bolli olaa awaajjeeta."
    },
    {
        "English Sentences": "But let man and beast be covered with sackcloth, and cry mightily unto God: yea, let them turn every one from his evil way, and from the violence that is in their hands.",
        "Wolaitta Sentences": "Hegaa gishshau, intteyyo gallassai qamma gidanappe attin, ajjuutaa be7ekketa; sa7aikka xumanappe attin, naa77antto murunnekketa. Hananabaa yootiyaageetussi awai wullin, gallassai xumana."
    },
    {
        "English Sentences": "Who can tell if God will turn and repent, and turn away from his fierce anger, that we perish not?",
        "Wolaitta Sentences": "Ajjuutaa be7iyaageeti yeellatana; murunniyaageetikka kauyyana. GODAA matappe etau zaaroi bainna gishshau, eti yeellatidi, ubbaikka bantta doonaa oiqqana\" yaagees."
    },
    {
        "English Sentences": "And God saw their works, that they turned from their evil way; and God repented of the evil, that he had said that he would do unto them; and he did it not.",
        "Wolaitta Sentences": "SHin tana gidikko, taani Yaaqooba zaretussi eta mooruwaa, Israa7eela asaassikka eta nagaraa odana mala, wolqqan, GODAA Ayyaanan, suure pirddaaninne minotettan kumaas."
    },
    {
        "English Sentences": "But it displeased Jonah exceedingly, and he was very angry.",
        "Wolaitta Sentences": "Inttenoo, suure pirddaa ixxiyaanne sitta yohuwaakka geellayiya Yaaqooba zaretu halaqatoonne Israa7eela asaa haariyaageetoo, hagaa siyite."
    },
    {
        "English Sentences": "And he prayed unto the LORD, and said, I pray thee, O LORD, was not this my saying, when I was yet in my country? Therefore I fled before unto Tarshish: for I knew that thou art a gracious God, and merciful, slow to anger, and of great kindness, and repentest thee of the evil.",
        "Wolaitta Sentences": "Intte Xiyoone katamaa suuttaa gussidi keexxeeta; Yerusalaame katamaakka makkalan keexxeeta."
    },
    {
        "English Sentences": "Therefore now, O LORD, take, I beseech thee, my life from me; for it is better for me to die than to live.",
        "Wolaitta Sentences": "A halaqati mattaayiyan pirddoosona; a qeeseti damoozan tamaarissoosona; qassi a hananabaa yootiyaageetikka miishshaa qanxxin murunnoosona. SHin yaatidikka, \"GODAI nu giddon de7ees gidennee? Nu bolli aiba iitabaikka yeenna\" yaagidi an ammanettoosona."
    },
    {
        "English Sentences": "Then said the LORD, Doest thou well to be angry?",
        "Wolaitta Sentences": "Hegaa gishshau, intte gaasuwan Xiyoone katamai shooqadan goyettana; Yerusalaame katamaikka kolettidi issisan doorettida suuppa shuchcha gidana. Beeta Maqidasee keexettido sohoikka wora gidana."
    },
    {
        "English Sentences": "So Jonah went out of the city, and sat on the east side of the city, and there made him a booth, and sat under it in the shadow, till he might see what would become of the city.",
        "Wolaitta Sentences": "Wurssettaa gallassatun GODAA Beeta Maqidasee keexettido deree deretu ubbaappe xoqqidi beettana; kera ubbatuppekka bollaara xoqqu xoqqu gaana. Dere asai akko zulana."
    },
    {
        "English Sentences": "And the LORD God prepared a gourd, and made it to come up over Jonah, that it might be a shadow over his head, to deliver him from his grief. So Jonah was exceeding glad of the gourd.",
        "Wolaitta Sentences": "Daro kawotettatu asai yiidi, \"Haayite; GODAA deriyaa, Yaaqooba Xoossaa Beeta Maqidasiyaa ane pude kiyoos. I koyiyoogaadan nuuni baana mala, i nuna ba ogiyaa tamaarissana\" yaagana. Aissi giikko, higgee Xiyooneppe, GODAA qaalaikka Yerusalaameppe kiyana."
    },
    {
        "English Sentences": "But God prepared a worm when the morning rose the next day, and it smote the gourd that it withered.",
        "Wolaitta Sentences": "I daro asatu gidduwan pirddana; haahuwan de7iya mino kawotettatu palamaakka shaakkana. Eti bantta bisuwaa marasha, bantta tooraakka baaca kessanau qoxxana; kawotettai kawotettaa bolli bisuwaa denttenna. Hagaappe guyyiyan, eti muleera olaa timirttiyaa tamaarokkona."
    },
    {
        "English Sentences": "And it came to pass, when the sun did arise, that God prepared a vehement east wind; and the sun beat upon the head of Jonah, that he fainted, and wished in himself to die, and said, It is better for me to die than to live.",
        "Wolaitta Sentences": "SHin asi ubbi ba woiniyaa turaa kuwaaninne balasiyaa kuwan woppu giidi uttana; ai asinne eta yashissenna. Aissi giikko, Ubbaappe Wolqqaama GODAI hagaa haasayiis."
    },
    {
        "English Sentences": "And God said to Jonah, Doest thou well to be angry for the gourd? And he said, I do well to be angry, even unto death.",
        "Wolaitta Sentences": "Asai ubbai ba xoossaa xoossaa sunttan hemettana; shin nuuni GODAA nu Xoossaa sunttan meri merinau hemettana."
    },
    {
        "English Sentences": "Then said the LORD, Thou hast had pity on the gourd, for the which thou hast not laboured, neither madest it grow; which came up in a night, and perished in a night:",
        "Wolaitta Sentences": "GODAI hagaadan yaagees; \"He gallassi taani wobbeta shiishshana; qassi omooduwan haaho sohuwaa biidaageetanne taani tuggayidoogeetakka shiishshana."
    },
    {
        "English Sentences": "And should not I spare Nineveh, that great city, wherein are more than sixscore thousand persons that cannot discern between their right hand and their left hand; and also much cattle?",
        "Wolaitta Sentences": "Taani wobbeta wuriiddi attida atetta oottana; qassi omooduwan haaho sohuwaa biidaageetakka mino kawotetta kessana. He wodiyaappe doommada merinaa gakkanaashin, taani GODAI Xiyoone Deriyan eta bolli kawotana\" yaagees."
    }
]