[
    {
        "English Sentences": "The burden which Habakkuk the prophet did see.",
        "Wolaitta Sentences": "Hananabaa yootiya Imbbaaqoomassi GODAI ajjuutan qonccissido qaalai hagaa."
    },
    {
        "English Sentences": "O LORD, how long shall I cry, and thou wilt not hear! even cry out unto thee of violence, and thou wilt not save!",
        "Wolaitta Sentences": "Imbbaaqoomi hagaadan yaagiis; \"Abeet GODAU, neeni tana maaddanaadan taani xeesiyo wode, aude gakkanaashin siyennan ixxuutee? Qassi taani naaqettada neeyyo waassiyo wode, aude gakkanaashin ashshennan ixxuutee?"
    },
    {
        "English Sentences": "Why dost thou shew me iniquity, and cause me to behold grievance? for spoiling and violence are before me: and there are that raise up strife and contention.",
        "Wolaitta Sentences": "Ha naaquwaa tana aissi bessai? Mooruwaa xeellaidda neeni aissi co77u gaada danddayai? Bashshainne makkalai ta sinttaana; waretainne ooshshai biitta ubban dariis."
    },
    {
        "English Sentences": "Therefore the law is slacked, and judgment doth never go forth: for the wicked doth compass about the righteous; therefore wrong judgment proceedeth.",
        "Wolaitta Sentences": "Hegaa gishshau, higgee leppiis; tumi kiyi erenna. Qassi nagaranchchati xillo asata dooddi oiqqido gishshau, pirddai geellattees\" yaagiis."
    },
    {
        "English Sentences": "Behold ye among the heathen, and regard, and wonder marvellously: for I will work a work in your days, which ye will not believe, though it be told you.",
        "Wolaitta Sentences": "GODAI zaaridi ba asaa hagaadan yaagiis; \"Intte yuushuwan de7iya kawotettata xeellite! Xeellidi garamettitenne maalaalettite! Aissi giikko, intteyyo yootiyaakkokka intte ammanenna oosuwaa taani intte wodiyan oottana hanais."
    },
    {
        "English Sentences": "For, lo, I raise up the Chaldeans, that bitter and hasty nation, which shall march through the breadth of the land, to possess the dwellingplaces that are not theirs.",
        "Wolaitta Sentences": "Taani Kaladaaweta, he meqetti bainna dirbbiya asata denttais. Eti banttabaa gidenna biittaa olidi oiqqanau biitta ubban yuuyoosona."
    },
    {
        "English Sentences": "They are terrible and dreadful: their judgment and their dignity shall proceed of themselves.",
        "Wolaitta Sentences": "Eti yashissiiddinne daganttiiddi, bantta xalaalaa bonchchissiya higgiyaa kessoosona."
    },
    {
        "English Sentences": "Their horses also are swifter than the leopards, and are more fierce than the evening wolves: and their horsemen shall spread themselves, and their horsemen shall come from far; they shall fly as the eagle that hasteth to eat.",
        "Wolaitta Sentences": "Eta parati maahetuppekka aadhdhida eesanchchanne namisettida omarssa wanggireellotuppekka aadhdhida hanttaara. Eta paraasati yeddiiddi, haahosaappe yoosona; eti argganttai aibakko oiqqanau paalliyoogaadan paalloosona."
    },
    {
        "English Sentences": "They shall come all for violence: their faces shall sup up as the east wind, and they shall gather the captivity as the sand.",
        "Wolaitta Sentences": "Eta olanchchati ubbai sugettabaa oottanau bazzo carkkuwaadan carkkiiddi yoosona. Yiidi asaa omooddidi, shafiyaadan shiishshoosona."
    },
    {
        "English Sentences": "And they shall scoff at the kings, and the princes shall be a scorn unto them: they shall deride every strong hold; for they shall heap dust, and take it.",
        "Wolaitta Sentences": "Eti kawotu bolli qilliiccoosona; haariyaageetakka eti baceessoosona; qassi shuchchan direttida geessotu ubban eti miiccoosona. He geessota omooddanau eta lanqqiyan biittaa keeloosona."
    },
    {
        "English Sentences": "Then shall his mind change, and he shall pass over, and offend, imputing this his power unto his god.",
        "Wolaitta Sentences": "Hegaappe guyyiyan, eti ubbabaakka carkkuwaadan pittidi kanttana. He makkalanchchatussi eta wolqqai eta xoossaa\" yaagiis."
    },
    {
        "English Sentences": "Art thou not from everlasting, O LORD my God, mine Holy One? we shall not die. O LORD, thou hast ordained them for judgment; and, O mighty God, thou hast established them for correction.",
        "Wolaitta Sentences": "Abeet GODAU, ta Xoossau, ta Geeshshau, neeni merinaappe doommada de7iya Xoossaa gidikkii? Neeni nu Zaalla gidiyo gishshau, nuuni haiqqokko. Abeet GODAU, Kaladaaweti nuna pirddanaadan, neeni eta denttadasa; denttada wolqqaakka etau immadasa."
    },
    {
        "English Sentences": "Thou art of purer eyes than to behold evil, and canst not look on iniquity: wherefore lookest thou upon them that deal treacherously, and holdest thy tongue when the wicked devoureth the man that is more righteous than he?",
        "Wolaitta Sentences": "Ne aifeti daro geeshsha gidiyo gishshau, iitabaa xeellanau dosokkona; iitabai oosettiyo wode be7aidda co77u gaanau danddayakka. Yaatin, ha makkalanchchata aibissi co77u gaada xeellai? Nagaranchchati banttappe xilliya asata mittiyo wode aibissi co77u gai?"
    },
    {
        "English Sentences": "And makest men as the fishes of the sea, as the creeping things, that have no ruler over them?",
        "Wolaitta Sentences": "Neeni asaa abbaa moletudan, kaalettiyaabi etau bainna tiran gooshettiya meretatudan oottadasa."
    },
    {
        "English Sentences": "They take up all of them with the angle, they catch them in their net, and gather them in their drag: therefore they rejoice and are glad.",
        "Wolaitta Sentences": "Kaladaaweti dere asaa ubbaa qaphiyan qoridi kessana; eti eta bantta qeera gitiyan oiqqana; qassikka eti eta bantta wogga gitiyan buuridi shiishshana; yaatidi eti ufaittananne hashshu gaana."
    },
    {
        "English Sentences": "Therefore they sacrifice unto their net, and burn incense unto their drag; because by them their portion is fat, and their meat plenteous.",
        "Wolaitta Sentences": "Hegaa gishshau, eti bantta qeera gitiyaayyo yarshshoosona; bantta wogga gitiyaayyo ixaanaa cuwayoosona. Aissi giikko, eti ishaluwan de7iyoinne mal77uwaa miyoi he gitetu wolqqaana."
    },
    {
        "English Sentences": "Shall they therefore empty their net, and not spare continually to slay the nations?",
        "Wolaitta Sentences": "Yaatin, eti bantta bisuwaa shoddi shoddi kawotettata ubba wode qareti bainnan woriiddi de7anee?"
    },
    {
        "English Sentences": "I will stand upon my watch, and set me upon the tower, and will watch to see what he will say unto me, and what I shall answer when I am reproved.",
        "Wolaitta Sentences": "Wochchiyo adussa gimbbiyaa bolli kiya eqqada taani naagana. He sohuwan GODAI tana giyoobaanne ta maganau i immiyo zaaruwaa siyanau xeellashshana."
    },
    {
        "English Sentences": "And the LORD answered me, and said, Write the vision, and make it plain upon tables, that he may run that readeth it.",
        "Wolaitta Sentences": "GODAI taassi zaaridi, \"Woxxiya urai nabbabana mala, masettida shuchchaa bolli taani neeyyo qonccissiyo ajjuutaa orddiyan xaafa."
    },
    {
        "English Sentences": "For the vision is yet for an appointed time, but at the end it shall speak, and not lie: though it tarry, wait for it; because it will surely come, it will not tarry.",
        "Wolaitta Sentences": "Aissi giikko, ajjuutan beettidabai ba keerettida wodiyaa naagees. He ajjuutai polettiyo wodee eesuwan gakkana; worddo gididi attenna. Takkiyaabaa milatikkokka naaga; aissi giikko, i tumuppe yaana; gam77enna."
    },
    {
        "English Sentences": "Behold, his soul which is lifted up is not upright in him: but the just shall live by his faith.",
        "Wolaitta Sentences": "\"Be7a, i otorettiis; a amoikka suure gidenna; shin xilloi ba ammanuwan de7ana."
    },
    {
        "English Sentences": "Yea also, because he transgresseth by wine, he is a proud man, neither keepeth at home, who enlargeth his desire as hell, and is as death, and cannot be satisfied, but gathereth unto him all nations, and heapeth unto him all people:",
        "Wolaitta Sentences": "Duretetti asa cimmees; miishshau yaaretiya asi otorettees. I duufodan yora gidiyo gishshaunne haiqodan kalli erenna asa gidiyo gishshau, kawotettata ubbaa baayyo shiishshees; asa ubbaakka baayyo omooddees."
    },
    {
        "English Sentences": "Shall not all these take up a parable against him, and a taunting proverb against him, and say, Woe to him that increaseth that which is not his! how long? and to him that ladeth himself with thick clay!",
        "Wolaitta Sentences": "\"Omoodettida asai banttana omooddidaagaa keehippe borananne qilliiccana. Eti hagaadan yaagana; Babaa gidenna miishshaa shiishshidi koriyaagaunne aco asaappe wolqqan ekkido aquwan duretiyaagau aayye7ana! Hagee hagaadan haniiddi, aude gakkanaashin de7anee? yaagana."
    },
    {
        "English Sentences": "Shall they not rise up suddenly that shall bite thee, and awake that shall vex thee, and thou shalt be for booties unto them?",
        "Wolaitta Sentences": "Neeni etappe tal77ido asati ne akeekennan ne bolli denddidi, nena kokkorssana. Hegaappe guyyiyan, eti ne aquwaa ubbaa bonqqana."
    },
    {
        "English Sentences": "Because thou hast spoiled many nations, all the remnant of the people shall spoil thee; because of men's blood, and for the violence of the land, of the city, and of all that dwell therein.",
        "Wolaitta Sentences": "Neeni daro asaa aquwaa bonqqido gishshau, etappe attidaageeti ne aquwaa bonqqana. Aissi giikko, ne daro asaa suuttaa gussadasa; qassi sa7a ubban, katamatu bollinne etan de7iya asaa bollikka sugetta oosuwaa oottadasa."
    },
    {
        "English Sentences": "Woe to him that coveteth an evil covetousness to his house, that he may set his nest on high, that he may be delivered from the power of evil!",
        "Wolaitta Sentences": "\"Metoi nena gakkennaadan, ne keettaa xoqqa sohuwan keexxanau sugettan miishshaa shiishshiyaagoo, neeyyo aayye7ana!"
    },
    {
        "English Sentences": "Thou hast consulted shame to thy house by cutting off many people, and hast sinned against thy soul.",
        "Wolaitta Sentences": "Daro asaa ne genada xaissidoogaa gaasuwan ne so asaa kaushshadasa; neeni ne bolli bashshaa ehaadasa."
    },
    {
        "English Sentences": "For the stone shall cry out of the wall, and the beam out of the timber shall answer it.",
        "Wolaitta Sentences": "Harai atto ne keettaa gimbbiyaa shuchchaikka ne bolli waassana; waassin zabaayetikka waasuwaa allana."
    },
    {
        "English Sentences": "Woe to him that buildeth a town with blood, and stablisheth a city by iniquity!",
        "Wolaitta Sentences": "\"Katamaa makkalan baasidi, asaa suuttan keexxiyaageetoo, intteyyo aayye7ana!"
    },
    {
        "English Sentences": "Behold, is it not of the LORD of hosts that the people shall labour in the very fire, and the people shall weary themselves for very vanity?",
        "Wolaitta Sentences": "Ubbaappe Wolqqaama GODAI asai oottiyoobai ubbai tama kaho gidanaadan, qassi kawotettati ubbai daafuriyoobai coo mela gidanaadan, qofaa qachchi wottiis."
    },
    {
        "English Sentences": "For the earth shall be filled with the knowledge of the glory of the LORD, as the waters cover the sea.",
        "Wolaitta Sentences": "Aissi giikko, haattai abbaa kammiyoogaadan, GODAA bonchchuwaa eratettai sa7aa kumana."
    },
    {
        "English Sentences": "Woe unto him that giveth his neighbour drink, that puttest thy bottle to him, and makest him drunken also, that thou mayest look on their nakedness!",
        "Wolaitta Sentences": "\"Ba shooro asai kallottin be7ana giidi, ba hanqquwaa xuu7aa eta ushshidi mattoyiya urau aayye7ana!"
    },
    {
        "English Sentences": "Thou art filled with shame for glory: drink thou also, and let thy foreskin be uncovered: the cup of the LORD's right hand shall be turned unto thee, and shameful spewing shall be on thy glory.",
        "Wolaitta Sentences": "Neeni bonchchuwaa gishshaa kaushshaa maayana. Ha77i simmi laa nenoo, uya! Uyada ganddigaara! GODAASSI ushachcha kushiyan de7iya xuu7ai neekko yaana; ne bonchchoi kaushshau laamettana."
    },
    {
        "English Sentences": "For the violence of Lebanon shall cover thee, and the spoil of beasts, which made them afraid, because of men's blood, and for the violence of the land, of the city, and of all that dwell therein.",
        "Wolaitta Sentences": "Neeni Liibaanoosa xaissidoogaadan, neenikka xayana. Neeni do7ata wora wurssadasa; ha77i qassi eti nena yashissana. Aissi giikko, ne daro asaa suuttaa gussadasa; qassi sa7a ubban, katamatu bollinne etan de7iya asaa bollikka sugetta oosuwaa oottadasa."
    },
    {
        "English Sentences": "What profiteth the graven image that the maker thereof hath graven it; the molten image, and a teacher of lies, that the maker of his work trusteth therein, to make dumb idols?",
        "Wolaitta Sentences": "\"I bau eeqi ai maaddii? A asi giigissiis gidennee? Worddoppe attin, an harabi aibinne beettenna. Yaatin, a medhdhida bitanee ha ainne haasayenna eeqaa ammaniyoogee a ai maaddanaassee?"
    },
    {
        "English Sentences": "Woe unto him that saith to the wood, Awake; to the dumb stone, Arise, it shall teach! Behold, it is laid over with gold and silver, and there is no breath at all in the midst of it.",
        "Wolaitta Sentences": "Mittaappe masettidaagaa Beegotta! giyaagoo, qassi shuchchaappe masettida duudiyaa, Dendda eqqa! giyaagoo, neeyyo aayye7ana! I woni neeyyo aibakko qonccissanau danddayii? Be7a, i worqqaaninne biran sheeshshidoogaa; au shemppoi baawa."
    },
    {
        "English Sentences": "But the LORD is in his holy temple: let all the earth keep silence before him.",
        "Wolaitta Sentences": "\"SHin GODAI ba geeshsha Beeta Maqidasiyaana. Hegaa gishshau, biittan sa7an de7iya asai ubbai a sinttan co77u go\" yaagiis."
    },
    {
        "English Sentences": "A prayer of Habakkuk the prophet upon Shigionoth.",
        "Wolaitta Sentences": "Hananabaa yootiya Imbbaaqoomi mazamuredan yexxiiddi, woossido woosai hagaa:"
    },
    {
        "English Sentences": "O LORD, I have heard thy speech, and was afraid: O LORD, revive thy work in the midst of the years, in the midst of the years make known; in wrath remember mercy.",
        "Wolaitta Sentences": "Abeet GODAU, neeni kase oottidobaa taani siyada yayyaas. Abeet GODAU, nu wodiyankka he oosota zaarettada ootta; eti nu wodiyankka erettona. Neeni hanqqettiyo wode ne maarotaa qoppa."
    },
    {
        "English Sentences": "God came from Teman, and the Holy One from mount Paran. Selah. His glory covered the heavens, and the earth was full of his praise.",
        "Wolaitta Sentences": "Xoossai Temaana giyo sohuwaappe yees; he Geeshshai Paaraana Deriyaappe yees. A bonchchoi saluwaa kammiis; a galataikka sa7aa kumiis."
    },
    {
        "English Sentences": "And his brightness was as the light; he had horns coming out of his hand: and there was the hiding of his power.",
        "Wolaitta Sentences": "A phoolettaikka awaa poo7uwaa mala; a wolqqai qosetti uttido a kushiyaappe pozhzhu giya poo7oi kiyees."
    },
    {
        "English Sentences": "Before him went the pestilence, and burning coals went forth at his feet.",
        "Wolaitta Sentences": "GODAI boshaa baappe sinttau kiittees; haiquwaakka ba geeduwaa kaalettees."
    },
    {
        "English Sentences": "He stood, and measured the earth: he beheld, and drove asunder the nations; and the everlasting mountains were scattered, the perpetual hills did bow: his ways are everlasting.",
        "Wolaitta Sentences": "I eqqidi biittaa qaattiis. Qassi i xeellidi kawotettata kokkorssiis. Merinaasappe de7ida dereti meqerettidosona; qassi i eta bollan hemettiyo beniisappe de7ida keratikka laalettidosona."
    },
    {
        "English Sentences": "I saw the tents of Cushan in affliction: and the curtains of the land of Midian did tremble.",
        "Wolaitta Sentences": "Taani Toophphiyaa asai tuggatishin be7aas; Midiyaama biittaa asaikka kokkorishin be7aas."
    },
    {
        "English Sentences": "Was the LORD displeased against the rivers? was thine anger against the rivers? was thy wrath against the sea, that thou didst ride upon thine horses and thy chariots of salvation?",
        "Wolaitta Sentences": "Abeet GODAU, neeni aibissi hanqqettadii? SHaafati nena hanqqetissidonaa? Woi abbaa bolli hanqquwaa eexxa kiyadii? CHii, neeni ne paratanne ne para gaareta toggidoogee ne asaassi xoonuwaa immanaassa."
    },
    {
        "English Sentences": "Thy bow was made quite naked, according to the oaths of the tribes, even thy word. Selah. Thou didst cleave the earth with rivers.",
        "Wolaitta Sentences": "Neeni ne wonddafiyaa giigissadasa; giigissada zubbeta dukkanau dafadasa. Biittaa phalqqada haattaa kessadasa."
    },
    {
        "English Sentences": "The mountains saw thee, and they trembled: the overflowing of the water passed by: the deep uttered his voice, and lifted up his hands on high.",
        "Wolaitta Sentences": "Dereti nena be7idi, yashshau kokkoridosona; haattaa kixaikka kanttiis. Qassi haattaa ciimmatikka waassoosona; waassiiddi bantta dambbalaa haa haa darissidosona."
    },
    {
        "English Sentences": "The sun and moon stood still in their habitation: at the light of thine arrows they went, and at the shining of thy glittering spear.",
        "Wolaitta Sentences": "I dafidi yeddido zubbetu poo7uwaaninne ne tooratu phoolettan awainne aginai bantta de7iyoosan de7iyoosan eqqidosona."
    },
    {
        "English Sentences": "Thou didst march through the land in indignation, thou didst thresh the heathen in anger.",
        "Wolaitta Sentences": "Neeni hanqqettaidda biitta ubban yuuyadasa; kawotettatakka hanqquwan yedhdhadasa."
    },
    {
        "English Sentences": "Thou wentest forth for the salvation of thy people, even for salvation with thine anointed; thou woundedst the head out of the house of the wicked, by discovering the foundation unto the neck. Selah.",
        "Wolaitta Sentences": "Neeni ne asaa ashshanaunne ne tiyettidaagaa ashshanau kiyadasa; iitatu halaqaa shocadasa; a maayuwaa qaarada a kallo xiire ashshadasa."
    },
    {
        "English Sentences": "Thou didst strike through with his staves the head of his villages: they came out as a whirlwind to scatter me: their rejoicing was as to devour the poor secretly.",
        "Wolaitta Sentences": "A olanchchatu gadaawaa neeni a tooran a caddadasa. Eti nuna laalanau gotiyaadan yoosona; metootanchchaakka geeman mittanau dosoosona."
    },
    {
        "English Sentences": "Thou didst walk through the sea with thine horses, through the heap of great waters.",
        "Wolaitta Sentences": "Neeni ne paratun abbaa yedhdhaidda aadhdhiyo wode, daro haattai hoommuwaa goppu gees."
    },
    {
        "English Sentences": "When I heard, my belly trembled; my lips quivered at the voice: rottenness entered into my bones, and I trembled in myself, that I might rest in the day of trouble: when he cometh up unto the people, he will invade them with his troops.",
        "Wolaitta Sentences": "Taani hagaa ubbaa siyin, ta bollai gajigajiis; ta menttershshai kokkoriis; ta meqettaikka kokkoriis; ta tohotikka qassi gunddidosona. Nuna tuggayiyaageeta GODAI qaxxayana gakkanaashin, metuwaa gallassaa taani danddayan naagana."
    },
    {
        "English Sentences": "Although the fig tree shall not blossom, neither shall fruit be in the vines; the labour of the olive shall fail, and the fields shall yield no meat; the flock shall be cut off from the fold, and there shall be no herd in the stalls:",
        "Wolaitta Sentences": "Balasiyaa giyo mittai aifana xayikkokka, woiniyaa turan aifee xayikkokka, wogarai aifennan ixxikkokka, gadee kattaa mokkennan ixxikkokka, birddiyan dorssi xayikkokka, qassi aqon mehee xayikkokka,"
    },
    {
        "English Sentences": "Yet I will rejoice in the LORD, I will joy in the God of my salvation.",
        "Wolaitta Sentences": "hegee ubbai xayikkokka, taani GODAN ufaittana; tana ashshiya Xoossan taani ufaissaa poccu gaana."
    },
    {
        "English Sentences": "The LORD God is my strength, and he will make my feet like hinds' feet, and he will make me to walk upon mine high places. To the chief singer on my stringed instruments.",
        "Wolaitta Sentences": "Ubbaa Haariya GODAI tau wolqqa; ta tohuwaa gaaraa tohuwaadan minttees; taani xoqqa sohotun hemettanau tana danddayissees. Yexxiyaageeta kaalettiyaagaa hassayissiyoobaa: ha mazamuree diixxiyoobaa diixxiiddi yexxiyo mazamure."
    }
]