[
    {
        "English Sentences": "Simon Peter, a servant and an apostle of Jesus Christ, to them that have obtained like precious faith with us through the righteousness of God and our Saviour Jesus Christ:",
        "Wolaitta Sentences": "Taani, Yesuus Kiristtoosi kiittido PHeexiroosi, Xoossai doorido asatuyyo PHanxxoosa biittan, Galaatiyaa biittan, Qaphphadooqiyaa biittan, Isiyaa biittaaninne Bitiniyaa biittan yedettin laalettidi de7iyaageetuyyo dabddaabbiyaa xaafais."
    },
    {
        "English Sentences": "Grace and peace be multiplied unto you through the knowledge of God, and of Jesus our Lord,",
        "Wolaitta Sentences": "Yesuus Kiristtoosayyo intte azazettana malanne a suuttan geeyana mala, Xoossai Aawai doorido intteyyo ba Ayyaanan geeshshidoogeetuyyo, aaro kehatettainne sarotettai gido."
    },
    {
        "English Sentences": "According as his divine power hath given unto us all things that pertain unto life and godliness, through the knowledge of him that hath called us to glory and virtue:",
        "Wolaitta Sentences": "Nuuni Xoossaa, nu Godaa Yesuus Kiristtoosa Aawaa, ba maarotettaa daruwaadankka nuna naa77anttuwaa yelidaagaa, Yesuus Kiristtoosa haiquwaappe denttidoogan nuuyyo de7uwaa immana giidaagaa galatoos."
    },
    {
        "English Sentences": "Whereby are given unto us exceeding great and precious promises: that by these ye might be partakers of the divine nature, having escaped the corruption that is in the world through lust.",
        "Wolaitta Sentences": "Qassi Xoossai intteyyo immana daro laataa wooqqennasan, moorettennasan, woi xayennasan saluwan naagees."
    },
    {
        "English Sentences": "And beside this, giving all diligence, add to your faith virtue; and to virtue knowledge;",
        "Wolaitta Sentences": "He laatai wodiyaa wurssettan beettanau de7iya atotettaayyo Xoossaa wolqqan ammanuwan naagetti uttida inttessa."
    },
    {
        "English Sentences": "And to knowledge temperance; and to temperance patience; and to patience godliness;",
        "Wolaitta Sentences": "Ha77i guutta wodiyaayyo harai atto dumma dumma paaciyan intte paacettanau koshshikkokka, hagan daro ufaittite."
    },
    {
        "English Sentences": "And to godliness brotherly kindness; and to brotherly kindness charity.",
        "Wolaitta Sentences": "Hegee harai atto, taman yeggin xayiya worqqappekka intte ammanoi daro al77onne bali bainnaagaa gidiyoogaa bessanaassa; yaatidi Yesuus Kiristtoosi beettiyo wode, galataa, bonchchuwaanne sabaa intte ekkana."
    },
    {
        "English Sentences": "For if these things be in you, and abound, they make you that ye shall neither be barren nor unfruitful in the knowledge of our Lord Jesus Christ.",
        "Wolaitta Sentences": "Intte a be7ana xayikkokka, siiqeeta; intte ha77i a be7ana xayikkokka, ammaneeta."
    },
    {
        "English Sentences": "But he that lacketh these things is blind, and cannot see afar off, and hath forgotten that he was purged from his old sins.",
        "Wolaitta Sentences": "Qassi intte intte ammanuwau polo gidiya intte shemppuwaa atotettaa ekkiyo gishshau, yootanau danddayettenna bonchchoi kumido ufaissaa ufaitteeta."
    },
    {
        "English Sentences": "Wherefore the rather, brethren, give diligence to make your calling and election sure: for if ye do these things, ye shall never fall:",
        "Wolaitta Sentences": "Xoossai intteyyo immana aaro kehatettaabau hananabaa yootidaageeti keehi koyidi, ha atotettaabaa qoridosona."
    },
    {
        "English Sentences": "For so an entrance shall be ministered unto you abundantly into the everlasting kingdom of our Lord and Saviour Jesus Christ.",
        "Wolaitta Sentences": "Etan de7iya Kiristtoosa Ayyaanai Kiristtoosa waayiyaabaanne hegaappe guyyiyan yaana bonchchuwaabaa kasetidi markkattiiddi, aude woi waanida wodiyan yaanaakkonne akeekissidoogaadan, eti qoroosona."
    },
    {
        "English Sentences": "Wherefore I will not be negligent to put you always in remembrance of these things, though ye know them, and be established in the present truth.",
        "Wolaitta Sentences": "He hananabaa yootiyaageeti oottido oosoi inttessappe attin, eta huuphessa gidennaagaa Xoossai etayyo qonccissiis; ha77i intte siyido wonggeliyaa mishiraachchuwaa intteyyo yootida asati, banttau saluwaappe kiitettida Geeshsha Ayyaanaa wolqqan yootidosona. Hegaa kiitanchchatikka be7anau amottoosona."
    },
    {
        "English Sentences": "Yea, I think it meet, as long as I am in this tabernacle, to stir you up by putting you in remembrance;",
        "Wolaitta Sentences": "Hegaa gishshau, oosuwaa oottanau intte wozanan qoppi uttite; minnite. Yesuus Kiristtoosi beettiyo wode aaro kehatettaa ekkana giidi, kumetta ufaissan naagi uttite."
    },
    {
        "English Sentences": "Knowing that shortly I must put off this my tabernacle, even as our Lord Jesus Christ hath shewed me.",
        "Wolaitta Sentences": "Xoossau azazettite; intte kase erennan amottido amuwaa kaalloppite."
    },
    {
        "English Sentences": "Moreover I will endeavour that ye may be able after my decease to have these things always in remembrance.",
        "Wolaitta Sentences": "SHin inttena xeesida Xoossai geeshsha gididoogaadan, inttekka intte ooso ubban geeshsha gidite."
    },
    {
        "English Sentences": "For we have not followed cunningly devised fables, when we made known unto you the power and coming of our Lord Jesus Christ, but were eyewitnesses of his majesty.",
        "Wolaitta Sentences": "Xoossaa maxaafan, \"Taani geeshsha gidiyo gishshau, inttekka geeshsha gidite\" geetettidi xaafettiis."
    },
    {
        "English Sentences": "For he received from God the Father honour and glory, when there came such a voice to him from the excellent glory, This is my beloved Son, in whom I am well pleased.",
        "Wolaitta Sentences": "Asa huuphen huuphen som77o xeellennan a huuphe huuphe oosuwaadan pirddiya Xoossaa woossiiddi intte, \"Nu Aawau\" giidi a xeesiyaabaa gidikko, ha sa7aa bolli intte de7iyo wodiyan yashshatettan de7ite."
    },
    {
        "English Sentences": "And this voice which came from heaven we heard, when we were with him in the holy mount.",
        "Wolaitta Sentences": "Intte intte aawatuppe laattido pattenna de7uwaappe wozettidoogee, xayiya bira woi worqqa malaana gidennaagaa ereeta;"
    },
    {
        "English Sentences": "We have also a more sure word of prophecy; whereunto ye do well that ye take heed, as unto a light that shineth in a dark place, until the day dawn, and the day star arise in your hearts:",
        "Wolaitta Sentences": "borssoi woi qiti bainna dorssa suuttadan, al77o Kiristtoosa suuttan intte wozettideta."
    },
    {
        "English Sentences": "Knowing this first, that no prophecy of the scripture is of any private interpretation.",
        "Wolaitta Sentences": "Xoossai sa7ai merettanaappe kase Kiristtoosa doori wottiis; shin intte gishshau, ha wodiyaa wurssettan i beettiis."
    },
    {
        "English Sentences": "For the prophecy came not in old time by the will of man: but holy men of God spake as they were moved by the Holy Ghost.",
        "Wolaitta Sentences": "Intte ammanoinne intte ekkana giidi ufaissan naagi uttidobai Xoossan de7ana mala, Xoossai haiquwaappe a denttidi, ayyo bonchchuwaa immidaagan aani ammanetta."
    },
    {
        "English Sentences": "But there were false prophets also among the people, even as there shall be false teachers among you, who privily shall bring in damnable heresies, even denying the Lord that bought them, and bring upon themselves swift destruction.",
        "Wolaitta Sentences": "Tumatettaayyo intte azazettiyoogan, lo77o milatiya iitatetti bainnan, intte ishantta siiqanau intte huuphiyaa geeshshidi, issoi issuwaara minttidi wozanappe siiqettite."
    },
    {
        "English Sentences": "And many shall follow their pernicious ways; by reason of whom the way of truth shall be evil spoken of.",
        "Wolaitta Sentences": "Intte haiqqiya zareppe naa77anttuwaa yelettibeekketa; shin merinau de7iya Xoossaa qaalan haiqqenna zareppe yelettideta."
    },
    {
        "English Sentences": "And through covetousness shall they with feigned words make merchandise of you: whose judgment now of a long time lingereth not, and their damnation slumbereth not.",
        "Wolaitta Sentences": "Aissi giikko, Xoossaa maxaafai, \"Asai ubbai maataa mala; a bonchcho ubbaikka maataa ciishshaa mala. Maatai melees; ciishshaikka qoqqofettees."
    },
    {
        "English Sentences": "For if God spared not the angels that sinned, but cast them down to hell, and delivered them into chains of darkness, to be reserved unto judgment;",
        "Wolaitta Sentences": "SHin Godaa qaalai merinau de7ees\" yaagees. Hagee intteyyo odido wonggeliyaa mishiraachchuwaa qaalaa."
    },
    {
        "English Sentences": "And spared not the old world, but saved Noah the eighth person, a preacher of righteousness, bringing in the flood upon the world of the ungodly;",
        "Wolaitta Sentences": "Hegaa gishshau, intteppe iitatetta ubbaa, cimo ubbaa, lo77o milatiya iitatetta, qanaatenne zigirssa ubbaa diggite."
    },
    {
        "English Sentences": "And turning the cities of Sodom and Gomorrha into ashes condemned them with an overthrow, making them an ensample unto those that after should live ungodly;",
        "Wolaitta Sentences": "Godai keha gididoogaa intte eridobaa gidikko, ha77i yelettida gacino naatudan,"
    },
    {
        "English Sentences": "And delivered just Lot, vexed with the filthy conversation of the wicked:",
        "Wolaitta Sentences": "uyiiddi diccanaunne attanau Xoossaa geeshsha qaalaa maattaa ubba wode laamotite."
    },
    {
        "English Sentences": "(For that righteous man dwelling among them, in seeing and hearing, vexed his righteous soul from day to day with their unlawful deeds;)",
        "Wolaitta Sentences": "Godaakko de7o shuchchaakko shiiqite. Asi a ixxiis; shin Xoossaa matan i doorettida al77o."
    },
    {
        "English Sentences": "The Lord knoweth how to deliver the godly out of temptations, and to reserve the unjust unto the day of judgment to be punished:",
        "Wolaitta Sentences": "Inttekka qassi de7o shuchchadan, geeshsha qeese gididi, Yesuus Kiristtoosa baggaara Xoossaa ufaissiya ayyaanaa yarshshuwaa Xoossaayyo yarshshanau, intte intte huuphen ayyaana keettadan keexettite."
    },
    {
        "English Sentences": "But chiefly them that walk after the flesh in the lust of uncleanness, and despise government. Presumptuous are they, selfwilled, they are not afraid to speak evil of dignities.",
        "Wolaitta Sentences": "Aissi giikko, Xoossaa maxaafai, \"Be7ite, taani Xiyoone giyo kataman keettaa godaa xaphuwaa minttiya, doorettida, al77o shuchchaa wottais; aani ammaniya ooninne yeellatenna\" yaagees."
    },
    {
        "English Sentences": "Whereas angels, which are greater in power and might, bring not railing accusation against them before the Lord.",
        "Wolaitta Sentences": "Hegaa gishshau, ha shuchchai intteyyo ammaniyaageetuyyo daro al77o; shin ammanennaageetuyyo, \"Gimbbiyaageeti karidi ixxido shuchchai godaa xaphuwaa minttiya, ubbaappe aadhdhiya shuchcha gidiis\" yaagees."
    },
    {
        "English Sentences": "But these, as natural brute beasts, made to be taken and destroyed, speak evil of the things that they understand not; and shall utterly perish in their own corruption;",
        "Wolaitta Sentences": "Qassikka, \"Ha shuchchai asa xubbiya shuchchanne asa ooggiya zaalla\" yaagees; eti Xoossaa qaalaa ammanenna gishshau, i etau qoppidoogaadankka xubettoosona."
    },
    {
        "English Sentences": "And shall receive the reward of unrighteousness, as they that count it pleasure to riot in the day time. Spots they are and blemishes, sporting themselves with their own deceivings while they feast with you;",
        "Wolaitta Sentences": "SHin Xoossai xumaappe garamissiya ba poo7uwau inttena xeesiis; intte a ooratta oosuwaa yootanau doorettida zare; intte kawo qeeseta; geeshsha asanne Xoossaassi buzo asa."
    },
    {
        "English Sentences": "Having eyes full of adultery, and that cannot cease from sin; beguiling unstable souls: an heart they have exercised with covetous practices; cursed children:",
        "Wolaitta Sentences": "Intte kase Xoossaa asa gidekketa; shin ha77i intte a asa; intte kase maarotettaa ekkibeekketa; shin ha77i maarotettaa ekkideta."
    },
    {
        "English Sentences": "Which have forsaken the right way, and are gone astray, following the way of Balaam the son of Bosor, who loved the wages of unrighteousness;",
        "Wolaitta Sentences": "Ta dabbotoo, intte ha sa7an imattanne yedettin asasan de7iyaageeta gididoogaadan, ubba wode intte shemppuwaara olettiya asatettaa amuwaappe intte haakkana mala, taani inttena woossais."
    },
    {
        "English Sentences": "But was rebuked for his iniquity: the dumb ass speaking with man's voice forbad the madness of the prophet.",
        "Wolaitta Sentences": "Aihuda gidenna asai inttena iitabaa oottiyaageetudan zigiriyo wode, Kiristtoosi yiyo gallassi intte lo77o oosuwaa eti akeekidi, Xoossaa galatana mala, intte de7uwaa eta giddon loitti naagite."
    },
    {
        "English Sentences": "These are wells without water, clouds that are carried with a tempest; to whom the mist of darkness is reserved for ever.",
        "Wolaitta Sentences": "Godaa gishshau, asa higge ubbaayyo haarettite; kawoikka ubbaappe bolla gidiyo gishshau, ayyo haarettite."
    },
    {
        "English Sentences": "For when they speak great swelling words of vanity, they allure through the lusts of the flesh, through much wantonness, those that were clean escaped from them who live in error.",
        "Wolaitta Sentences": "Qassi deriyaa haariyaageetuyyookka haarettite. Aissi giikko, eti iitabaa oottiyaageeta qaxxayanaunne lo77obaa oottiyaageeta galatanau kawoppe kiitettidosona."
    },
    {
        "English Sentences": "While they promise them liberty, they themselves are the servants of corruption: for of whom a man is overcome, of the same is he brought in bondage.",
        "Wolaitta Sentences": "Aissi giikko, Xoossai intte intte lo77o oosuwan erenna eeyya asaa haasayaa co77u oottanaagaa koyees."
    },
    {
        "English Sentences": "For if after they have escaped the pollutions of the world through the knowledge of the Lord and Saviour Jesus Christ, they are again entangled therein, and overcome, the latter end is worse with them than the beginning.",
        "Wolaitta Sentences": "Ailletettaappe kiyidi, Xoossaa ailledan de7iteppe attin, he ailletettaappe kiyidoogaa iitatetta genttiyoobaa oottoppite."
    },
    {
        "English Sentences": "For it had been better for them not to have known the way of righteousness, than, after they have known it, to turn from the holy commandment delivered unto them.",
        "Wolaitta Sentences": "Asa ubbaa bonchchite. Intte ishantta siiqite. Xoossau yayyite. Kawo bonchchite."
    },
    {
        "English Sentences": "But it is happened unto them according to the true proverb, The dog is turned to his own vomit again; and the sow that was washed to her wallowing in the mire.",
        "Wolaitta Sentences": "Ashkkaratoo, intte lo77o godatu xalaalaayyoonne ashkke godatu xalaalaayyo gidennan, iitatuyyookka daro yayyidi haarettite."
    },
    {
        "English Sentences": "This second epistle, beloved, I now write unto you; in both which I stir up your pure minds by way of remembrance:",
        "Wolaitta Sentences": "Aissi giikko, asi naaqqiyo wode waayettiya urai Xoossaa qoppiiddi, waayiyaa danddayikko, Xoossai a anjjana."
    },
    {
        "English Sentences": "That ye may be mindful of the words which were spoken before by the holy prophets, and of the commandment of us the apostles of the Lord and Saviour:",
        "Wolaitta Sentences": "Aissi giikko, intte nagara oottin, inttena dechchiyo wode, intte danddayikko, intteyyo ai galati de7ii? SHin lo77obaa oottidi waayiyaa intte danddayikko, Xoossai inttena hegau anjjana."
    },
    {
        "English Sentences": "Knowing this first, that there shall come in the last days scoffers, walking after their own lusts,",
        "Wolaitta Sentences": "Xoossai inttena xeesidoogee hegaa gishshassa; aissi giikko, Kiristtoosi intteyyo waayettiis; intte a kaallana mala, intteyyo leemiso gidiis."
    },
    {
        "English Sentences": "And saying, Where is the promise of his coming? for since the fathers fell asleep, all things continue as they were from the beginning of the creation.",
        "Wolaitta Sentences": "Nagara i oottibeenna; ba doonankka worddo haasayibeenna."
    },
    {
        "English Sentences": "For this they willingly are ignorant of, that by the word of God the heavens were of old, and the earth standing out of the water and in the water:",
        "Wolaitta Sentences": "Asi bana cayiyo wode, zaaridi cayibeenna; waayettiyo wodekka manddibeenna. SHin xillo pirddiya Xoossaayyo bana aattidi immiis."
    },
    {
        "English Sentences": "Whereby the world that then was, being overflowed with water, perished:",
        "Wolaitta Sentences": "Nuuni nagarau haiqqidi, xillotettau de7ana mala, Kiristtoosi ba huuphen ba ashuwan nu nagaraa masqqaliyan tookkiis; intte a masunttan paxideta."
    },
    {
        "English Sentences": "But the heavens and the earth, which are now, by the same word are kept in store, reserved unto fire against the day of judgment and perdition of ungodly men.",
        "Wolaitta Sentences": "Aissi giikko, intte oge balida dorssa mala; shin ha77i intte shemppuwaa heemmiyaagaakkonne naagiyaagaakko simmideta."
    },
    {
        "English Sentences": "But, beloved, be not ignorant of this one thing, that one day is with the Lord as a thousand years, and a thousand years as one day.",
        "Wolaitta Sentences": "Hegaadankka maccaasatoo, intte azinatuppe Xoossaa qaalau azazettenna issooti issooti de7ikkokka, intte palamettennan, eti"
    },
    {
        "English Sentences": "The Lord is not slack concerning his promise, as some men count slackness; but is longsuffering to us-ward, not willing that any should perish, but that all should come to repentance.",
        "Wolaitta Sentences": "intte yashshatettaanne intte geeshsha de7uwaa be7idi ammanana mala, etau haarettite."
    },
    {
        "English Sentences": "But the day of the Lord will come as a thief in the night; in the which the heavens shall pass away with a great noise, and the elements shall melt with fervent heat, the earth also and the works that are therein shall be burned up.",
        "Wolaitta Sentences": "Intte intte huuphe pixiyoogaaninne worqqa wottiyoogan woi lo77o maayo maayiyoogan intteyyo bolla baggaa loittoppite."
    },
    {
        "English Sentences": "Seeing then that all these things shall be dissolved, what manner of persons ought ye to be in all holy conversation and godliness,",
        "Wolaitta Sentences": "SHin intte wozana giddon de7iya lo77otettai Xoossaa sinttan intteyyo daro al77o gididi, xayenna ashkkenne woppu giida ayyaana gido."
    },
    {
        "English Sentences": "Looking for and hasting unto the coming of the day of God, wherein the heavens being on fire shall be dissolved, and the elements shall melt with fervent heat?",
        "Wolaitta Sentences": "Aissi giikko, hegaadan Xoossai immana giidoogaa ammanida geeshsha maccaasati beni wode bantta azinatuyyo haarettidi, banttana hegaadan daro loittidosona."
    },
    {
        "English Sentences": "Nevertheless we, according to his promise, look for new heavens and a new earth, wherein dwelleth righteousness.",
        "Wolaitta Sentences": "Hegaadan Saara Abrahaama, \"Ta godau\" yaagada xeesaidda, ayyo azazettaasu; inttekka issibaunne yayyennan lo77obaa oottikko, i naata."
    },
    {
        "English Sentences": "Wherefore, beloved, seeing that ye look for such things, be diligent that ye may be found of him in peace, without spot, and blameless.",
        "Wolaitta Sentences": "Hegaadan azinatoo, intte maccaasati daafuranchcha mereta gidiyoogaa eridi, etaara issippe de7ite; intte woosai xubettenna mala, Xoossai immido de7uwaa aaro kehatettaa eti inttenaara issippe laattiyo gishshau, eta bonchchite."
    },
    {
        "English Sentences": "And account that the longsuffering of our Lord is salvation; even as our beloved brother Paul also according to the wisdom given unto him hath written unto you;",
        "Wolaitta Sentences": "Hegaappe aadhdhiyaabaa gidikko, ubbai issi qofan de7ite. Issoi issuwau qarettidi, ishanttudan siiqettite; qassi issoi issuwau kehiyaageetanne intte huuphiyaa kaushshiyaageeta gidite."
    },
    {
        "English Sentences": "As also in all his epistles, speaking in them of these things; in which are some things hard to be understood, which they that are unlearned and unstable wrest, as they do also the other scriptures, unto their own destruction.",
        "Wolaitta Sentences": "Iitaa gishshaa iitaa woi cashshaa gishshaa cashshaa zaaroppite; hegaa aggidi, Xoossai intteyyo anjjuwaa immanau inttena xeesido gishshau anjjite."
    },
    {
        "English Sentences": "Ye therefore, beloved, seeing ye know these things before, beware lest ye also, being led away with the error of the wicked, fall from your own stedfastness.",
        "Wolaitta Sentences": "Aissi giikko, Xoossaa maxaafai hagaadan yaagees; \"De7o dosiyainne lo77o wodiyaa be7anau koyiyai oona gidikkonne ba inxxarssan iitabaa haasayiyoogaanne worddo yootiyoogaa aggo."
    },
    {
        "English Sentences": "But grow in grace, and in the knowledge of our Lord and Saviour Jesus Christ. To him be glory both now and for ever. Amen.",
        "Wolaitta Sentences": "Iitabaa oottiyoogaa aggidi, lo77obaa ootto; sarotettaakka keehi koyonne a kaallo."
    }
]