[
    {
        "English Sentences": "Peter, an apostle of Jesus Christ, to the strangers scattered throughout Pontus, Galatia, Cappadocia, Asia, and Bithynia,",
        "Wolaitta Sentences": "Taani Yaaqoobi Xoossaa ailleenne Godaa Yesuus Kiristtoosa aillee, biitta ubban laalettida tammanne naa77u zerettatuyyo sarotaa kiittais."
    },
    {
        "English Sentences": "Elect according to the foreknowledge of God the Father, through sanctification of the Spirit, unto obedience and sprinkling of the blood of Jesus Christ: Grace unto you, and peace, be multiplied.",
        "Wolaitta Sentences": "Ta ishatoo, intte ammanoi paacettiyoogee intteyyo danddayaa immanaagaa eridi,"
    },
    {
        "English Sentences": "Blessed be the God and Father of our Lord Jesus Christ, which according to his abundant mercy hath begotten us again unto a lively hope by the resurrection of Jesus Christ from the dead,",
        "Wolaitta Sentences": "dumma dumma paacee inttena gakkiyo wode, hegaa kumetta ufaissadan qoodite."
    },
    {
        "English Sentences": "To an inheritance incorruptible, and undefiled, and that fadeth not away, reserved in heaven for you,",
        "Wolaitta Sentences": "Intte danddayai aibinne bali bainnan inttena zawatidaageetanne paci bainnaageeta oottidi, ba oosuwaa polo."
    },
    {
        "English Sentences": "Who are kept by the power of God through faith unto salvation ready to be revealed in the last time.",
        "Wolaitta Sentences": "SHin intteppe ooninne baayyo aadhdhida eratettai xayikko, borennan ubbau kehatettan immiya Xoossaa woosso. I ayyo immana."
    },
    {
        "English Sentences": "Wherein ye greatly rejoice, though now for a season, if need be, ye are in heaviness through manifold temptations:",
        "Wolaitta Sentences": "SHin i aibiininne sirennan ammanuwan Xoossaa woosso. Aissi giikko, siriya urai carkkoi sugin qaaxxiya abbaa beetaa mala."
    },
    {
        "English Sentences": "That the trial of your faith, being much more precious than of gold that perisheth, though it be tried with fire, might be found unto praise and honour and glory at the appearing of Jesus Christ:",
        "Wolaitta Sentences": "Aissi giikko, naa77u qofai de7iyo urai, ba oge ubban ba qofaa qachchennaagee,"
    },
    {
        "English Sentences": "Whom having not seen, ye love; in whom, though now ye see him not, yet believing, ye rejoice with joy unspeakable and full of glory:",
        "Wolaitta Sentences": "he urai Godaappe ainne demmanau qoppoppo."
    },
    {
        "English Sentences": "Receiving the end of your faith, even the salvation of your souls.",
        "Wolaitta Sentences": "SHin hiyyeesa ishai Xoossai a xoqqu oottido wode ufaitto; qassi dure ishaikka Xoossai a ziqqi oottido wode ufaitto."
    },
    {
        "English Sentences": "Of which salvation the prophets have enquired and searched diligently, who prophesied of the grace that should come unto you:",
        "Wolaitta Sentences": "Aissi giikko, dure bitanee maata giddon dicciya ciishshadan xayana."
    },
    {
        "English Sentences": "Searching what, or what manner of time the Spirit of Christ which was in them did signify, when it testified beforehand the sufferings of Christ, and the glory that should follow.",
        "Wolaitta Sentences": "Aissi giikko, awai ba mishuwaara kiyidi, maataa melissin, ciishshai xayees; qassi a meraa lo77otettaikka xayees; hegaadankka qassi dure bitanee babaa oottiiddi xayana."
    },
    {
        "English Sentences": "Unto whom it was revealed, that not unto themselves, but unto us they did minister the things, which are now reported unto you by them that have preached the gospel unto you with the Holy Ghost sent down from heaven; which things the angels desire to look into.",
        "Wolaitta Sentences": "Waayiyan gencciya urai anjjettidaagaa; aissi giikko, he waayiyaa xoonidoogaappe guyyiyan, Xoossai bana siiqiyaageetuyyo immana giido de7uwaa akiliiliyaa i ekkana."
    },
    {
        "English Sentences": "Wherefore gird up the loins of your mind, be sober, and hope to the end for the grace that is to be brought unto you at the revelation of Jesus Christ;",
        "Wolaitta Sentences": "Ooninne paacettido wode, \"Tana Xoossai paaccees\" gooppo. Aissi giikko, Xoossai iitan paacettanau danddayenna; qassi i ba huuphen oonanne paaccenna."
    },
    {
        "English Sentences": "As obedient children, not fashioning yourselves according to the former lusts in your ignorance:",
        "Wolaitta Sentences": "SHin asi huuphiyan huuphiyan ba huuphe iita amuwan gooshettiyo wodenne cimettiyo wode paacettees."
    },
    {
        "English Sentences": "But as he which hath called you is holy, so be ye holy in all manner of conversation;",
        "Wolaitta Sentences": "Hegaappe guyyiyan, amoi shahaaridi, nagaraa yelees; qassi nagarai diccidi, haiquwaa yelees."
    },
    {
        "English Sentences": "Because it is written, Be ye holy; for I am holy.",
        "Wolaitta Sentences": "Ta siiqo ishatoo, cimettoppite."
    },
    {
        "English Sentences": "And if ye call on the Father, who without respect of persons judgeth according to every man's work, pass the time of your sojourning here in fear:",
        "Wolaitta Sentences": "Lo77o imo ubbainne kumetta woito ubbai saluwaappe yees. Saluwaa poo7uwaa medhdhida Xoossaappe yees; Xoossai ba huuphen dummatennanne woi mirqqidi xumissenna."
    },
    {
        "English Sentences": "Forasmuch as ye know that ye were not redeemed with corruptible things, as silver and gold, from your vain conversation received by tradition from your fathers;",
        "Wolaitta Sentences": "Nuuni i medhdhido meretatu giddon Xoqqasaa ekkanaadan, nuna ba sheniyan tumu qaalan yeliis."
    },
    {
        "English Sentences": "But with the precious blood of Christ, as of a lamb without blemish and without spot:",
        "Wolaitta Sentences": "Hegaa gishshau, ta siiqo ishatoo, hagaa hassayite; asai ubbai siyanau eesoto; shin haasayanaunne hanqqettanau eesotoppo."
    },
    {
        "English Sentences": "Who verily was foreordained before the foundation of the world, but was manifest in these last times for you,",
        "Wolaitta Sentences": "Aissi giikko, asa hanqqoi Xoossai koyiyo xillotettaa eheenna."
    },
    {
        "English Sentences": "Who by him do believe in God, that raised him up from the dead, and gave him glory; that your faith and hope might be in God.",
        "Wolaitta Sentences": "Hegaa gishshau, tuna hanota ubbaanne iitatetta ubbaa intteppe xaissidi, Xoossai intte wozanan tookkido intte shemppuwaa ashshanau danddayiya qaalaa ashkketettan ekkite."
    },
    {
        "English Sentences": "Seeing ye have purified your souls in obeying the truth through the Spirit unto unfeigned love of the brethren, see that ye love one another with a pure heart fervently:",
        "Wolaitta Sentences": "SHin Xoossaa qaalaa oottiteppe attin, sissa xallan intte huuphiyaa cimmoppite."
    },
    {
        "English Sentences": "Being born again, not of corruptible seed, but of incorruptible, by the word of God, which liveth and abideth for ever.",
        "Wolaitta Sentences": "Aissi giikko, qaalaa siyidi oottenna urai de7ikko, i ba meraa heregan xeelliya uraa mala."
    },
    {
        "English Sentences": "For all flesh is as grass, and all the glory of man as the flower of grass. The grass withereth, and the flower thereof falleth away:",
        "Wolaitta Sentences": "I bana xeellidi bees; biidi sohuwaarakka i ai malakkonne dogi aggees."
    },
    {
        "English Sentences": "But the word of the Lord endureth for ever. And this is the word which by the gospel is preached unto you.",
        "Wolaitta Sentences": "SHin ooninne ailletettaappe kessiya bali bainna higgiyaa xeellidi, aani aqiyaagee qassi a naagiyaagee, siyidoogaakka dogennaagee, he urai ba oottiyo oosuwan anjjettana."
    },
    {
        "English Sentences": "Wherefore laying aside all malice, and all guile, and hypocrisies, and envies, and all evil speakings,",
        "Wolaitta Sentences": "Ba inxxarssaa naagennan bana cimmiiddi, bau Xoossaa ammaniyoobaa milatiyo urai de7ikko, a ammanoi mela."
    },
    {
        "English Sentences": "As newborn babes, desire the sincere milk of the word, that ye may grow thereby:",
        "Wolaitta Sentences": "Xoossaa Aawaa sinttan pokkoi bainna geeshsha ammanoi hagaa; hegee augee giikko, aaya aawi bainna naatanne waayettiya am77eta maaddanaagaanne sa7aa nagaraa qitaappe ba huuphiyaa naaganaagaa."
    },
    {
        "English Sentences": "If so be ye have tasted that the Lord is gracious.",
        "Wolaitta Sentences": "Ta ishatoo, intte nu bonchcho Godaa Yesuus Kiristtoosa ammaniiddi, som77o xeellidi, asa bonchchoppite."
    },
    {
        "English Sentences": "To whom coming, as unto a living stone, disallowed indeed of men, but chosen of God, and precious,",
        "Wolaitta Sentences": "Aissi giikko, worqqa migido wottidi, lo77o maayo maayida issi asi intte shiiquwaa yiikko, qassi curqqa maayo maayida hiyyeesa asikka yiikko,"
    },
    {
        "English Sentences": "Ye also, as lively stones, are built up a spiritual house, an holy priesthood, to offer up spiritual sacrifices, acceptable to God by Jesus Christ.",
        "Wolaitta Sentences": "lo77o maayuwaa maayida bitaniyaa intte aatti bonchchidi a, \"Neeni hagan ubbaappe lo77iya oidiyan utta\" giidi qassi hiyyeesa bitaniyaa, \"Neeni hinin eqqashsha; woi hagan ta tohuwaa matan sa7an utta\" giikko,"
    },
    {
        "English Sentences": "Wherefore also it is contained in the scripture, Behold, I lay in Sion a chief corner stone, elect, precious: and he that believeth on him shall not be confounded.",
        "Wolaitta Sentences": "yaatin intte intte giddon shaahotettaa medhdhiyaageetanne iita qofaara de7iya daannata gidekketiiyye?"
    },
    {
        "English Sentences": "Unto you therefore which believe he is precious: but unto them which be disobedient, the stone which the builders disallowed, the same is made the head of the corner,",
        "Wolaitta Sentences": "Ta siiqo ishatoo, siyite; Xoossai ha sa7an de7iya hiyyeesa asai ammanuwan duretanaunne bana siiqiyaageetuyyo immana giido saluwaa kawotettaa laattanau dooribeenneeyye?"
    },
    {
        "English Sentences": "And a stone of stumbling, and a rock of offence, even to them which stumble at the word, being disobedient: whereunto also they were appointed.",
        "Wolaitta Sentences": "SHin intte hiyyeesata toochchideta. Dureti inttena tuggayiyaageeta gidokkonaayye? Eti inttena daannan mootiyaageeta gidokkonaayye?"
    },
    {
        "English Sentences": "But ye are a chosen generation, a royal priesthood, an holy nation, a peculiar people; that ye should shew forth the praises of him who hath called you out of darkness into his marvellous light:",
        "Wolaitta Sentences": "Intteyyo imettida lo77o sunttaa cayiyaageeti eta gidokkonaayye?"
    },
    {
        "English Sentences": "Which in time past were not a people, but are now the people of God: which had not obtained mercy, but now have obtained mercy.",
        "Wolaitta Sentences": "SHin Xoossaa maxaafan, \"Ne shooruwaa ne huuphedan siiqa\" geetettidi xaafettida kawo higgiyaa intte polikko, lo77obaa ootteeta."
    },
    {
        "English Sentences": "Dearly beloved, I beseech you as strangers and pilgrims, abstain from fleshly lusts, which war against the soul;",
        "Wolaitta Sentences": "SHin intte asa som77o xeellidi bonchchikko, nagaraa ootteeta; qassi higgee intte bolli higgiyaa menttidaageetudan pirddana."
    },
    {
        "English Sentences": "Having your conversation honest among the Gentiles: that, whereas they speak against you as evildoers, they may by your good works, which they shall behold, glorify God in the day of visitation.",
        "Wolaitta Sentences": "Aissi giikko, ooninne higge ubbaa naagidi, issinno menttiyaabaa gidikko, he urai higge ubbaa menttees."
    },
    {
        "English Sentences": "Submit yourselves to every ordinance of man for the Lord's sake: whether it be to the king, as supreme;",
        "Wolaitta Sentences": "Aissi giikko, \"SHaaramuxoppa\" giidaagee qassi \"Woroppa\" giis; shin neeni shaaramuxana xayikkokka, woridabaa gidikko, higgiyaa menttadasa."
    },
    {
        "English Sentences": "Or unto governors, as unto them that are sent by him for the punishment of evildoers, and for the praise of them that do well.",
        "Wolaitta Sentences": "Asa ailletettaappe kessiya higgiyan pirddaa ekkana asatudan haasayitenne etaagaadan oottite."
    },
    {
        "English Sentences": "For so is the will of God, that with well doing ye may put to silence the ignorance of foolish men:",
        "Wolaitta Sentences": "Aissi giikko, asa maaribeenna uraa Xoossai maarennan pirddana; maarotettai pirddaa xoonees."
    },
    {
        "English Sentences": "As free, and not using your liberty for a cloke of maliciousness, but as the servants of God.",
        "Wolaitta Sentences": "Ta ishatoo, issi urai baayyo ammanoi de7ees giikko, qassi a ammanuwaa a oosoi erissana xayikko, a ai go77anee? A ammanoi a ashshanau danddayii?"
    },
    {
        "English Sentences": "Honour all men. Love the brotherhood. Fear God. Honour the king.",
        "Wolaitta Sentences": "Issi ishai, woi issi michchiyaa kallottikko, qassi etau ubba gallassi miyoobi xayikko,"
    },
    {
        "English Sentences": "Servants, be subject to your masters with all fear; not only to the good and gentle, but also to the froward.",
        "Wolaitta Sentences": "Intteppe issi urai eta, \"Saro biite. Tamaa ho77ite. Kallidi miite\" giidi, etau koshshiyaabaa immana xayikko, eta ai go77anee?"
    },
    {
        "English Sentences": "For this is thankworthy, if a man for conscience toward God endure grief, suffering wrongfully.",
        "Wolaitta Sentences": "Hegaa gishshau, ammanoi oosoi bainnan barkka de7ikko haiqqidaagaa."
    },
    {
        "English Sentences": "For what glory is it, if, when ye be buffeted for your faults, ye shall take it patiently? but if, when ye do well, and suffer for it, ye take it patiently, this is acceptable with God.",
        "Wolaitta Sentences": "SHin issi urai, \"Neessi ammanoi de7ees; qassi taassi oosoi de7ees. Neeni ne ammanuwaa ne oosuwaappe shaakkada tana bessa; taanikka ta ammanuwaa ta oosuwan nena bessana\" gaana."
    },
    {
        "English Sentences": "For even hereunto were ye called: because Christ also suffered for us, leaving us an example, that ye should follow his steps:",
        "Wolaitta Sentences": "Neeni issi Xoossai de7iyoogaa ammanaasa; hegee lo77o. Xalahetikka qassi ammanoosona; yashshan kokkoroosona."
    },
    {
        "English Sentences": "Who did no sin, neither was guile found in his mouth:",
        "Wolaitta Sentences": "Neeni eeyyai! Ammanoi oosuwaappe shaahettidi go77ennaagaa eranau koyai?"
    },
    {
        "English Sentences": "Who, when he was reviled, reviled not again; when he suffered, he threatened not; but committed himself to him that judgeth righteously:",
        "Wolaitta Sentences": "Nu aawai Abrahaami ba na7aa Yisaaqa yarshshiyoosaa bolli wottido wode, ba oosuwan xillibeennee?"
    },
    {
        "English Sentences": "Who his own self bare our sins in his own body on the tree, that we, being dead to sins, should live unto righteousness: by whose stripes ye were healed.",
        "Wolaitta Sentences": "A ammanoinne a oosoi issippe oottidoogaanne a ammanoi a oosuwan polettidoogaa be7ikkii?"
    },
    {
        "English Sentences": "For ye were as sheep going astray; but are now returned unto the Shepherd and Bishop of your souls.",
        "Wolaitta Sentences": "Xoossaa maxaafai \"Abrahaami Xoossaa ammaniis. Xoossaikka hegaa ayyo xillotettan qoodiis\" giidoogee polettiis; qassi Xoossaa dabbo geetettidi i xeesettiis."
    },
    {
        "English Sentences": "Likewise, ye wives, be in subjection to your own husbands; that, if any obey not the word, they also may without the word be won by the conversation of the wives;",
        "Wolaitta Sentences": "Asi ammano xalaalaana gidennan, oosuwan xilliyoogaa intte be7eeta."
    },
    {
        "English Sentences": "While they behold your chaste conversation coupled with fear.",
        "Wolaitta Sentences": "Hegaadankka qassi shaaramuxiyaa Ra7aaba kiitettiyaageeta mokkada hara ogiyaara eta moissido wode, ba oosuwan xillabeikke?"
    },
    {
        "English Sentences": "Whose adorning let it not be that outward adorning of plaiting the hair, and of wearing of gold, or of putting on of apparel;",
        "Wolaitta Sentences": "Aissi giikko, shemppoi shaahettido bollai haiqqidaagaa gidiyoogaadan, hegaadankka qassi oosoi shaahettido ammanoi haiqqidaagaa."
    },
    {
        "English Sentences": "But let it be the hidden man of the heart, in that which is not corruptible, even the ornament of a meek and quiet spirit, which is in the sight of God of great price.",
        "Wolaitta Sentences": "Ta ishatoo, nuuni haratuppe aadhdhiya pirddaa ekkanaagaa intte eriyo gishshau, intteppe daroti tamaarissiyaageeta gidoppite."
    },
    {
        "English Sentences": "For after this manner in the old time the holy women also, who trusted in God, adorned themselves, being in subjection unto their own husbands:",
        "Wolaitta Sentences": "Nuuni ubbaikka daroban baleettees; issi urai ba haasayan mulekka balana xayikko, i bana naaganau danddayiya bali bainna asa."
    },
    {
        "English Sentences": "Even as Sara obeyed Abraham, calling him lord: whose daughters ye are, as long as ye do well, and are not afraid with any amazement.",
        "Wolaitta Sentences": "Parati nuuyyo azazettana mala, bixaalaa barssidi, nuuni koyiyoosaa ubbaa eta efeettees."
    },
    {
        "English Sentences": "Likewise, ye husbands, dwell with them according to knowledge, giving honour unto the wife, as unto the weaker vessel, and as being heirs together of the grace of life; that your prayers be not hindered.",
        "Wolaitta Sentences": "Be7ite, markkabetikka qassi hegaa keena gita gidiiddi, gote carkkuwan laagettikkokka, eta laaggiyaagee ba koyiyoosaa zaaridi laaggiyo qii guutta mittan laagettidi boosona."
    },
    {
        "English Sentences": "Finally, be ye all of one mind, having compassion one of another, love as brethren, be pitiful, be courteous:",
        "Wolaitta Sentences": "Hegaadan inxxarssai bollaa giddon guutta qommo gidikkokka, daro gitaban ceeqettees. Guutta tamai waanida gita woraa xuuggii! Akeekite."
    },
    {
        "English Sentences": "Not rendering evil for evil, or railing for railing: but contrariwise blessing; knowing that ye are thereunto called, that ye should inherit a blessing.",
        "Wolaitta Sentences": "Inxxarssaikka tama mala. I nu asatettaa giddon iitabaa ubbaa oottana danddayees; asatetta ubbaa tunissees. Qassi nu de7uwaa wottaakka taman xuuggees; Gaannabiyaa taman i xuugettana."
    },
    {
        "English Sentences": "For he that will love life, and see good days, let him refrain his tongue from evil, and his lips that they speak no guile:",
        "Wolaitta Sentences": "Aissi giikko, do7atu kafotu zariyaa, tiran gooshettiya shooshshatu zariyaanne abban de7iya meretatu zariyaa ubbaa asi aadissiis; qassi etikka aadidosona."
    },
    {
        "English Sentences": "Let him eschew evil, and do good; let him seek peace, and ensue it.",
        "Wolaitta Sentences": "SHin ooninne inxxarssaa aadissanau danddayibeenna; inxxarssi woriya marzzee kumido woppu geenna iita mereta."
    },
    {
        "English Sentences": "For the eyes of the Lord are over the righteous, and his ears are open unto their prayers: but the face of the Lord is against them that do evil.",
        "Wolaitta Sentences": "Nuuni inxxarssan nu Godaanne Xoossaa galatoos; qassi aanikka Xoossaa leemisuwan merettida asaa qanggoos."
    },
    {
        "English Sentences": "And who is he that will harm you, if ye be followers of that which is good?",
        "Wolaitta Sentences": "Issi doonaappe galatainne qanggettai kiyees. Ta ishatoo, hegee hegaadan hananau bessenna."
    },
    {
        "English Sentences": "But and if ye suffer for righteousness' sake, happy are ye: and be not afraid of their terror, neither be troubled;",
        "Wolaitta Sentences": "Pulttoi issi ollaappe mal77iya haattaanne cammiya haattaa pulttanau danddayii?"
    },
    {
        "English Sentences": "But sanctify the Lord God in your hearts: and be ready always to give an answer to every man that asketh you a reason of the hope that is in you with meekness and fear:",
        "Wolaitta Sentences": "Ta ishatoo, balase giyo mitti wogara aifanau danddayii? Woi woine turi balase giyo mitta aifanau danddayii? Maxine maxine giya haattappekka mal77o haatti kiyana danddayenna."
    },
    {
        "English Sentences": "Having a good conscience; that, whereas they speak evil of you, as of evildoers, they may be ashamed that falsely accuse your good conversation in Christ.",
        "Wolaitta Sentences": "Intte giddon aadhdhida eranchchinne akeekanchchi oonee? Ba lo77o de7uwan oosettida ba oosuwaa ashkketettaaninne aadhdhida eratettan besso."
    },
    {
        "English Sentences": "For it is better, if the will of God be so, that ye suffer for well doing, than for evil doing.",
        "Wolaitta Sentences": "SHin intte wozanan cammiya qanaateenne yiiqee de7ikko, otorettoppite; qassi tumatettaa bollikka worddotoppite."
    },
    {
        "English Sentences": "For Christ also hath once suffered for sins, the just for the unjust, that he might bring us to God, being put to death in the flesh, but quickened by the Spirit:",
        "Wolaitta Sentences": "Hegaa mala aadhdhida eratettai saluwaappe wodhdhiyaagaa gidenna; shin hegee sa7aabaa, asaabaa, xalahetubaa."
    },
    {
        "English Sentences": "By which also he went and preached unto the spirits in prison;",
        "Wolaitta Sentences": "Aissi giikko, qanaateenne yiiqee de7iyoosan ooshshainne iita ooso ubbai de7ees."
    },
    {
        "English Sentences": "Which sometime were disobedient, when once the longsuffering of God waited in the days of Noah, while the ark was a preparing, wherein few, that is, eight souls were saved by water.",
        "Wolaitta Sentences": "SHin bollappe yiya aadhdhida eratettai ubbaappe kase geeshsha. Qassi sarotetta, ashkkenne ero giyaagaa; qassi maarotettinne lo77o aifee kumidoogaa. Sireenne lo77o milatiya iitatetti bainnaagaa."
    },
    {
        "English Sentences": "The like figure whereunto even baptism doth also now save us (not the putting away of the filth of the flesh, but the answer of a good conscience toward God,) by the resurrection of Jesus Christ:",
        "Wolaitta Sentences": "Xillotettaa aifee sarotettaa oottiyaageeti sarotettan zerido zerettaappe beettiis."
    },
    {
        "English Sentences": "Who is gone into heaven, and is on the right hand of God; angels and authorities and powers being made subject unto him.",
        "Wolaitta Sentences": "Olinne ooshshi intte giddo auppe yii? Eti yiidosai intte bollaa giddon olettiya intte ufaittanau gita amuwaa amottiyoogaappe gidennee?"
    },
    {
        "English Sentences": "Forasmuch then as Christ hath suffered for us in the flesh, arm yourselves likewise with the same mind: for he that hath suffered in the flesh hath ceased from sin;",
        "Wolaitta Sentences": "Intte amotteeta; shin demmekketa; hegaa gishshau woreeta. Mintti koyeeta; shin demmanau danddayekketa; hegaa gishshau, ooyetteetanne oletteeta. SHin Xoossaa woossenna gishshau, intte koyiyoobaa demmekketa."
    },
    {
        "English Sentences": "That he no longer should live the rest of his time in the flesh to the lusts of men, but to the will of God.",
        "Wolaitta Sentences": "Xoossaa intte woossiyo wode, intte amuwaa polanau woosseeta; qassi intte qofai iita gidiyo gishshau demmekketa."
    },
    {
        "English Sentences": "For the time past of our life may suffice us to have wrought the will of the Gentiles, when we walked in lasciviousness, lusts, excess of wine, revellings, banquetings, and abominable idolatries:",
        "Wolaitta Sentences": "Simmi shaaramuxiyaageetoo, ha sa7aara dabbotiyoogee Xoossaayyo ixo gidiyoogaa erekketii? Aissi giikko, ha sa7aara dabbotana koyiyai ooninne Xoossaara morkkettees."
    },
    {
        "English Sentences": "Wherein they think it strange that ye run not with them to the same excess of riot, speaking evil of you:",
        "Wolaitta Sentences": "Woi Xoossaa maxaafai, \"Xoossai nunan wottido Ayyaanai wolqqaama amuwaa amottees\" giyoogaa intteyyo coo giyoobaa milatii?"
    },
    {
        "English Sentences": "Who shall give account to him that is ready to judge the quick and the dead.",
        "Wolaitta Sentences": "SHin Xoossai aaro kehatettaa aattidi immees. Hegaa gishshau, Xoossaa maxaafai, \"Xoossai otorettiyaageeta ixxees; shin banttana kaushshiyaageetuyyo aaro kehatettaa immees\" yaagees."
    },
    {
        "English Sentences": "For for this cause was the gospel preached also to them that are dead, that they might be judged according to men in the flesh, but live according to God in the spirit.",
        "Wolaitta Sentences": "Hegaa gishshau, intte Xoossau haarettite. Yaatidi xalahe halaqaa teqqite; i intteppe baqatana."
    },
    {
        "English Sentences": "But the end of all things is at hand: be ye therefore sober, and watch unto prayer.",
        "Wolaitta Sentences": "Xoossaakko shiiqite; ikka inttekko shiiqana. Inttenoo nagaranchchatoo, intte kushiyaa meecettite. Naa77u qofai de7iyoogeetoo, intte wozanaa geeshshite."
    },
    {
        "English Sentences": "And above all things have fervent charity among yourselves: for charity shall cover the multitude of sins.",
        "Wolaitta Sentences": "Tuggatite; kayottitenne yeekkite. Intte miichchaa yeehuwau laammite; intte ufaissaakka kayyuwau laammite."
    },
    {
        "English Sentences": "Use hospitality one to another without grudging.",
        "Wolaitta Sentences": "Godaa sinttan intte huuphiyaa toochchite; qassi i inttena xoqqu xoqqu oottana."
    },
    {
        "English Sentences": "As every man hath received the gift, even so minister the same one to another, as good stewards of the manifold grace of God.",
        "Wolaitta Sentences": "Ta ishatoo, issoi issuwaa zigiroppite. Ba ishaa zigiriyaageenne a bolli pirddiyaagee higgiyaa zigireesinne higgiyaa bolli pirddees. Neeni higgiyaa bolli pirddikko, higgiyaa bolli pirddiyaagaa gidaasappe attin, higgiyau azazettiyaagaa gidakka."
    },
    {
        "English Sentences": "If any man speak, let him speak as the oracles of God; if any man minister, let him do it as of the ability which God giveth: that God in all things may be glorified through Jesus Christ, to whom be praise and dominion for ever and ever. Amen.",
        "Wolaitta Sentences": "Higgiyaa immiyaageenne pirddiyaagee Xoossaa xalaala; i ashshanaunne xaissanau danddayees; shin ne shooruwaa bolli pirddiyaagee neeni oonee?"
    },
    {
        "English Sentences": "Beloved, think it not strange concerning the fiery trial which is to try you, as though some strange thing happened unto you:",
        "Wolaitta Sentences": "Inttenoo, \"Nuuni hachchi woi wontto he katamaa baana; biidi hegan laitta uttana; zal77ananne qassi miishsha worissana\" giyaageetoo, be7ite."
    },
    {
        "English Sentences": "But rejoice, inasmuch as ye are partakers of Christ's sufferings; that, when his glory shall be revealed, ye may be glad also with exceeding joy.",
        "Wolaitta Sentences": "Wontto intte de7oi ai hananaakkonne erekketa; guutta wodiyau intte beettidi, guyyeppe xayiya cuwa mala."
    },
    {
        "English Sentences": "If ye be reproached for the name of Christ, happy are ye; for the spirit of glory and of God resteth upon you: on their part he is evil spoken of, but on your part he is glorified.",
        "Wolaitta Sentences": "Hegaa aggidi, \"Godai giikko, nuuni de7ana; hagaa woi hegaa oottana\" gaanau bessees."
    },
    {
        "English Sentences": "But let none of you suffer as a murderer, or as a thief, or as an evildoer, or as a busybody in other men's matters.",
        "Wolaitta Sentences": "SHin intte ha77i intte gitatettan ceeqqeeta; hegaa mala ceeqo ubbai iita."
    },
    {
        "English Sentences": "Yet if any man suffer as a Christian, let him not be ashamed; but let him glorify God on this behalf.",
        "Wolaitta Sentences": "Hegaa gishshau, lo77obaa oottanau eriiddi oottenna urau hegee nagara."
    },
    {
        "English Sentences": "For the time is come that judgment must begin at the house of God: and if it first begin at us, what shall the end be of them that obey not the gospel of God?",
        "Wolaitta Sentences": "Ha77ikka inttenoo dure asatoo, intte bolli yiya tuggau \"Aayyee! Aayyee!\" yaagidi yeekkitenne zilaalite."
    },
    {
        "English Sentences": "And if the righteous scarcely be saved, where shall the ungodly and the sinner appear?",
        "Wolaitta Sentences": "Intte duretettai moorettiichchiis; qassi intte afalaakka bil77ai mirggiis."
    },
    {
        "English Sentences": "Wherefore let them that suffer according to the will of God commit the keeping of their souls to him in well doing, as unto a faithful Creator.",
        "Wolaitta Sentences": "Intte worqqainne intte birai shiyiichchiis. Qassi he shiyai intte bolli markkattana; intte bollaakka tamadan maana. Intte intte miishshaa wodeyyo dagayideta."
    },
    {
        "English Sentences": "The elders which are among you I exhort, who am also an elder, and a witness of the sufferings of Christ, and also a partaker of the glory that shall be revealed:",
        "Wolaitta Sentences": "Akeekite; intte gaden kattaa cakkida asatuyyo qanxxibeenna keraa miishshai waassees; eta waasoi wolqqaama Godaa haittan siyettiis."
    },
    {
        "English Sentences": "Feed the flock of God which is among you, taking the oversight thereof, not by constraint, but willingly; not for filthy lucre, but of a ready mind;",
        "Wolaitta Sentences": "Intteyyo injjetin, sa7an ishalidi de7ideta; shuha gallassau xiikkiyoogaadan, intte bollaa xiikkideta."
    },
    {
        "English Sentences": "Neither as being lords over God's heritage, but being ensamples to the flock.",
        "Wolaitta Sentences": "Xillo asa bolli pirddideta; qassi a worideta; i inttenaara eqettenna."
    },
    {
        "English Sentences": "And when the chief Shepherd shall appear, ye shall receive a crown of glory that fadeth not away.",
        "Wolaitta Sentences": "Hegaa gishshau, ta ishatoo, Godai yaana gakkanaassi genccite; biittaa goyyiyaagee ofinttaa irainne badhdheesaa irai yaana gakkanaassi genccidi, al77o kattaa i waati naagidi gatti ekkiyaakko be7ite."
    },
    {
        "English Sentences": "Likewise, ye younger, submit yourselves unto the elder. Yea, all of you be subject one to another, and be clothed with humility: for God resisteth the proud, and giveth grace to the humble.",
        "Wolaitta Sentences": "Inttekka qassi genccite; yayyoppite. Aissi giikko, Godaa yuussai matattiis."
    },
    {
        "English Sentences": "Humble yourselves therefore under the mighty hand of God, that he may exalt you in due time:",
        "Wolaitta Sentences": "Ta ishatoo, Xoossai intte bolli pirddenna mala, issoi issuwaa bolli zuuzummoppite. Be7ite, pirddiyaagee penggen eqqiis."
    },
    {
        "English Sentences": "Casting all your care upon him; for he careth for you.",
        "Wolaitta Sentences": "Ta ishatoo, waayessinne genccassi leemiso gididaageeta, Godaa sunttan haasayida hananabaa yootidaageeta hassayite."
    },
    {
        "English Sentences": "Be sober, be vigilant; because your adversary the devil, as a roaring lion, walketh about, seeking whom he may devour:",
        "Wolaitta Sentences": "Be7ite, danddayidi genccidaageeta nuuni anjjettidaageeta geettees. Iyyooba genccaa intte siyideta; qassi Godai ayyo wurssettan immidoogaakka be7ideta. Aissi giikko, Godai maarotainne qaretai kumidoogaa."
    },
    {
        "English Sentences": "Whom resist stedfast in the faith, knowing that the same afflictions are accomplished in your brethren that are in the world.",
        "Wolaitta Sentences": "SHin ubbaappe kase, ta ishatoo, saluwan gidin, woi sa7an gidin, woi hara caaquwan gidin, aibinkka caaqqoppite. SHin Xoossaa pirddan intte gelennaadan, intte yohoi ee giyoobaa gidikko, \"Ee\" giite; chii giyoobaa gidikko, \"CHii\" giite."
    },
    {
        "English Sentences": "But the God of all grace, who hath called us unto his eternal glory by Christ Jesus, after that ye have suffered a while, make you perfect, stablish, strengthen, settle you.",
        "Wolaitta Sentences": "Intte giddon waayettiya urai ooninne de7ikko, Xoossaa woosso; ufaittiya urai ooninne de7ikko, yexxidi galato."
    },
    {
        "English Sentences": "To him be glory and dominion for ever and ever. Amen.",
        "Wolaitta Sentences": "Intteppe sahettiya urai ooninne de7ikko, woosa keettaa cimata baakko xeeso; eti Godaa sunttan zaitiyaa a tiyidi, ayyo Xoossaa woossona."
    },
    {
        "English Sentences": "By Silvanus, a faithful brother unto you, as I suppose, I have written briefly, exhorting, and testifying that this is the true grace of God wherein ye stand.",
        "Wolaitta Sentences": "Ammanuwan Xoossaa woossido woosai hargganchchaa pattana; Godaikka a harggiyaappe denttana; qassi nagara i oottidobaa gidikkokka Godai ayyo atto gaana."
    },
    {
        "English Sentences": "The church that is at Babylon, elected together with you, saluteth you; and so doth Marcus my son.",
        "Wolaitta Sentences": "Hegaa gishshau, intte paxana mala, intte nagaraa issoi issuwaayyo paaxitenne issoi issuwaayyo Xoossaa woossite; xillo asa woosai wolqqaama oosuwaa oottees."
    },
    {
        "English Sentences": "Greet ye one another with a kiss of charity. Peace be with you all that are in Christ Jesus. Amen.",
        "Wolaitta Sentences": "Eelaasi nu mala asa. Irai sa7an bukkennaadan, i minttidi, Xoossaa woossiis; woossin heezzu laittanne usuppun agina sa7an irai bukkibeenna."
    }
]