[
    {
        "English Sentences": "That which was from the beginning, which we have heard, which we have seen with our eyes, which we have looked upon, and our hands have handled, of the Word of life;",
        "Wolaitta Sentences": "Taani Simoon PHeexiroosi, Yesuus Kiristtoosi kiittidoogeenne a ashkkarai, nu Xoossaanne nuna ashshiya Yesuus Kiristtoosa xillotettaa baggaara nuugaa mala al77o ammanuwaa ekkidaageetuyyo ha dabddaabbiyaa xaafais."
    },
    {
        "English Sentences": "(For the life was manifested, and we have seen it, and bear witness, and shew unto you that eternal life, which was with the Father, and was manifested unto us;)",
        "Wolaitta Sentences": "Xoossaanne nu Godaa Yesuusa intte eriyoogan aaro kehatettainne sarotettai intteyyo palahidi gido."
    },
    {
        "English Sentences": "That which we have seen and heard declare we unto you, that ye also may have fellowship with us: and truly our fellowship is with the Father, and with his Son Jesus Christ.",
        "Wolaitta Sentences": "Nuuni Xoossaa bonchchuwaanne lo77otettaa laattana mala, nuna xeesidaagaa nuuni eriyoogan, Xoossaa milatidi de7anau nuna koshshiyaabaa ubbaa Xoossaa wolqqai nuuyyo immiis."
    },
    {
        "English Sentences": "And these things write we unto you, that your joy may be full.",
        "Wolaitta Sentences": "Intte a imuwaa baggaara sa7an de7iya bashshiya amuwaappe kessi ekkanaadaaninne Xoossaa xoossatettaa laattanaadan, i ba immana giido daro wolqqaamanne al77o imuwaa nuuyyo immiis."
    },
    {
        "English Sentences": "This then is the message which we have heard of him, and declare unto you, that God is light, and in him is no darkness at all.",
        "Wolaitta Sentences": "Hegaa gishshau, minnidi intte ammanuwaa bolli lo77otettaa, lo77otettaa bolli eratettaa,"
    },
    {
        "English Sentences": "If we say that we have fellowship with him, and walk in darkness, we lie, and do not the truth:",
        "Wolaitta Sentences": "eratettaa bolli inttena naagiyoogaa, inttena naagiyoogaa bolli genccaa, genccaa bolli Xoossaa milatiyoogaa,"
    },
    {
        "English Sentences": "But if we walk in the light, as he is in the light, we have fellowship one with another, and the blood of Jesus Christ his Son cleanseth us from all sin.",
        "Wolaitta Sentences": "Xoossaa milatiyoogaa bolli ishatettaa siiquwaa, ishatettaa siiquwaa bolli siiquwaa gujjite."
    },
    {
        "English Sentences": "If we say that we have no sin, we deceive ourselves, and the truth is not in us.",
        "Wolaitta Sentences": "Aissi giikko, hageeti intteyyo keehi dariyaabaa gidikko, inttena Godaa Yesuus Kiristtoosa eratettan tishshanne aifeera de7iyaageeta oottana."
    },
    {
        "English Sentences": "If we confess our sins, he is faithful and just to forgive us our sins, and to cleanse us from all unrighteousness.",
        "Wolaitta Sentences": "SHin hegeeti bainna urai ba matan de7iyaabaa xalaalaa demmees; qassi i qooqe; i kase oottido nagarai atto geetettidoogaa erenna."
    },
    {
        "English Sentences": "If we say that we have not sinned, we make him a liar, and his word is not in us.",
        "Wolaitta Sentences": "Hegaa gishshau, ta ishatoo, inttena Xoossai xeesidoogaanne dooridoogaa minttanau, kaseegaappe aadhdhi minnite; aissi giikko, intte hegaa oottiyaabaa gidikko, xubettekketa."
    },
    {
        "English Sentences": "My little children, these things write I unto you, that ye sin not. And if any man sin, we have an advocate with the Father, Jesus Christ the righteous:",
        "Wolaitta Sentences": "Hegaadan qassi nu Godaanne nuna ashshiya Yesuus Kiristtoosa merinaa kawotettaa geliyo kumetta shenee intteyyo imettana."
    },
    {
        "English Sentences": "And he is the propitiation for our sins: and not for ours only, but also for the sins of the whole world.",
        "Wolaitta Sentences": "Hegaa gishshau, intte ha yohota eriyaabaa gidikkokka, qassi intte oiqqido tuman minnidaageeta gidikkokka, taani inttena ha yohota ubba wode hassayissiyoogaa aggikke."
    },
    {
        "English Sentences": "And hereby we do know that we know him, if we keep his commandments.",
        "Wolaitta Sentences": "Taani paxa de7ido keenan, inttena hassayissada qaasettanau koshshiyaabaa tau milatees."
    },
    {
        "English Sentences": "He that saith, I know him, and keepeth not his commandments, is a liar, and the truth is not in him.",
        "Wolaitta Sentences": "Nu Godai Yesuus Kiristtoosi tau qoncciyan yootidoogaadan, taani ha haiqqiya asatettaa gam77ennan qaara olanaagaa erais."
    },
    {
        "English Sentences": "But whoso keepeth his word, in him verily is the love of God perfected: hereby know we that we are in him.",
        "Wolaitta Sentences": "Taani haiqqidoogaappe guyyiyaana gidinkka, intte ha yohota ubba wode qoppanau danddayana mala, tau danddayettidabaa ubbaa oottana."
    },
    {
        "English Sentences": "He that saith he abideth in him ought himself also so to walk, even as he walked.",
        "Wolaitta Sentences": "Nuuni a gita bonchchuwaa be7idi yootoosippe attin, medhdhi ekkido haisiyan nu Godaa Kiristtoosa wolqqaanne yuussaa intteyyo yootibookko."
    },
    {
        "English Sentences": "Brethren, I write no new commandment unto you, but an old commandment which ye had from the beginning. The old commandment is the word which ye have heard from the beginning.",
        "Wolaitta Sentences": "Aissi giikko, daro wolqqaama bonchchuwaappe, \"Taani aani daro ufaittiyo ta siiqo Na7ai hagaa\" yaagiya cenggurssai yiido wode, Xoossaappe, Aawaappe bonchchuwaanne galataa i ekkiis."
    },
    {
        "English Sentences": "Again, a new commandment I write unto you, which thing is true in him and in you: because the darkness is past, and the true light now shineth.",
        "Wolaitta Sentences": "Qassi nuunikka geeshsha deriyaa bollan aara de7iiddi, he cenggurssai saluwaappe yiishin siyida."
    },
    {
        "English Sentences": "He that saith he is in the light, and hateth his brother, is in darkness even until now.",
        "Wolaitta Sentences": "Qassi hegaappe keehi aadhdhiya hananabaa yootiyaageeti haasayido nuna keehi ammanttiya qaalai nuuyyo de7ees; intte he qaalaa naagiyaabaa gidikko loittideta. Aissi giikko, hegee sa7ai wonttana gakkanaassinne maallado xoolinttiyaa poo7oi intte wozanan poo7ana gakkanaassi, xuman poo7iya poo7uwaa mala."
    },
    {
        "English Sentences": "He that loveth his brother abideth in the light, and there is none occasion of stumbling in him.",
        "Wolaitta Sentences": "Ubbaappe kasetidi, hagaa erite; Xoossaa maxaafan xaafettida hananabaa yootidobaa ooninne barkka birshshanau danddayenna."
    },
    {
        "English Sentences": "But he that hateth his brother is in darkness, and walketh in darkness, and knoweth not whither he goeth, because that darkness hath blinded his eyes.",
        "Wolaitta Sentences": "Aissi giikko, hananabaa yootidobi ubbai geeshsha asati Geeshsha Ayyaanai kaalettin, Xoossaa qaalaa haasayidosonappe attin, asa sheniyan haasayettibeenna."
    },
    {
        "English Sentences": "I write unto you, little children, because your sins are forgiven you for his name's sake.",
        "Wolaitta Sentences": "SHin hananabaa yootiya worddoti asaa giddon kase de7iyoogaadan, intte giddonkka wordduwaa tamaarissiyaageeti de7ana. Eti banttana wozida, Ubbaa Haariya Godaa kaddidi, bashshiya worddo timirttiyaa ehaana; qassi eti akeekenna bashshaa bantta bolli ehaana."
    },
    {
        "English Sentences": "I write unto you, fathers, because ye have known him that is from the beginning. I write unto you, young men, because ye have overcome the wicked one. I write unto you, little children, because ye have known the Father.",
        "Wolaitta Sentences": "Qassi daro asai yeellayiya eta iita ogiyaa kaallana; eta gaasuwan tumaa ogee cayettana."
    },
    {
        "English Sentences": "I have written unto you, fathers, because ye have known him that is from the beginning. I have written unto you, young men, because ye are strong, and the word of God abideth in you, and ye have overcome the wicked one.",
        "Wolaitta Sentences": "Wordduwaa tamaarissiya hegeeti miishshau yaaretiyoogan bantta medhdhi ekkido haisiyan inttena bonqqana; beniisappe doommidi, eta pirddai giigi uttiis; eta xaissiyaagee beegottidi naagees."
    },
    {
        "English Sentences": "Love not the world, neither the things that are in the world. If any man love the world, the love of the Father is not in him.",
        "Wolaitta Sentences": "Nagara oottida kiitanchchatuyyo Xoossai qarettennan, pirddaa gallassai gakkanaassi xuma ollan eti qashetti uttido Gaannabiyan yeggiis."
    },
    {
        "English Sentences": "For all that is in the world, the lust of the flesh, and the lust of the eyes, and the pride of life, is not of the Father, but is of the world.",
        "Wolaitta Sentences": "Xoossai nagaranchchatu bolli bashshaa haattaa yeddiisippe attin, beni asau kehibeenna; shin xillotettaabaa yootida Nohanne hara laappun asata ashshiis."
    },
    {
        "English Sentences": "And the world passeth away, and the lust thereof: but he that doeth the will of God abideth for ever.",
        "Wolaitta Sentences": "Xoossai Sadoomanne Gamoora giyo katamata biitta bidintta oottidi, xuuggi xaissidi, nagaranchcha gidiyaageeta gakkanabau leemiso oottiis."
    },
    {
        "English Sentences": "Little children, it is the last time: and as ye have heard that antichrist shall come, even now are there many antichrists; whereby we know that it is the last time.",
        "Wolaitta Sentences": "Higgiyau azazettenna shaaramuxiya asatu giddon tuggatidi de7iya xillo Looxa Xoossai ashshiis."
    },
    {
        "English Sentences": "They went out from us, but they were not of us; for if they had been of us, they would no doubt have continued with us: but they went out, that they might be made manifest that they were not all of us.",
        "Wolaitta Sentences": "He lo77o bitanee eta giddon de7iiddi, eti oottiyo iita oosuwaa gallassi gallassi be7ido wodenne siyido wode a lo77o wozanai un77ettiis."
    },
    {
        "English Sentences": "But ye have an unction from the Holy One, and ye know all things.",
        "Wolaitta Sentences": "Hegaa gidikko, Godai Xoossau goinniya asata paaciyaappe waati ashshanaakko erees; nagaranchchata qassi ubbaappe aattidi, tuna amuwan ashuwaa amuwaa kaalliyaageetanne qassi Xoossaa wolqqaa kariyaageeta, pirddaa gallassai gakkanaassi Godai qaxxayiiddi wottanaagaakka erees."
    },
    {
        "English Sentences": "I have not written unto you because ye know not the truth, but because ye know it, and that no lie is of the truth.",
        "Wolaitta Sentences": "Wordduwaa tamaarissiya hegeeti xalanne otoranchcha gididoogan, bollan de7iya bonchcho meretaa cayoosonappe attin, bonchchokkona."
    },
    {
        "English Sentences": "Who is a liar but he that denieth that Jesus is the Christ? He is antichrist, that denieth the Father and the Son.",
        "Wolaitta Sentences": "He asatuppe daro minonne wolqqaama gidiya kiitanchchatikka bollan de7iya bonchcho meretaa Godaa sinttan cashshan mootanau koyokkona."
    },
    {
        "English Sentences": "Whosoever denieth the Son, the same hath not the Father: he that acknowledgeth the Son hath the Father also.",
        "Wolaitta Sentences": "SHin he asati ohettidi xayanau yelettida bantta meretan wozanai bainna woraa do7atudan hanoosona; eti erennabaa cayoosona; qassi woraa do7adan, eti coo xayana."
    },
    {
        "English Sentences": "Let that therefore abide in you, which ye have heard from the beginning. If that which ye have heard from the beginning shall remain in you, ye also shall continue in the Son, and in the Father.",
        "Wolaitta Sentences": "Eti bantta medhdhido metuwan metootana; gallassi yexxidi duriyoogaa ufaissiyaabaa giidi qoppoosona; eti kaushshatanne tunata gidi uttidi, inttenaara miyo qumaa meettan ufaittoosona."
    },
    {
        "English Sentences": "And this is the promise that he hath promised us, even eternal life.",
        "Wolaitta Sentences": "SHaaramuxa maccaasaa xeelliyoogaa aggenna aifee etau de7ees; qassi nagara oottiyoogaakka aggokkona. Ammanuwan minnibeenna asaa cimmoosona. Amuwaara meezetida wozanai etau de7ees; eti qanggettidaageeta."
    },
    {
        "English Sentences": "These things have I written unto you concerning them that seduce you.",
        "Wolaitta Sentences": "Sitta ogiyaa aggidi balidosona. Bi7oora na7aa Balaama ogiyaara biidosona; Balaami makkalan miishshaa ekkanau koyiis."
    },
    {
        "English Sentences": "But the anointing which ye have received of him abideth in you, and ye need not that any man teach you: but as the same anointing teacheth you of all things, and is truth, and is no lie, and even as it hath taught you, ye shall abide in him.",
        "Wolaitta Sentences": "I hananabaa yootiyaagaa; shin a nagaraa gishshau, a haree asadan haasayan seeridi, a gooshsha mala hanuwaappe a teqqiis."
    },
    {
        "English Sentences": "And now, little children, abide in him; that, when he shall appear, we may have confidence, and not be ashamed before him at his coming.",
        "Wolaitta Sentences": "He asati meliichchida pulttuwaa mala; qassi gotee tookkidi efiyo shaaraa mala; Xoossai etau sakkana xumaa giigissi uttiis."
    },
    {
        "English Sentences": "If ye know that he is righteous, ye know that every one that doeth righteousness is born of him.",
        "Wolaitta Sentences": "Aissi giikko, eti hadanne otoro haasayaa hasayoosona; balan de7iya asaappe kessi ekkiyaageeta shaaramuxanau qaaqqatiyo amuwan cimmoosona."
    },
    {
        "English Sentences": "Behold, what manner of love the Father hath bestowed upon us, that we should be called the sons of God: therefore the world knoweth us not, because it knew him not.",
        "Wolaitta Sentences": "Eti banttau bashsha amuwaara de7iiddi eta, \"Intte ailletettaappe kiyana\" yaagoosona; aissi giikko, issi asi bana xoonidabau aibaunne aille."
    },
    {
        "English Sentences": "Beloved, now are we the sons of God, and it doth not yet appear what we shall be: but we know that, when he shall appear, we shall be like him; for we shall see him as he is.",
        "Wolaitta Sentences": "Eti nu Godaanne nuna ashshiya Yesuus Kiristtoosa eratettan ha sa7aa tunatettaappe kessi ekkidoogaappe guyyiyan, guyye simmidi, aani xubettidi xoonettiyaabaa gidikko, kase de7iyo de7uwaappe guyyeegee etau iitana."
    },
    {
        "English Sentences": "And every man that hath this hope in him purifieth himself, even as he is pure.",
        "Wolaitta Sentences": "Aissi giikko, etau imettida geeshsha azazuwaa eridi aggiyoogaappe eti xillotettaa ogiyaa erennan aggiyaakko lo77o shin."
    },
    {
        "English Sentences": "Whosoever committeth sin transgresseth also the law: for sin is the transgression of the law.",
        "Wolaitta Sentences": "\"Kanai ba cooshshaakko guyye simmees\" giyo leemisoinne qassi, \"Meecettida gudunttai guyye simmidi, urqqan gonddorettees\" giyo leemisoi tuma gidiyoogaa eta gakkidabai bessees."
    },
    {
        "English Sentences": "And ye know that he was manifested to take away our sins; and in him is no sin.",
        "Wolaitta Sentences": "Ta siiqotoo, hagee taani intteyyo xaafido naa77antto dabddaabbiyaa; taani he naa77u dabddaabbetakka intte suure qofaa qoppanaadan denttettanau inttena hassayissanaadan xaafaas."
    },
    {
        "English Sentences": "Whosoever abideth in him sinneth not: whosoever sinneth hath not seen him, neither known him.",
        "Wolaitta Sentences": "Hananabaa yootiya geeshshati beni yootido qaalaa intte hassayana malanne Godai inttena ashshiyaagee, ba kiittidoogeetu baggaara inttena azazido azazuwaa intte hassayana mala koyais."
    },
    {
        "English Sentences": "Little children, let no man deceive you: he that doeth righteousness is righteous, even as he is righteous.",
        "Wolaitta Sentences": "Wodiyaa wurssettan, asa toochchiya bantta amuwaadan de7iyaageeti asa toochchiiddi denddanaagaa ubbaappe kasetidi erite."
    },
    {
        "English Sentences": "He that committeth sin is of the devil; for the devil sinneth from the beginning. For this purpose the Son of God was manifested, that he might destroy the works of the devil.",
        "Wolaitta Sentences": "Eti, \"I Yaana yaagiis. Gibeennee? Yaatin awan de7ii? Aissi giikko, nu aawati haiqqiichchidosona; shin ubbabaikka sa7ai merettoosappe doommidi de7iyoogaadankka de7ees\" yaagana."
    },
    {
        "English Sentences": "Whosoever is born of God doth not commit sin; for his seed remaineth in him: and he cannot sin, because he is born of God.",
        "Wolaitta Sentences": "Daro wodiyaappe kase Xoossai haasayin, saloinne sa7ai merettidoogaa eridi, eti akeekennan ixxidosona. Sa7ai haattaappenne haattan merettiis."
    },
    {
        "English Sentences": "In this the children of God are manifest, and the children of the devil: whosoever doeth not righteousness is not of God, neither he that loveth not his brother.",
        "Wolaitta Sentences": "Qassi hegaa gaasuwan, he wode de7iya sa7ai he haattan meetetti xayiis."
    },
    {
        "English Sentences": "For this is the message that ye heard from the beginning, that we should love one another.",
        "Wolaitta Sentences": "SHin ha77i de7iya saloinne sa7ai, Xoossau goinnenna asati pirddettiyo gallassainne xayiyo gallassai gakkanaassi takkidi, he qaalan tamaa naagoosona."
    },
    {
        "English Sentences": "Not as Cain, who was of that wicked one, and slew his brother. And wherefore slew he him? Because his own works were evil, and his brother's righteous.",
        "Wolaitta Sentences": "SHin ta siiqotoo, ha issi yohiyo dogoppite; Godaa matan, issi gallassai sha7u gallassa mala gidiyoogaanne, qassi sha7u gallassai issi gallassa mala gidiyoogaa dogoppite."
    },
    {
        "English Sentences": "Marvel not, my brethren, if the world hate you.",
        "Wolaitta Sentences": "Issooti issooti qoppiyoogaadan, Godai ba oottana giidoogaa oottanau takkenna; shin ooninne ba nagaraappe simmanaadan koyeesippe attin, ooninne xayana mala koyenna gishshau, inttebaa genccees."
    },
    {
        "English Sentences": "We know that we have passed from death unto life, because we love the brethren. He that loveth not his brother abideth in death.",
        "Wolaitta Sentences": "SHin Godaa gallassai kaisodan yaana. He gallassi saloti wolqqaama gunttan Xayana; saluwaa meretati wolqqaama mishuwan seerana; sa7ainne a bollan de7iya ubbabai xayana."
    },
    {
        "English Sentences": "Whosoever hateth his brother is a murderer: and ye know that no murderer hath eternal life abiding in him.",
        "Wolaitta Sentences": "Ubbabaikka hegaadan xayiyaabaa gidikko, intte ai mala asa gidanau bessii? Intte de7oi geeshshanne Xoossaa milatiyaagaa gidanau koshshees."
    },
    {
        "English Sentences": "Hereby perceive we the love of God, because he laid down his life for us: and we ought to lay down our lives for the brethren.",
        "Wolaitta Sentences": "Intte Xoossaa gallassaa naagishin, he gallassai eesuwan gakkanaadan, intteyyo danddayettiyaabaa oottite; he gallassi saloti xuugettidi xayananne saluwaa meretatikka wolqqaama mishuwan seerana."
    },
    {
        "English Sentences": "But whoso hath this world's good, and seeth his brother have need, and shutteth up his bowels of compassion from him, how dwelleth the love of God in him?",
        "Wolaitta Sentences": "SHin nuuni Xoossai immana giido ooratta saluwaanne ooratta sa7aa xilloi de7anasaa naagoos."
    },
    {
        "English Sentences": "My little children, let us not love in word, neither in tongue; but in deed and in truth.",
        "Wolaitta Sentences": "Hegaa gishshau, ta siiqotoo, he gallassaa naagiiddi, pokkoinne boree bainnaageeta gididi, aara sarotettan de7ana mala minnite."
    },
    {
        "English Sentences": "And hereby we know that we are of the truth, and shall assure our hearts before him.",
        "Wolaitta Sentences": "Godaa danddayai atotettaa gidiyoogaa intte wozanan qoppite; hegaadan qassi nu siiqo ishai PHauloosi, Xoossai bau immido aadhdhida eratettan intteyyo xaafiis."
    },
    {
        "English Sentences": "For if our heart condemn us, God is greater than our heart, and knoweth all things.",
        "Wolaitta Sentences": "Ba xaafiyo dabddaabbe ubban, he yohuwaabaa xaafiyo wode, i giyoogee hagaa. Tamaaribeenna asatinne minnibeenna asati Xoossaa maxaafata harata geellayiyoogaadankka, he dabddaabbiyaa giddon de7iya akeekanau waayissiya yohuwaa geellayoosona. Eti hegaa oottiyoogan bantta bolli bashshaa ehoosona."
    },
    {
        "English Sentences": "Beloved, if our heart condemn us not, then have we confidence toward God.",
        "Wolaitta Sentences": "Hegaa gishshau, ta siiqotoo, intte hegaa eriyo gishshau, makkalanchchatu balan cimettidi, wora beenna malanne, qassi minnidi de7iyo sohuwaappe kunddenna mala naagettite."
    },
    {
        "English Sentences": "And whatsoever we ask, we receive of him, because we keep his commandments, and do those things that are pleasing in his sight.",
        "Wolaitta Sentences": "SHin intte nu Godaa, nuna ashshiya Yesuus Kiristtoosa aaro kehatettaaninne eratettan diccite. A ha77inne merinaa gallassai gakkanaassi galatai gakko. Amin77i."
    }
]