[
    {
        "English Sentences": "The elder unto the elect lady and her children, whom I love in the truth; and not I only, but also all they that have known the truth;",
        "Wolaitta Sentences": "Nuuni koiroosappe doommidi de7iya, nu aifiyan be7idi, nu kushiyan a bochchi be7ido de7uwaa qaalaabaa intteyyo xaafoos. Nuuni a be7ida; nu kusheekka a bochchi be7iis."
    },
    {
        "English Sentences": "For the truth's sake, which dwelleth in us, and shall be with us for ever.",
        "Wolaitta Sentences": "He de7oi qonccin, nuuni a be7idi, abaa intteyyo markkattoos; qassi Aawaa matan de7iya nuuyyo qonccida merinaa de7uwaabaa intteyyo yootoos."
    },
    {
        "English Sentences": "Grace be with you, mercy, and peace, from God the Father, and from the Lord Jesus Christ, the Son of the Father, in truth and love.",
        "Wolaitta Sentences": "Qassi nunaara intteyyo issippetettai de7ana mala, nuuni be7idoogaanne siyidoogaa intteyyo yootoos; nuuyyo Aawaaranne a Na7aa Yesuus Kiristtoosaara issippetettai de7ees."
    },
    {
        "English Sentences": "I rejoiced greatly that I found of thy children walking in truth, as we have received a commandment from the Father.",
        "Wolaitta Sentences": "Nuuni nu ufaissai polettana mala, hagaa intteyyo xaafoos."
    },
    {
        "English Sentences": "And now I beseech thee, lady, not as though I wrote a new commandment unto thee, but that which we had from the beginning, that we love one another.",
        "Wolaitta Sentences": "Nuuni appe siyidi, intteyyo yootiyo kiitai, \"Xoossai poo7o; aani xumi mulekka baawa\" yaagiyaagaa."
    },
    {
        "English Sentences": "And this is love, that we walk after his commandments. This is the commandment, That, as ye have heard from the beginning, ye should walk in it.",
        "Wolaitta Sentences": "Nuuni nuuyyo aara issippetettai de7ees giidi xuman de7ikko, nu haasayaaninne nu oosuwan worddotoos."
    },
    {
        "English Sentences": "For many deceivers are entered into the world, who confess not that Jesus Christ is come in the flesh. This is a deceiver and an antichrist.",
        "Wolaitta Sentences": "SHin poo7uwan i de7iyoogaadan, nuunikka poo7uwan de7ikko, nuuyyo issuwau issuwaara issippetettai de7ees; qassi a Na7aa, Yesuus Kiristtoosa suuttai nagara ubbaappe nuna ashshees."
    },
    {
        "English Sentences": "Look to yourselves, that we lose not those things which we have wrought, but that we receive a full reward.",
        "Wolaitta Sentences": "Nuuni nunan nagari baawa giikko, nurkka nuna cimmoos; nunan tumatettikka baawa."
    },
    {
        "English Sentences": "Whosoever transgresseth, and abideth not in the doctrine of Christ, hath not God. He that abideth in the doctrine of Christ, he hath both the Father and the Son.",
        "Wolaitta Sentences": "SHin nuuni Xoossau nu nagaraa paaxikko, i nu nagaraa atto gaanaunne nu mooro ooso ubbaappe nuna geeshshanau, ammanttiyaagaanne tumubaa oottiyaagaa."
    },
    {
        "English Sentences": "If there come any unto you, and bring not this doctrine, receive him not into your house, neither bid him God speed:",
        "Wolaitta Sentences": "Nuuni nagara oottibookko giikko, Xoossaa worddanchcha kessoos; a qaalaikka nunan de7enna."
    },
    {
        "English Sentences": "For he that biddeth him God speed is partaker of his evil deeds.",
        "Wolaitta Sentences": "Ta naatoo, nagara intte oottennaadan, taani hagaa intteyyo xaafais; shin ooninne nagara oottikko, Aawaa matan nuuyyo gaannatiya Yesuus Kiristtoosi, Xilloi, de7ees."
    },
    {
        "English Sentences": "Having many things to write unto you, I would not write with paper and ink: but I trust to come unto you, and speak face to face, that our joy may be full.",
        "Wolaitta Sentences": "Qassi nuuni nu nagaraa atto geetettaa Kiristtoosa baggaara demmeettees; Kiristtoosi yarshshettidoogee asa ubbaa nagaraassappe attin, nu nagaraa xalaalaassa gidenna."
    },
    {
        "English Sentences": "The children of thy elect sister greet thee. Amen.",
        "Wolaitta Sentences": "Nuuni Xoossaa azazuwaa naagikko, tumu a eriyoogaa hegan shaakkanau danddayoos."
    }
]