[
    {
        "English Sentences": "The elder unto the wellbeloved Gaius, whom I love in the truth.",
        "Wolaitta Sentences": "Taani cimai, intteyyo doorettida godatteeyyoonne ne naatuyyo ha dabddaabbiyaa xaafais; nu giddon de7iya qassi nunaara merinau de7ana tumatettaa gishshau, taani inttena tumu siiqais."
    },
    {
        "English Sentences": "Beloved, I wish above all things that thou mayest prosper and be in health, even as thy soul prospereth.",
        "Wolaitta Sentences": "Qassi ta xalaala gidennan, tumatettaa eriya ubbati inttena siiqoosona."
    },
    {
        "English Sentences": "For I rejoiced greatly, when the brethren came and testified of the truth that is in thee, even as thou walkest in the truth.",
        "Wolaitta Sentences": "Xoossaa nu Aawaa aaro kehatettai, maarotettainne sarotettai a Na7aa Yesuus Kiristtoosa aaro kehatettai, maarotettainne sarotettai tumatettaaninne siiquwan nunaara issippe gido."
    },
    {
        "English Sentences": "I have no greater joy than to hear that my children walk in truth.",
        "Wolaitta Sentences": "Xoossai, Aawai nuna azazidoogaadan, ne naatuppe amaridaageeti, tumatettan de7iyoogaa be7ada taani daro ufaittaas."
    },
    {
        "English Sentences": "Beloved, thou doest faithfully whatsoever thou doest to the brethren, and to strangers;",
        "Wolaitta Sentences": "Siiqo godattee, ha77ikka nuuni ubbai issoi issuwaara siiqettana mala, taani nena woossais; ha azazoi kaseesappe nunaara de7iya azazoppe attin, taani neeyyo ooratta azazo xaafikke."
    },
    {
        "English Sentences": "Which have borne witness of thy charity before the church: whom if thou bring forward on their journey after a godly sort, thou shalt do well:",
        "Wolaitta Sentences": "Siiquwaa giyoogee nuuni Xoossaa azazuwaa naagiiddi de7iyoogaa giyoogaa. Qassi koiroosappe intte siyidoogaadankka, a azazoi aibee giikko, intte ubbai siiquwan de7anaagaa."
    },
    {
        "English Sentences": "Because that for his name's sake they went forth, taking nothing of the Gentiles.",
        "Wolaitta Sentences": "Aissi giikko, Yesuus Kiristtoosi asa gididi yiidoogaa ammanokko giyaageeti, balettiya daro asati, dere giddo gelidosona. Hegaa mala urai ooninne asa balettiyaagaanne Kiristtoosa morkkiyaa."
    },
    {
        "English Sentences": "We therefore ought to receive such, that we might be fellowhelpers to the truth.",
        "Wolaitta Sentences": "Intte oottidoogau kumetta woituwaa ekkanaappe attin, intte oottidoogaa bashshenna mala, inttena naagite."
    },
    {
        "English Sentences": "I wrote unto the church: but Diotrephes, who loveth to have the preeminence among them, receiveth us not.",
        "Wolaitta Sentences": "Kiristtoosa timirttiyaappe haakkiya uraunne qassi a timirttiyan de7enna urau Xoossai baawa. Kiristtoosa timirttiyan de7iya uraayyo Aawainne Na7ai de7oosona."
    },
    {
        "English Sentences": "Wherefore, if I come, I will remember his deeds which he doeth, prating against us with malicious words: and not content therewith, neither doth he himself receive the brethren, and forbiddeth them that would, and casteth them out of the church.",
        "Wolaitta Sentences": "Ooninne inttekko yiidi, ha timirttiyaa eheennan aggikko, intte soo a gelissoppite; sarokka gooppite."
    },
    {
        "English Sentences": "Beloved, follow not that which is evil, but that which is good. He that doeth good is of God: but he that doeth evil hath not seen God.",
        "Wolaitta Sentences": "Aissi giikko, a saro giya urai a iita oosuwaa aara shaakkees."
    },
    {
        "English Sentences": "Demetrius hath good report of all men, and of the truth itself: yea, and we also bear record; and ye know that our record is true.",
        "Wolaitta Sentences": "Taani intteyyo xaafanau koyido darobai de7ees; shin woraqataaninne qalamiyan xaafanau koyabeikke; shin nu ufaissai polettana mala, inttenaara doonan haasayanau inttekko baana gaada qoppais."
    },
    {
        "English Sentences": "I had many things to write, but I will not with ink and pen write unto thee:",
        "Wolaitta Sentences": "Xoossai doorido ne michchee naati nena saro saro yaagoosona."
    }
]