[
    {
        "English Sentences": "James, a servant of God and of the Lord Jesus Christ, to the twelve tribes which are scattered abroad, greeting.",
        "Wolaitta Sentences": "Taani cimai, tumu siiqiyo ta siiquwaa Gaayoosayyo ha dabddaabbiyaa xaafais."
    },
    {
        "English Sentences": "My brethren, count it all joy when ye fall into divers temptations;",
        "Wolaitta Sentences": "Ta siiquwau, neeni ayyaanan lo77o gidiyoogaa taani eriyoogaadan, nena aibinne waissenna malanne qassi neeni payya de7ana mala, Xoossaa woossais."
    },
    {
        "English Sentences": "Knowing this, that the trying of your faith worketh patience.",
        "Wolaitta Sentences": "Aissi giikko, amarida ishantti yiidi, ubba wode neeni tumatettan de7iyoogaanne ne tumatettaabaa markkattido wode, taani daro ufaittaas."
    },
    {
        "English Sentences": "But let patience have her perfect work, that ye may be perfect and entire, wanting nothing.",
        "Wolaitta Sentences": "Ta naati tumatettan de7iyoogaa siyiyoogaappe aadhdhidi, tana ufaissiyaabi baawa."
    },
    {
        "English Sentences": "If any of you lack wisdom, let him ask of God, that giveth to all men liberally, and upbraideth not; and it shall be given him.",
        "Wolaitta Sentences": "Ta siiquwau, nu ishantti imatta gidikkokka, neeni etayyo oottiyo ooso ubban ammanettida ooso oottaasa."
    },
    {
        "English Sentences": "But let him ask in faith, nothing wavering. For he that wavereth is like a wave of the sea driven with the wind and tossed.",
        "Wolaitta Sentences": "Qassi eti ne siiquwaabaa woosa keettan markkattidosona; eti biyo ogiyan Xoossai dosiyoogaadan, neeni eta maaddikko, lo77obaa oottaasa."
    },
    {
        "English Sentences": "For let not that man think that he shall receive any thing of the Lord.",
        "Wolaitta Sentences": "Aissi giikko, Xoossaa ammanennaageetuppe ainne ekkennan, Kiristtoosa sunttaa gishshau kiyidosona."
    },
    {
        "English Sentences": "A double minded man is unstable in all his ways.",
        "Wolaitta Sentences": "Hegaa gishshau, nuuni tumatettaa etaara issippe oottana mala, hageetu mala asata maaddanau bessees."
    },
    {
        "English Sentences": "Let the brother of low degree rejoice in that he is exalted:",
        "Wolaitta Sentences": "Taani woosa keettaayyo dabddaabbiyaa xaafaas; shin eta halaqa gidanau koyiya Diyotirefeesi nuuni giyoogaa ekkenna."
    },
    {
        "English Sentences": "But the rich, in that he is made low: because as the flower of the grass he shall pass away.",
        "Wolaitta Sentences": "Hegaa gishshau, taani yaa biyo wode, i nu bollan haasayiyo iita haasayaanne i oottido oosuwaa intteyyo yootana; qassi i hegee guuxxiis giidi, nu ishantti yiyo wode mokkenna; harai atto eta mokkanau koyiyaageetakka diggidi, woosa keettaappe kessees."
    },
    {
        "English Sentences": "For the sun is no sooner risen with a burning heat, but it withereth the grass, and the flower thereof falleth, and the grace of the fashion of it perisheth: so also shall the rich man fade away in his ways.",
        "Wolaitta Sentences": "Ta siiquwau, lo77obaappe attin, iitabaa milatoppa. Lo77obaa oottiya ooninne Xoossaa asa; shin iitabaa oottiya ooninne Xoossaa be7ibeenna."
    },
    {
        "English Sentences": "Blessed is the man that endureth temptation: for when he is tried, he shall receive the crown of life, which the Lord hath promised to them that love him.",
        "Wolaitta Sentences": "Dimexiroosi lo77o gidiyoogaa asai ubbai markkattees; tumatettai ba huuphenkka abaa markkattees. Nuunikka qassi abaa markkattoos; nu markkatettai tuma gidiyoogaa inttekka ereeta."
    },
    {
        "English Sentences": "Let no man say when he is tempted, I am tempted of God: for God cannot be tempted with evil, neither tempteth he any man:",
        "Wolaitta Sentences": "Taani neeyyo xaafanau koyido darobai de7ees; shin qalamiyaaninne biiriyan xaafanau koyikke."
    },
    {
        "English Sentences": "But every man is tempted, when he is drawn away of his own lust, and enticed.",
        "Wolaitta Sentences": "SHin taani matan nenaara gaittanau qoppais; he wode nuuni gaittidi haasayana. Sarotettai nenaara gido. Ne dabboti nena saro saro yaagoosona. Nu dabbota ubbaa eta sunttaa sunttaa xeesada, tana saro saro giis yaaga."
    }
]